date,T2M_MAX,T2M_MIN,T2M,RH2M,WS10M,ALLSKY_SFC_SW_DWN,PRECTOTCORR
1991-01-01,29.2,23.1,25.2,89,1.19,14.34,7.80
1991-01-02,27.5,23.0,24.7,90,0.84,11.71,12.90
1991-01-03,30.1,22.9,25.9,85,1.16,18.41,2.90
1991-01-04,30.5,23.6,26.2,84,1.77,20.31,10.20
1991-01-05,29.3,23.2,25.7,86,1.27,16.82,8.60
1991-01-06,30.7,23.6,26.6,82,1.29,20.40,6.60
1991-01-07,27.0,23.0,24.5,91,1.03,8.88,18.60
1991-01-08,28.2,22.5,24.8,88,1.00,12.42,14.80
1991-01-09,29.9,22.9,26.2,82,1.10,19.99,1.00
1991-01-10,30.9,23.3,26.4,82,1.69,21.62,4.00
1991-01-11,30.4,23.6,26.5,80,1.82,21.85,0.60
1991-01-12,29.3,24.6,26.4,82,1.38,13.50,1.50
1991-01-13,25.4,23.3,24.2,93,1.61,6.75,19.50
1991-01-14,27.7,22.9,24.6,91,1.54,11.35,30.10
1991-01-15,27.5,22.9,24.7,90,1.12,8.82,5.90
1991-01-16,28.5,23.5,25.6,85,0.95,11.46,4.10
1991-01-17,25.8,23.2,24.1,92,1.36,5.65,36.50
1991-01-18,28.3,23.0,25.1,88,1.33,14.18,5.60
1991-01-19,27.4,22.4,24.7,87,1.32,12.73,2.40
1991-01-20,26.8,22.2,24.3,89,1.42,11.29,6.90
1991-01-21,28.9,22.7,24.9,86,1.06,16.29,6.10
1991-01-22,29.2,22.2,24.9,86,1.26,17.58,4.90
1991-01-23,26.6,22.5,24.3,90,1.00,10.60,8.60
1991-01-24,29.6,22.1,25.1,86,1.43,20.77,5.50
1991-01-25,28.9,22.6,25.4,87,1.21,17.18,2.10
1991-01-26,28.3,22.4,25.5,85,1.30,15.61,7.30
1991-01-27,30.4,22.6,26.2,84,1.43,22.54,2.30
1991-01-28,29.6,23.0,26.1,84,1.63,15.83,2.10
1991-01-29,29.1,23.0,25.2,86,1.02,13.89,3.80
1991-01-30,25.0,23.2,24.0,92,1.30,7.51,26.30
1991-01-31,28.6,22.7,25.0,89,1.02,12.78,6.20
1991-02-01,28.4,22.8,25.1,87,1.09,15.35,6.60
1991-02-02,27.4,22.7,24.5,90,1.24,11.67,2.80
1991-02-03,28.5,21.7,24.4,87,0.91,14.29,6.90
1991-02-04,28.0,22.3,24.7,86,1.44,15.42,2.60
1991-02-05,29.1,22.5,25.1,85,1.51,14.82,4.10
1991-02-06,29.5,22.3,25.4,86,1.03,19.39,4.00
1991-02-07,30.1,23.1,25.9,85,2.00,20.00,4.30
1991-02-08,29.3,23.4,25.7,84,1.77,18.12,4.50
1991-02-09,30.5,23.0,26.2,83,2.33,19.35,2.90
1991-02-10,30.7,22.8,26.4,83,1.70,19.24,2.10
1991-02-11,31.2,23.5,27.0,85,1.04,22.68,1.00
1991-02-12,31.3,23.5,27.4,85,1.57,23.80,0.50
1991-02-13,30.3,24.1,26.7,82,1.45,17.58,2.10
1991-02-14,29.3,23.8,26.0,84,1.17,16.11,3.20
1991-02-15,31.1,22.9,26.6,82,1.15,23.28,0.60
1991-02-16,29.5,24.0,26.4,85,1.23,16.97,5.30
1991-02-17,29.1,23.5,25.4,88,1.38,14.37,9.00
1991-02-18,27.8,23.0,24.6,89,1.14,14.36,32.80
1991-02-19,28.6,22.7,25.2,87,0.88,16.88,2.90
1991-02-20,29.4,22.6,25.6,85,1.51,18.19,3.00
1991-02-21,30.0,23.1,26.0,84,1.92,19.36,4.10
1991-02-22,30.9,23.1,26.6,83,1.69,22.90,0.70
1991-02-23,30.6,23.2,26.4,84,1.40,20.85,4.30
1991-02-24,30.0,23.7,26.2,85,1.98,18.08,9.40
1991-02-25,30.7,23.0,26.4,83,1.60,19.64,2.10
1991-02-26,28.4,23.9,25.7,86,1.86,12.59,10.10
1991-02-27,29.5,23.2,25.6,86,1.85,15.77,6.20
1991-02-28,29.6,23.1,25.8,87,1.19,18.08,7.40
1991-03-01,28.9,22.9,25.6,87,1.46,15.18,4.60
1991-03-02,28.9,23.0,25.0,90,1.31,16.50,16.90
1991-03-03,29.1,22.9,25.4,87,1.11,18.14,20.00
1991-03-04,28.6,22.8,24.5,91,1.63,12.14,22.80
1991-03-05,30.3,22.5,25.9,81,2.14,21.84,0.30
1991-03-06,30.4,23.6,26.2,82,2.08,19.43,3.30
1991-03-07,30.2,22.8,26.2,83,1.36,19.52,3.00
1991-03-08,30.6,22.9,25.8,86,1.26,18.81,4.50
1991-03-09,29.7,23.0,25.7,85,1.38,16.57,2.30
1991-03-10,29.4,22.8,25.6,86,1.99,16.06,0.60
1991-03-11,30.1,23.3,25.9,85,1.79,18.58,4.00
1991-03-12,30.3,23.1,26.0,85,1.78,19.82,5.00
1991-03-13,29.4,23.2,25.4,88,1.37,15.56,10.90
1991-03-14,28.9,22.9,24.9,89,1.37,14.27,13.50
1991-03-15,27.0,23.0,24.4,91,1.06,9.15,11.00
1991-03-16,28.8,22.8,25.4,86,1.96,16.59,4.20
1991-03-17,28.6,22.8,25.1,88,1.68,13.33,7.40
1991-03-18,27.7,22.8,24.8,88,1.62,11.63,7.60
1991-03-19,28.5,22.9,25.3,85,1.68,13.67,2.00
1991-03-20,30.5,22.9,26.5,82,1.91,22.20,1.00
1991-03-21,31.0,23.6,27.0,82,1.77,21.55,0.70
1991-03-22,30.5,23.8,26.8,82,1.49,21.35,0.80
1991-03-23,28.8,23.9,25.9,83,1.55,13.58,3.80
1991-03-24,28.3,22.8,25.1,87,1.00,14.52,6.60
1991-03-25,28.2,22.7,25.2,88,1.08,13.59,16.90
1991-03-26,28.6,23.0,25.3,88,0.88,12.70,4.60
1991-03-27,28.6,23.0,24.9,88,1.43,11.83,11.50
1991-03-28,25.1,22.3,23.3,94,1.97,7.43,19.40
1991-03-29,26.0,21.4,23.5,87,1.04,10.70,6.00
1991-03-30,28.7,22.4,25.2,84,1.30,16.19,0.40
1991-03-31,28.5,22.5,25.1,89,0.84,16.17,11.50
1991-04-01,27.6,22.8,24.2,91,1.31,11.52,7.90
1991-04-02,29.8,22.0,25.1,87,0.96,16.88,3.80
1991-04-03,28.0,22.1,25.0,87,2.10,15.28,1.10
1991-04-04,29.8,22.2,25.8,85,1.74,19.12,0.50
1991-04-05,29.1,23.0,25.5,86,1.93,17.75,6.20
1991-04-06,29.2,22.6,25.5,87,1.51,15.06,0.60
1991-04-07,30.0,22.9,26.2,84,1.66,19.29,0.20
1991-04-08,30.5,23.1,26.4,83,1.86,22.69,1.30
1991-04-09,30.4,23.2,26.0,82,1.65,20.57,1.80
1991-04-10,28.0,22.5,25.3,87,1.38,12.84,1.50
1991-04-11,28.4,22.7,25.1,88,1.36,15.83,7.30
1991-04-12,27.2,22.4,24.5,88,1.15,11.14,7.70
1991-04-13,29.7,22.2,25.6,84,1.33,20.50,0.30
1991-04-14,30.0,22.9,26.2,83,1.25,21.33,0.50
1991-04-15,29.9,23.2,26.0,83,1.23,20.47,0.90
1991-04-16,30.3,23.2,26.2,84,1.48,20.99,0.40
1991-04-17,29.3,22.8,25.7,85,1.68,15.65,0.90
1991-04-18,28.7,23.3,25.5,87,1.32,13.48,1.00
1991-04-19,29.8,22.2,25.7,86,1.66,17.19,1.40
1991-04-20,28.3,22.8,25.3,88,1.48,13.81,21.40
1991-04-21,28.6,22.6,25.2,87,2.07,13.46,1.30
1991-04-22,29.0,23.5,25.7,86,2.25,17.06,5.90
1991-04-23,30.1,22.8,26.1,84,1.40,19.41,0.10
1991-04-24,29.9,23.7,26.0,84,1.51,18.46,2.10
1991-04-25,29.4,22.8,25.5,87,1.30,17.12,8.00
1991-04-26,28.7,22.9,25.2,88,1.25,14.97,6.30
1991-04-27,29.7,22.8,25.6,88,1.01,16.23,9.60
1991-04-28,29.1,22.7,25.3,89,0.94,15.72,6.30
1991-04-29,29.1,22.8,25.6,87,1.05,16.79,4.00
1991-04-30,28.6,22.9,25.4,87,1.08,14.23,4.00
1991-05-01,28.8,22.9,25.7,87,1.31,13.69,2.00
1991-05-02,27.6,22.6,24.8,89,1.31,11.07,3.60
1991-05-03,29.0,23.1,25.7,87,1.25,14.67,1.00
1991-05-04,29.2,23.0,25.7,87,1.43,14.93,5.70
1991-05-05,28.2,23.6,25.5,90,1.29,11.96,8.50
1991-05-06,27.0,23.1,24.4,92,1.43,8.09,6.80
1991-05-07,29.1,22.1,25.2,88,1.35,15.21,11.30
1991-05-08,29.3,22.7,25.5,88,1.63,16.60,4.30
1991-05-09,29.9,22.4,26.3,84,1.80,18.89,1.30
1991-05-10,29.4,23.5,26.0,85,1.71,17.34,3.00
1991-05-11,29.2,22.6,25.4,87,1.76,16.32,5.70
1991-05-12,29.2,23.4,26.1,85,2.06,16.68,4.40
1991-05-13,30.4,23.1,26.6,81,2.30,18.73,0.20
1991-05-14,30.1,23.5,26.6,80,1.36,18.82,0.40
1991-05-15,28.5,23.6,25.6,85,1.89,11.56,0.10
1991-05-16,29.7,23.0,26.2,84,1.42,19.17,0.40
1991-05-17,29.1,23.8,26.1,85,1.67,14.96,0.30
1991-05-18,29.5,22.9,26.1,84,1.42,16.00,0.20
1991-05-19,28.3,22.8,25.0,90,1.55,12.53,5.20
1991-05-20,28.4,22.4,25.1,88,1.52,13.85,2.90
1991-05-21,29.8,23.5,26.3,84,1.77,16.28,0.00
1991-05-22,29.5,23.5,26.0,85,1.75,15.89,1.30
1991-05-23,29.9,22.8,26.0,85,1.44,17.40,0.50
1991-05-24,29.2,23.4,25.8,86,1.28,15.02,1.30
1991-05-25,26.9,22.7,24.2,92,1.14,8.61,9.40
1991-05-26,29.0,22.6,25.2,88,1.37,15.74,2.20
1991-05-27,30.0,21.5,25.7,80,2.19,20.50,0.10
1991-05-28,30.0,20.9,25.4,76,2.70,19.68,0.00
1991-05-29,30.3,22.8,26.1,74,2.40,19.36,0.00
1991-05-30,30.9,22.3,26.3,73,2.48,21.57,0.00
1991-05-31,30.8,22.7,26.5,71,2.47,19.54,0.00
1991-06-01,30.0,22.7,26.3,76,2.52,18.09,0.10
1991-06-02,30.4,22.7,26.2,77,2.55,18.01,0.00
1991-06-03,31.4,23.3,26.8,71,2.55,20.24,0.00
1991-06-04,31.3,23.4,26.9,70,2.43,19.65,0.00
1991-06-05,31.2,22.8,26.7,70,2.57,20.39,0.00
1991-06-06,31.4,22.8,26.8,73,2.56,18.24,0.00
1991-06-07,31.7,24.3,27.5,74,2.52,18.98,0.00
1991-06-08,29.7,24.0,26.3,83,1.66,13.42,6.00
1991-06-09,30.7,23.0,26.6,83,1.58,17.83,0.20
1991-06-10,30.1,23.5,26.6,82,1.47,16.65,0.30
1991-06-11,30.8,23.0,26.5,78,2.08,17.78,0.20
1991-06-12,31.7,23.3,27.0,70,1.91,19.59,0.00
1991-06-13,31.0,22.2,26.8,72,1.74,18.40,0.20
1991-06-14,30.2,22.8,26.4,77,2.13,17.46,0.20
1991-06-15,31.4,24.0,27.1,73,1.94,17.02,0.20
1991-06-16,31.2,23.4,27.0,75,2.01,17.73,0.10
1991-06-17,32.6,23.4,27.5,70,2.47,20.01,0.00
1991-06-18,32.4,23.4,27.4,68,2.32,19.41,0.00
1991-06-19,32.4,22.1,27.2,66,2.28,20.54,0.00
1991-06-20,32.5,22.3,27.3,63,2.60,21.17,0.00
1991-06-21,32.5,22.6,27.2,68,1.96,18.68,0.00
1991-06-22,32.3,23.0,27.0,72,2.53,17.97,0.20
1991-06-23,32.6,22.7,27.3,62,2.81,21.70,0.00
1991-06-24,31.7,21.8,26.8,61,2.44,18.87,0.00
1991-06-25,33.0,21.5,27.0,60,2.62,21.67,0.00
1991-06-26,33.2,21.4,27.2,58,2.72,19.09,0.00
1991-06-27,32.9,23.2,27.7,56,2.92,18.48,0.00
1991-06-28,32.8,24.4,28.0,58,2.52,19.15,0.00
1991-06-29,32.9,23.1,27.8,59,2.35,18.83,0.00
1991-06-30,33.0,22.1,27.4,58,2.14,18.66,0.00
1991-07-01,32.1,23.0,27.4,62,2.41,17.43,0.00
1991-07-02,32.3,23.2,27.5,64,2.24,19.29,0.20
1991-07-03,32.5,23.0,27.5,59,2.03,18.91,0.00
1991-07-04,31.6,23.3,27.3,63,1.99,18.50,0.00
1991-07-05,33.0,23.0,27.4,66,2.20,19.21,0.20
1991-07-06,32.8,23.9,27.3,70,1.94,17.74,1.70
1991-07-07,33.2,23.8,27.7,63,2.56,17.95,0.00
1991-07-08,32.8,21.9,27.2,58,2.71,20.18,0.00
1991-07-09,32.9,23.1,27.6,58,2.76,18.85,0.00
1991-07-10,33.2,22.8,27.8,59,1.79,18.05,0.00
1991-07-11,32.6,22.4,27.7,63,1.57,19.87,0.00
1991-07-12,33.6,22.7,27.7,58,2.30,20.68,0.00
1991-07-13,32.8,22.3,27.4,58,2.58,20.03,0.00
1991-07-14,33.9,23.1,28.1,56,2.69,21.01,0.00
1991-07-15,33.6,23.1,27.9,54,2.61,20.92,0.00
1991-07-16,32.9,22.4,27.4,49,2.88,21.29,0.00
1991-07-17,32.3,23.0,27.5,53,2.97,18.91,0.00
1991-07-18,32.8,22.5,27.4,49,2.88,22.36,0.00
1991-07-19,32.8,23.3,27.7,45,3.15,22.05,0.00
1991-07-20,32.6,24.1,28.0,44,3.36,22.44,0.00
1991-07-21,32.5,21.8,26.8,50,2.85,22.32,0.00
1991-07-22,32.3,22.0,26.6,49,2.90,22.12,0.00
1991-07-23,32.9,22.4,27.3,49,2.46,22.15,0.00
1991-07-24,33.3,22.7,28.0,49,2.18,20.46,0.00
1991-07-25,32.8,24.2,28.1,51,2.19,18.01,0.00
1991-07-26,33.7,22.9,27.8,49,2.78,21.68,0.00
1991-07-27,33.0,22.4,27.5,48,3.42,20.74,0.00
1991-07-28,33.2,23.3,28.0,49,3.18,21.92,0.00
1991-07-29,32.5,23.0,27.1,45,3.43,22.65,0.00
1991-07-30,32.6,21.0,26.6,49,3.02,22.72,0.00
1991-07-31,33.5,22.5,27.7,54,3.05,19.94,0.00
1991-08-01,33.7,24.5,28.7,53,2.82,20.42,0.00
1991-08-02,34.0,24.8,29.0,54,2.74,20.82,0.00
1991-08-03,32.9,24.8,28.3,55,2.25,17.66,0.00
1991-08-04,32.7,23.1,27.6,57,2.49,18.65,0.00
1991-08-05,33.2,22.0,27.8,55,2.84,22.28,0.00
1991-08-06,33.7,23.5,28.3,49,3.09,22.45,0.00
1991-08-07,33.9,22.8,28.0,53,2.68,22.59,0.00
1991-08-08,34.0,23.5,28.4,51,2.72,20.93,0.00
1991-08-09,35.1,23.4,28.7,51,2.26,22.11,0.00
1991-08-10,34.2,23.8,28.6,55,1.91,19.81,0.00
1991-08-11,34.4,23.2,28.4,56,2.25,20.51,0.00
1991-08-12,34.8,22.9,28.3,54,3.06,23.14,0.00
1991-08-13,33.9,22.8,28.0,53,2.85,23.45,0.00
1991-08-14,33.7,22.5,27.6,46,3.06,23.88,0.00
1991-08-15,33.3,22.9,27.6,42,3.67,22.40,0.00
1991-08-16,32.1,22.4,27.2,45,3.88,21.11,0.00
1991-08-17,31.3,22.8,27.1,46,4.19,19.31,0.00
1991-08-18,31.8,22.9,26.9,48,4.06,19.67,0.00
1991-08-19,32.2,23.6,27.6,47,4.24,19.68,0.00
1991-08-20,33.1,22.2,27.3,49,3.40,21.29,0.00
1991-08-21,33.7,22.6,27.8,46,2.93,23.00,0.00
1991-08-22,32.9,22.8,27.4,48,3.03,21.10,0.00
1991-08-23,34.2,22.5,28.1,46,2.80,23.62,0.00
1991-08-24,34.3,23.8,28.5,43,2.74,22.95,0.00
1991-08-25,34.5,23.3,28.6,43,2.93,24.29,0.00
1991-08-26,34.2,23.6,28.6,46,3.05,22.68,0.00
1991-08-27,33.9,23.7,28.5,49,2.82,22.38,0.00
1991-08-28,34.8,24.3,29.1,48,3.00,22.75,0.00
1991-08-29,34.3,23.6,28.8,50,2.80,22.31,0.00
1991-08-30,35.1,24.2,29.3,46,2.85,23.01,0.00
1991-08-31,35.0,24.3,29.1,46,2.76,23.16,0.00
1991-09-01,32.5,23.7,28.1,58,1.75,19.23,0.00
1991-09-02,32.7,24.1,28.1,60,1.87,20.33,0.00
1991-09-03,33.3,23.9,28.2,58,2.29,21.73,0.00
1991-09-04,34.0,23.2,28.4,52,2.94,22.65,0.00
1991-09-05,33.7,23.6,28.4,51,2.93,20.79,0.00
1991-09-06,34.6,23.5,28.9,46,3.21,21.54,0.00
1991-09-07,34.6,23.9,28.9,45,3.48,24.84,0.00
1991-09-08,34.9,23.9,29.0,41,3.20,25.46,0.00
1991-09-09,35.1,23.0,29.0,45,3.08,24.05,0.00
1991-09-10,34.8,24.0,29.2,45,3.28,25.05,0.00
1991-09-11,35.0,24.0,29.4,48,2.79,23.40,0.00
1991-09-12,35.7,25.4,30.2,48,2.41,23.82,0.00
1991-09-13,34.5,25.3,29.4,57,2.64,21.82,0.10
1991-09-14,34.2,24.5,29.1,58,2.59,22.07,0.00
1991-09-15,33.5,24.9,29.0,56,2.04,22.11,0.20
1991-09-16,34.1,24.6,29.1,57,2.42,22.40,0.10
1991-09-17,33.6,25.1,29.0,58,2.18,22.71,0.00
1991-09-18,33.5,25.2,28.9,57,2.05,21.77,0.00
1991-09-19,32.6,25.1,28.8,57,1.87,19.19,0.00
1991-09-20,30.5,25.6,27.5,72,1.20,17.64,11.00
1991-09-21,31.1,23.5,26.5,80,1.11,17.95,9.00
1991-09-22,29.4,23.3,25.9,80,1.52,14.37,4.70
1991-09-23,30.7,24.0,26.4,81,1.22,17.20,1.90
1991-09-24,30.7,23.7,26.6,81,1.32,18.04,0.90
1991-09-25,31.1,23.1,27.2,76,1.40,19.89,0.00
1991-09-26,29.9,23.9,26.5,77,1.53,15.36,1.00
1991-09-27,31.0,24.0,26.4,80,1.33,18.33,3.80
1991-09-28,30.8,23.2,26.6,79,1.71,16.03,1.30
1991-09-29,31.2,23.5,27.1,76,1.66,21.09,1.30
1991-09-30,32.3,24.0,27.6,69,2.24,24.03,0.00
1991-10-01,32.6,23.4,27.7,65,2.50,23.86,0.00
1991-10-02,33.0,23.4,27.9,66,1.89,24.90,0.00
1991-10-03,32.3,23.4,27.9,65,1.28,23.92,0.00
1991-10-04,32.2,24.1,27.9,70,1.75,21.96,0.00
1991-10-05,32.2,24.2,27.5,74,1.41,20.33,0.20
1991-10-06,32.3,23.8,27.8,68,2.43,22.02,0.20
1991-10-07,33.4,23.8,28.4,62,2.06,22.92,0.00
1991-10-08,34.0,23.5,28.9,60,1.22,22.20,0.00
1991-10-09,33.7,23.5,28.4,62,1.93,22.91,0.20
1991-10-10,33.4,23.6,28.3,61,1.77,22.41,0.10
1991-10-11,34.3,22.7,28.2,59,1.77,23.08,0.00
1991-10-12,33.6,23.9,28.6,59,2.29,23.84,0.00
1991-10-13,33.4,24.5,28.5,61,2.23,22.09,0.00
1991-10-14,33.5,23.7,27.8,65,2.05,22.85,0.30
1991-10-15,32.0,23.5,27.4,67,1.96,20.45,0.40
1991-10-16,34.3,23.5,28.5,61,2.58,24.19,0.00
1991-10-17,32.9,24.2,28.4,62,2.43,21.38,0.20
1991-10-18,32.9,24.2,28.5,59,2.01,21.69,0.00
1991-10-19,33.5,23.5,28.4,63,1.23,23.09,0.00
1991-10-20,31.6,24.4,28.1,63,2.14,20.70,0.50
1991-10-21,33.4,23.8,28.2,61,2.22,22.33,0.20
1991-10-22,32.5,24.1,28.1,64,2.35,20.27,0.00
1991-10-23,31.7,23.7,27.3,69,1.79,18.49,0.40
1991-10-24,30.8,23.5,26.5,74,1.82,16.66,1.00
1991-10-25,32.2,23.2,27.4,70,2.33,19.76,0.70
1991-10-26,32.6,23.6,27.9,66,2.08,21.52,0.30
1991-10-27,32.3,23.8,28.0,66,1.87,19.62,0.50
1991-10-28,32.7,24.1,28.3,66,1.68,20.76,0.00
1991-10-29,32.8,24.3,28.2,69,1.24,20.42,0.40
1991-10-30,31.3,24.2,27.5,72,1.88,17.31,0.70
1991-10-31,32.1,24.1,27.9,68,1.45,21.33,0.40
1991-11-01,31.8,24.1,27.9,72,1.31,22.28,0.70
1991-11-02,31.3,23.8,27.1,77,1.73,17.74,9.70
1991-11-03,28.7,23.2,25.3,86,1.76,14.25,6.50
1991-11-04,32.3,22.4,27.1,71,1.63,26.00,0.00
1991-11-05,32.2,22.6,27.5,66,1.63,25.14,0.00
1991-11-06,32.0,23.5,27.6,70,2.03,22.83,0.00
1991-11-07,32.8,23.9,28.2,65,1.64,24.88,0.00
1991-11-08,32.5,24.4,28.3,63,1.75,22.60,0.00
1991-11-09,32.3,24.2,28.3,62,2.05,22.91,0.00
1991-11-10,32.4,24.6,28.4,65,1.55,22.05,0.00
1991-11-11,32.8,25.2,28.5,66,1.61,21.52,0.00
1991-11-12,31.8,25.2,28.1,64,1.32,15.85,0.00
1991-11-13,32.9,24.6,28.2,67,1.79,20.94,0.20
1991-11-14,33.1,24.7,29.0,65,1.43,20.62,0.30
1991-11-15,31.9,25.9,28.8,63,1.62,20.23,0.60
1991-11-16,31.9,24.6,27.2,75,1.66,19.63,4.20
1991-11-17,30.3,23.3,26.2,82,1.31,18.18,5.30
1991-11-18,31.7,22.8,27.3,75,1.31,22.94,0.20
1991-11-19,32.1,24.3,27.8,69,1.46,20.60,0.00
1991-11-20,29.9,24.7,26.7,78,1.70,14.51,2.60
1991-11-21,30.3,23.7,26.6,77,1.98,15.53,1.80
1991-11-22,32.0,24.0,27.6,69,1.92,22.87,0.00
1991-11-23,31.7,23.2,27.6,67,1.61,23.70,0.00
1991-11-24,32.1,23.6,27.9,67,2.62,21.84,0.10
1991-11-25,32.9,23.9,28.3,58,3.02,19.81,0.00
1991-11-26,32.5,24.0,28.0,64,2.21,22.05,0.20
1991-11-27,33.2,24.6,28.5,64,2.07,22.92,2.10
1991-11-28,33.1,24.7,28.5,66,1.35,21.32,0.00
1991-11-29,32.5,25.0,28.0,70,1.63,19.81,0.80
1991-11-30,30.8,23.3,26.5,81,0.95,16.63,2.80
1991-12-01,30.8,24.3,27.3,74,1.41,20.05,0.10
1991-12-02,31.3,24.0,27.4,73,1.07,20.08,1.00
1991-12-03,31.7,24.2,27.3,76,1.21,20.25,6.40
1991-12-04,31.3,23.7,26.7,80,1.57,17.28,7.30
1991-12-05,32.8,23.7,27.8,72,1.81,23.59,0.00
1991-12-06,32.4,24.8,28.2,67,2.13,22.42,0.00
1991-12-07,31.9,25.3,28.4,68,1.88,21.48,0.20
1991-12-08,32.3,25.0,28.6,71,1.36,22.00,0.50
1991-12-09,32.6,25.5,28.9,65,1.78,22.64,0.00
1991-12-10,32.0,25.5,28.3,67,1.76,17.94,0.00
1991-12-11,32.8,24.7,28.6,65,1.67,22.02,0.00
1991-12-12,32.9,24.5,28.8,66,1.13,22.58,0.20
1991-12-13,32.3,25.3,28.5,71,1.35,18.63,0.20
1991-12-14,29.8,24.0,26.6,80,1.13,12.07,5.30
1991-12-15,31.2,23.3,27.0,77,1.28,17.87,0.00
1991-12-16,30.8,24.2,27.1,79,1.26,17.26,0.80
1991-12-17,30.9,24.2,27.0,78,1.16,18.30,4.80
1991-12-18,29.4,22.8,25.3,85,1.33,16.35,12.60
1991-12-19,29.7,22.9,25.8,84,1.30,16.97,3.80
1991-12-20,29.8,23.4,26.4,83,1.04,17.19,4.00
1991-12-21,27.9,23.3,24.8,88,0.95,12.36,29.70
1991-12-22,26.2,22.7,24.1,89,1.19,9.11,55.60
1991-12-23,30.4,22.8,26.2,83,1.44,21.90,0.70
1991-12-24,30.9,22.5,26.6,82,1.65,23.26,0.20
1991-12-25,30.8,23.6,27.0,76,2.39,21.73,0.40
1991-12-26,30.9,23.6,27.1,74,1.82,24.16,0.00
1991-12-27,30.9,23.7,27.0,79,1.47,22.69,0.30
1991-12-28,29.3,23.5,25.5,84,1.10,16.40,11.90
1991-12-29,28.7,22.8,25.4,86,1.47,15.40,5.60
1991-12-30,30.4,23.0,26.3,81,1.67,21.50,1.00
1991-12-31,29.2,23.4,26.4,81,1.08,18.17,1.50
1992-01-01,29.7,23.5,26.4,83,0.98,18.49,2.00
1992-01-02,30.2,23.1,26.4,83,1.38,20.38,3.00
1992-01-03,29.1,23.5,25.9,86,1.15,13.39,5.30
1992-01-04,31.1,23.4,26.6,82,1.38,20.17,1.40
1992-01-05,31.1,23.8,27.3,79,1.56,22.71,0.20
1992-01-06,30.3,24.1,27.2,79,1.44,20.50,1.50
1992-01-07,30.3,23.3,26.1,85,1.24,20.03,13.20
1992-01-08,27.7,22.5,24.8,88,1.13,13.89,9.00
1992-01-09,29.7,22.7,25.7,86,1.32,20.27,9.80
1992-01-10,29.8,22.9,26.3,81,1.52,20.62,2.10
1992-01-11,29.6,24.0,25.9,84,1.10,16.24,11.60
1992-01-12,29.1,23.3,26.1,85,1.12,13.91,0.60
1992-01-13,29.9,23.8,26.4,82,1.35,17.70,1.80
1992-01-14,29.6,23.7,26.1,82,1.18,12.65,5.80
1992-01-15,28.8,24.2,26.0,83,1.52,13.11,4.10
1992-01-16,28.1,23.0,25.4,83,1.66,12.55,2.80
1992-01-17,29.0,23.8,25.9,78,1.58,16.39,0.00
1992-01-18,29.3,23.3,25.9,84,1.10,19.21,9.60
1992-01-19,28.6,22.8,25.1,88,1.56,13.47,4.90
1992-01-20,27.7,23.8,25.4,89,1.14,10.26,10.60
1992-01-21,26.1,23.2,24.5,94,1.06,7.37,28.20
1992-01-22,27.6,22.7,24.5,89,1.43,11.18,21.00
1992-01-23,27.1,22.8,24.3,92,1.36,9.96,25.00
1992-01-24,23.5,22.8,23.2,96,1.04,1.48,115.30
1992-01-25,27.3,22.3,24.4,87,1.53,10.31,3.10
1992-01-26,29.7,22.9,25.5,85,1.63,19.86,9.90
1992-01-27,28.5,23.0,24.9,87,1.45,13.04,4.20
1992-01-28,27.9,22.9,25.0,88,1.49,13.01,3.00
1992-01-29,28.9,22.2,25.0,87,1.77,14.88,10.90
1992-01-30,28.1,22.6,25.0,88,1.45,13.92,6.40
1992-01-31,29.4,22.3,25.0,87,1.74,17.79,6.80
1992-02-01,30.0,22.5,25.5,84,1.74,19.78,1.30
1992-02-02,30.2,22.4,25.8,83,1.84,18.41,4.80
1992-02-03,29.6,22.8,25.8,84,2.15,16.78,4.20
1992-02-04,29.8,23.8,26.4,82,1.92,15.56,0.20
1992-02-05,30.9,23.9,26.8,80,1.70,17.57,0.50
1992-02-06,30.8,23.5,26.7,81,1.63,19.96,4.70
1992-02-07,29.6,23.3,25.9,85,1.84,17.63,5.60
1992-02-08,28.7,23.3,25.5,86,2.09,14.31,10.60
1992-02-09,28.4,23.0,25.3,87,1.41,13.23,7.30
1992-02-10,28.9,23.0,25.2,89,1.27,15.20,15.30
1992-02-11,26.9,23.2,24.6,90,2.21,10.01,8.70
1992-02-12,25.1,22.8,23.6,93,2.05,4.73,11.20
1992-02-13,26.8,21.8,23.9,84,2.80,12.70,5.10
1992-02-14,28.3,22.5,24.8,83,1.66,16.29,2.40
1992-02-15,29.6,21.9,25.4,84,1.77,18.45,0.90
1992-02-16,29.3,22.5,25.2,85,2.02,18.95,4.70
1992-02-17,28.8,22.3,25.1,85,2.13,15.82,3.10
1992-02-18,29.7,23.1,25.7,83,1.94,19.43,3.70
1992-02-19,27.4,22.2,24.1,90,1.55,12.52,16.50
1992-02-20,26.1,22.0,23.7,91,1.57,9.86,7.80
1992-02-21,29.1,22.3,25.2,86,1.93,18.62,0.30
1992-02-22,29.7,22.7,25.6,84,1.94,19.86,8.40
1992-02-23,28.6,22.7,25.0,86,2.02,15.04,12.80
1992-02-24,29.5,22.4,25.6,82,2.45,17.15,3.70
1992-02-25,31.4,23.0,27.0,77,2.54,22.93,0.10
1992-02-26,30.9,23.1,26.7,80,2.38,23.10,1.90
1992-02-27,30.5,23.1,26.3,81,2.39,20.28,6.80
1992-02-28,31.2,23.4,26.8,78,2.16,21.79,0.40
1992-02-29,31.2,23.4,27.0,77,1.84,23.93,0.00
1992-03-01,30.2,23.2,26.2,81,1.78,18.50,0.40
1992-03-02,29.4,23.6,25.9,82,1.70,18.10,0.70
1992-03-03,30.1,23.1,26.1,82,2.06,19.86,0.70
1992-03-04,30.1,23.3,26.5,80,2.32,20.54,1.10
1992-03-05,30.6,23.3,26.4,82,2.16,19.87,3.20
1992-03-06,31.7,22.8,27.3,75,2.33,23.37,0.00
1992-03-07,31.0,23.6,27.0,77,2.07,22.58,0.30
1992-03-08,29.4,24.1,26.2,84,2.13,16.58,6.80
1992-03-09,29.0,23.4,25.7,85,2.10,17.00,0.40
1992-03-10,28.9,23.0,25.7,84,1.88,16.80,2.50
1992-03-11,29.4,22.8,26.1,83,1.49,16.03,4.70
1992-03-12,28.2,23.0,25.7,85,2.05,14.30,9.70
1992-03-13,30.1,23.3,26.3,83,2.45,18.55,0.90
1992-03-14,28.9,23.5,25.9,85,2.01,14.63,4.80
1992-03-15,29.9,23.2,26.2,84,1.78,17.51,0.70
1992-03-16,30.3,23.8,26.4,84,1.88,18.10,4.80
1992-03-17,29.3,23.8,26.2,84,2.33,15.16,2.80
1992-03-18,25.6,23.5,24.4,93,1.46,4.84,18.20
1992-03-19,29.4,22.7,25.8,85,1.44,16.50,0.10
1992-03-20,28.5,23.1,25.2,90,1.26,11.68,3.50
1992-03-21,27.4,23.0,25.1,89,1.06,11.86,4.30
1992-03-22,29.7,22.7,25.4,86,1.76,17.80,4.60
1992-03-23,29.4,23.1,25.5,85,1.96,17.04,6.60
1992-03-24,27.8,22.9,24.7,91,1.22,11.57,4.60
1992-03-25,28.6,23.3,25.5,85,1.36,15.62,2.70
1992-03-26,29.3,23.1,25.6,85,1.73,17.04,4.70
1992-03-27,28.3,22.6,24.7,89,1.35,12.51,8.70
1992-03-28,27.6,22.7,25.0,89,1.71,15.89,5.30
1992-03-29,28.9,23.0,25.6,83,2.01,15.02,1.70
1992-03-30,29.9,22.6,25.7,84,1.56,17.48,0.50
1992-03-31,28.2,22.7,25.3,87,1.48,11.02,5.00
1992-04-01,27.8,22.8,24.7,89,1.46,11.89,5.60
1992-04-02,27.3,22.2,24.4,91,1.00,11.80,21.30
1992-04-03,28.7,22.1,24.8,89,0.92,15.54,9.60
1992-04-04,30.3,22.6,25.8,86,1.41,18.50,1.40
1992-04-05,29.3,23.4,25.8,85,2.07,15.62,2.40
1992-04-06,28.4,23.1,25.2,87,1.85,11.50,7.20
1992-04-07,28.3,23.0,25.2,89,2.05,14.40,5.80
1992-04-08,29.6,22.6,25.6,87,1.64,13.19,6.60
1992-04-09,29.9,23.3,26.1,85,1.73,15.40,1.10
1992-04-10,29.8,23.2,26.3,83,1.92,18.41,0.10
1992-04-11,30.2,23.3,26.6,84,1.95,20.08,2.00
1992-04-12,30.4,23.6,26.7,84,1.78,21.10,0.80
1992-04-13,31.9,22.6,27.0,76,2.04,23.53,0.00
1992-04-14,31.2,23.4,27.0,76,2.11,22.03,0.50
1992-04-15,29.3,23.4,25.6,88,1.90,16.67,8.80
1992-04-16,28.5,22.9,25.4,90,1.32,13.80,6.00
1992-04-17,29.6,23.0,25.8,86,1.49,16.16,3.30
1992-04-18,30.7,22.7,26.9,83,1.72,20.10,0.40
1992-04-19,30.7,23.6,27.1,82,1.58,20.86,0.70
1992-04-20,30.3,23.9,26.9,81,1.71,18.86,1.00
1992-04-21,30.2,23.7,26.7,83,1.59,16.34,0.70
1992-04-22,31.3,23.4,27.5,80,2.33,19.77,0.50
1992-04-23,31.6,24.3,27.8,79,2.21,21.09,0.50
1992-04-24,31.7,23.8,27.5,76,2.40,21.34,0.00
1992-04-25,31.4,23.1,27.1,75,2.32,20.76,0.10
1992-04-26,31.9,23.1,27.2,74,2.32,22.27,0.00
1992-04-27,33.1,22.5,27.5,71,1.92,23.14,0.00
1992-04-28,31.0,23.8,26.7,81,1.55,20.00,2.50
1992-04-29,29.9,23.4,26.3,84,1.36,15.57,1.30
1992-04-30,30.5,23.4,26.5,85,1.40,17.93,2.00
1992-05-01,30.6,24.0,26.4,85,1.49,16.12,1.40
1992-05-02,29.9,23.4,25.7,87,1.83,16.79,3.00
1992-05-03,30.5,22.8,26.0,85,1.30,19.36,1.40
1992-05-04,30.1,23.5,26.4,84,1.47,19.32,0.60
1992-05-05,29.3,23.6,26.2,83,1.73,15.66,0.30
1992-05-06,29.9,22.9,25.9,84,1.82,17.73,0.60
1992-05-07,29.2,22.6,25.5,84,1.69,16.23,1.70
1992-05-08,28.6,23.2,25.9,83,1.21,15.82,4.80
1992-05-09,29.7,23.0,26.4,84,1.57,16.43,0.00
1992-05-10,30.3,23.7,26.7,84,1.57,15.97,3.80
1992-05-11,29.6,23.0,25.9,87,1.48,13.69,2.00
1992-05-12,31.2,22.7,26.6,79,2.40,20.39,0.10
1992-05-13,31.1,22.4,26.8,75,2.40,19.97,0.00
1992-05-14,31.3,22.7,26.9,75,2.06,19.62,0.10
1992-05-15,30.5,23.3,26.4,82,1.52,15.01,0.70
1992-05-16,31.1,23.3,27.0,79,1.84,17.31,0.00
1992-05-17,30.7,23.8,27.0,79,1.72,16.38,0.20
1992-05-18,31.2,23.5,26.9,78,1.94,19.43,0.00
1992-05-19,31.7,23.4,27.4,76,1.61,20.25,0.50
1992-05-20,30.9,23.8,27.0,78,2.26,16.48,0.20
1992-05-21,31.6,23.8,27.3,76,2.28,19.63,0.10
1992-05-22,31.6,22.9,27.1,74,2.71,19.29,0.00
1992-05-23,32.0,22.2,27.1,71,2.13,18.97,0.00
1992-05-24,32.7,23.3,27.7,70,2.22,20.57,0.00
1992-05-25,32.1,23.8,27.5,70,2.07,18.22,0.10
1992-05-26,33.2,22.7,27.7,66,2.31,21.52,0.00
1992-05-27,32.5,22.8,27.3,67,2.26,18.85,0.20
1992-05-28,32.1,22.7,27.2,70,2.25,19.26,0.10
1992-05-29,33.3,22.7,27.7,67,2.22,19.67,0.00
1992-05-30,32.7,23.0,27.6,66,3.01,19.67,0.00
1992-05-31,31.2,23.3,26.9,75,2.10,17.04,0.30
1992-06-01,31.7,23.6,27.0,75,2.18,16.84,0.20
1992-06-02,31.3,23.9,27.3,73,2.70,17.23,0.00
1992-06-03,32.6,24.4,27.9,67,2.64,18.96,0.00
1992-06-04,31.1,23.6,26.8,75,2.04,17.24,0.50
1992-06-05,31.9,23.0,27.1,76,1.64,18.99,0.30
1992-06-06,31.4,23.7,27.0,75,2.48,16.92,0.50
1992-06-07,31.7,23.0,27.1,73,2.42,18.34,0.30
1992-06-08,32.8,22.0,27.3,67,2.33,20.41,0.00
1992-06-09,33.4,23.3,27.8,66,2.50,18.63,0.00
1992-06-10,32.5,24.1,27.8,67,2.80,19.01,0.00
1992-06-11,32.1,23.1,27.3,70,2.61,16.93,0.00
1992-06-12,31.4,24.6,27.4,70,2.17,14.86,0.80
1992-06-13,31.9,23.8,27.2,72,2.25,17.23,1.00
1992-06-14,31.6,23.4,27.3,69,2.41,16.58,0.60
1992-06-15,33.1,23.4,27.7,57,2.81,21.31,0.00
1992-06-16,32.5,22.1,27.1,53,2.99,20.14,0.00
1992-06-17,32.8,22.9,27.5,51,3.07,21.46,0.00
1992-06-18,32.7,22.0,27.0,52,2.88,21.25,0.00
1992-06-19,32.6,23.2,27.4,50,3.13,19.81,0.00
1992-06-20,32.5,22.8,27.3,52,2.81,19.23,0.00
1992-06-21,32.4,22.9,27.4,57,2.83,18.37,0.00
1992-06-22,32.4,23.2,27.7,60,2.53,17.47,0.00
1992-06-23,32.6,24.0,27.8,60,2.68,18.56,0.10
1992-06-24,32.5,23.8,27.6,61,2.84,18.26,0.00
1992-06-25,32.5,23.2,27.5,59,2.77,16.52,0.00
1992-06-26,32.7,23.6,27.7,57,3.27,18.31,0.00
1992-06-27,33.7,22.5,28.0,56,2.56,21.10,0.00
1992-06-28,32.1,23.3,27.2,68,2.00,17.69,0.20
1992-06-29,32.1,23.7,27.6,69,1.91,17.91,0.00
1992-06-30,32.7,23.5,27.5,67,2.18,18.12,0.00
1992-07-01,33.0,23.1,27.8,64,2.42,18.98,0.10
1992-07-02,31.2,23.8,26.3,73,2.39,16.79,0.80
1992-07-03,31.7,22.8,26.7,72,2.22,18.73,0.40
1992-07-04,31.0,23.2,26.8,69,2.91,18.04,0.00
1992-07-05,32.4,21.5,26.9,61,2.52,20.67,0.00
1992-07-06,32.1,22.2,26.9,58,2.30,18.29,0.00
1992-07-07,32.3,22.3,27.0,60,2.31,19.67,0.00
1992-07-08,32.7,22.6,27.3,61,2.37,19.13,0.00
1992-07-09,32.7,22.4,27.3,56,2.78,19.16,0.00
1992-07-10,33.5,22.8,27.9,52,2.52,21.69,0.00
1992-07-11,33.2,23.5,27.8,48,2.49,21.54,0.00
1992-07-12,32.6,22.0,27.1,48,3.06,19.28,0.00
1992-07-13,31.5,24.3,27.4,55,3.05,14.75,0.00
1992-07-14,32.9,23.4,27.5,55,2.68,19.32,0.00
1992-07-15,31.3,22.9,26.9,64,2.46,18.11,0.10
1992-07-16,32.6,22.9,27.5,63,2.30,18.59,0.00
1992-07-17,31.2,22.8,26.7,68,1.90,16.73,0.50
1992-07-18,32.8,20.6,26.5,61,2.58,20.16,0.00
1992-07-19,33.5,21.6,27.3,50,2.96,22.39,0.00
1992-07-20,33.5,22.9,27.7,49,3.18,21.53,0.00
1992-07-21,33.0,22.3,27.2,50,2.82,22.54,0.00
1992-07-22,32.8,21.0,26.7,45,2.59,22.71,0.00
1992-07-23,33.5,22.2,27.4,52,1.83,20.56,0.00
1992-07-24,33.3,23.0,27.9,51,2.14,20.15,0.00
1992-07-25,33.0,24.0,28.3,52,2.48,18.94,0.00
1992-07-26,33.5,23.3,28.0,52,2.42,20.78,0.00
1992-07-27,33.0,23.5,27.7,48,3.10,21.03,0.00
1992-07-28,33.1,22.4,27.5,50,3.05,22.41,0.00
1992-07-29,33.5,22.5,27.7,48,3.09,22.63,0.00
1992-07-30,33.7,22.7,27.9,47,2.82,22.87,0.00
1992-07-31,33.6,22.9,27.9,49,2.66,21.35,0.00
1992-08-01,33.5,22.8,28.1,50,2.30,20.05,0.00
1992-08-02,33.1,22.8,27.8,57,1.71,19.94,0.00
1992-08-03,33.5,23.0,27.8,57,2.27,21.21,0.00
1992-08-04,32.5,23.2,27.5,60,2.51,19.52,0.10
1992-08-05,34.0,23.5,28.4,48,2.59,23.04,0.00
1992-08-06,33.2,24.1,28.1,45,3.31,20.67,0.00
1992-08-07,33.8,23.6,28.4,45,3.36,20.75,0.00
1992-08-08,34.1,24.6,28.9,44,2.97,22.72,0.00
1992-08-09,33.4,23.9,28.1,45,2.53,21.13,0.00
1992-08-10,33.9,22.9,28.2,46,2.75,23.28,0.00
1992-08-11,33.6,23.4,28.3,48,2.87,22.97,0.00
1992-08-12,33.2,24.8,28.5,51,2.71,18.94,0.00
1992-08-13,32.9,24.4,28.4,59,1.65,20.37,0.00
1992-08-14,32.9,24.1,28.2,62,1.82,19.52,0.00
1992-08-15,31.4,23.0,26.7,73,1.68,15.35,1.00
1992-08-16,32.3,23.6,27.6,66,2.37,18.17,0.00
1992-08-17,33.3,22.9,27.9,60,2.84,20.84,0.10
1992-08-18,33.2,22.8,27.7,57,3.00,21.26,0.00
1992-08-19,33.8,22.9,27.8,58,2.71,21.84,0.10
1992-08-20,35.2,22.2,28.6,53,2.38,23.19,0.00
1992-08-21,34.8,23.2,28.9,46,3.17,24.03,0.00
1992-08-22,34.3,24.9,28.8,46,2.78,22.63,0.00
1992-08-23,35.0,23.4,28.9,43,2.72,24.51,0.00
1992-08-24,35.1,23.2,28.8,46,1.50,22.93,0.00
1992-08-25,33.4,23.1,28.1,57,1.92,21.55,0.00
1992-08-26,32.8,24.1,28.3,64,1.88,20.67,0.00
1992-08-27,33.3,23.9,28.4,61,2.72,21.72,0.00
1992-08-28,33.8,23.8,28.3,57,2.91,22.48,0.00
1992-08-29,34.1,23.1,28.3,56,2.86,22.90,0.00
1992-08-30,33.5,23.8,28.4,58,2.60,22.41,0.00
1992-08-31,34.8,24.2,29.0,55,2.85,23.33,0.00
1992-09-01,35.0,23.7,28.9,50,2.65,24.93,0.00
1992-09-02,34.6,22.5,28.5,51,2.72,23.98,0.00
1992-09-03,35.5,23.6,29.2,52,2.61,23.48,0.00
1992-09-04,33.2,24.4,28.5,57,2.70,21.12,0.00
1992-09-05,33.3,23.7,28.3,58,2.52,21.96,0.00
1992-09-06,33.2,24.0,28.4,57,2.17,21.70,0.00
1992-09-07,32.9,24.6,28.5,63,1.78,22.18,0.00
1992-09-08,32.9,24.2,27.8,69,1.89,19.77,1.40
1992-09-09,29.1,23.3,25.9,80,1.36,14.88,5.60
1992-09-10,27.9,22.5,24.3,88,1.18,11.06,15.10
1992-09-11,28.9,22.1,25.3,82,2.06,17.28,0.90
1992-09-12,31.0,21.9,26.3,71,2.54,21.80,0.00
1992-09-13,31.6,21.7,26.6,64,2.99,24.38,0.00
1992-09-14,32.8,21.7,27.2,58,2.85,24.96,0.00
1992-09-15,32.0,22.5,27.1,62,2.65,22.46,0.00
1992-09-16,32.4,22.6,27.4,65,2.56,22.73,0.10
1992-09-17,33.5,23.3,28.1,64,2.17,23.77,0.20
1992-09-18,32.4,23.9,28.1,67,1.63,21.58,0.00
1992-09-19,31.4,24.2,27.8,69,1.66,19.55,0.20
1992-09-20,31.2,23.5,27.3,71,1.73,16.66,0.30
1992-09-21,32.9,23.6,27.8,68,2.03,22.13,0.00
1992-09-22,34.0,24.1,28.7,60,2.54,23.62,0.00
1992-09-23,34.0,23.9,28.6,55,2.95,22.58,0.00
1992-09-24,34.3,23.7,28.7,54,2.99,24.33,0.00
1992-09-25,35.1,23.6,29.1,53,2.74,25.51,0.00
1992-09-26,33.5,24.6,28.1,64,2.05,22.53,3.70
1992-09-27,31.9,23.2,27.0,74,1.44,21.16,0.30
1992-09-28,32.2,23.9,27.7,73,1.28,21.70,0.40
1992-09-29,32.8,24.5,28.1,68,1.85,23.50,0.00
1992-09-30,31.8,24.2,27.8,64,1.98,22.38,0.00
1992-10-01,31.8,23.5,27.5,68,1.33,21.61,0.40
1992-10-02,33.4,23.8,28.3,62,2.37,23.17,0.00
1992-10-03,33.3,24.3,28.5,61,1.95,24.32,0.20
1992-10-04,32.6,24.5,28.2,68,1.11,22.11,0.60
1992-10-05,33.3,24.7,28.4,69,1.87,20.96,1.20
1992-10-06,32.3,23.8,27.8,66,2.45,21.28,0.00
1992-10-07,32.8,24.6,28.4,61,2.22,22.03,0.00
1992-10-08,33.1,23.8,28.3,62,1.61,23.88,0.00
1992-10-09,32.2,23.8,28.0,69,1.38,22.50,0.20
1992-10-10,33.5,24.7,28.9,59,2.22,22.86,0.00
1992-10-11,33.3,23.6,28.4,58,2.09,24.00,0.00
1992-10-12,33.6,24.8,29.1,59,1.86,23.40,0.00
1992-10-13,33.1,24.7,28.8,62,1.56,21.91,0.20
1992-10-14,34.7,24.5,29.3,58,2.63,25.10,0.00
1992-10-15,33.4,24.9,29.0,57,2.96,23.93,0.00
1992-10-16,34.0,24.9,29.3,56,2.55,23.50,0.00
1992-10-17,34.7,24.3,29.2,54,2.65,24.53,0.00
1992-10-18,34.5,24.4,29.1,52,3.00,22.99,0.00
1992-10-19,34.5,24.0,29.3,52,2.61,22.94,0.00
1992-10-20,33.8,24.2,29.1,52,2.16,23.66,0.00
1992-10-21,34.6,25.1,29.0,62,2.20,24.06,0.20
1992-10-22,32.4,24.5,28.2,66,1.88,21.21,0.10
1992-10-23,33.6,25.3,29.1,61,2.31,23.72,0.00
1992-10-24,34.3,25.4,29.5,57,2.10,23.10,0.00
1992-10-25,33.5,25.6,29.5,57,1.76,21.33,0.00
1992-10-26,33.4,26.0,29.3,58,2.04,21.59,0.00
1992-10-27,32.1,25.1,27.6,72,1.61,17.30,5.30
1992-10-28,30.0,23.5,26.1,81,1.37,12.45,2.80
1992-10-29,30.3,24.4,26.5,78,1.83,14.60,5.40
1992-10-30,31.6,23.2,27.3,69,2.58,23.34,0.00
1992-10-31,30.8,24.5,27.6,71,1.29,19.79,0.20
1992-11-01,31.6,24.1,28.0,71,0.83,21.40,0.20
1992-11-02,33.5,25.0,28.9,65,1.68,23.88,0.00
1992-11-03,32.4,25.4,28.4,64,2.23,20.18,0.60
1992-11-04,32.8,24.5,28.2,68,1.29,22.68,0.00
1992-11-05,31.9,25.3,28.1,69,1.46,19.39,0.80
1992-11-06,30.1,23.1,26.0,83,0.94,16.87,10.90
1992-11-07,28.0,22.8,24.8,88,1.58,13.54,16.40
1992-11-08,26.0,22.2,23.8,89,1.98,7.43,23.80
1992-11-09,30.6,21.5,25.9,81,1.56,24.49,0.30
1992-11-10,31.7,22.5,27.2,77,1.99,24.09,0.60
1992-11-11,31.2,24.6,27.3,80,1.71,21.18,0.90
1992-11-12,30.3,24.1,26.7,78,1.91,19.06,0.50
1992-11-13,30.6,23.3,26.7,79,1.60,21.51,0.20
1992-11-14,30.8,23.6,26.8,78,1.84,21.21,0.20
1992-11-15,31.0,23.7,27.0,75,2.23,23.36,0.10
1992-11-16,31.3,23.4,27.1,72,2.61,24.16,0.00
1992-11-17,31.5,24.0,27.2,73,1.48,22.90,0.00
1992-11-18,30.8,24.1,27.0,75,1.30,18.00,0.10
1992-11-19,31.2,23.8,26.8,78,1.70,21.53,3.80
1992-11-20,29.4,23.0,25.8,83,1.70,15.71,12.70
1992-11-21,30.6,23.2,26.7,80,1.61,21.20,0.50
1992-11-22,31.2,23.9,27.4,79,1.37,21.47,0.00
1992-11-23,30.9,24.3,27.1,79,1.55,20.30,5.50
1992-11-24,29.5,23.3,25.9,82,1.59,16.81,3.70
1992-11-25,31.6,23.5,27.0,77,1.56,21.25,5.50
1992-11-26,30.4,23.4,26.2,84,1.32,18.24,2.70
1992-11-27,30.0,23.3,26.2,81,1.14,18.37,3.80
1992-11-28,30.4,23.4,26.7,79,1.26,21.81,0.00
1992-11-29,30.3,24.2,26.8,81,1.51,18.40,3.40
1992-11-30,28.9,23.5,25.2,88,1.02,14.07,10.00
1992-12-01,29.5,22.8,25.6,81,1.84,17.07,3.40
1992-12-02,31.3,22.7,26.8,78,1.50,23.83,1.10
1992-12-03,30.3,23.4,26.6,84,1.60,19.85,3.20
1992-12-04,28.8,23.3,25.7,85,1.62,14.35,8.60
1992-12-05,29.6,23.2,25.8,84,1.38,19.25,3.10
1992-12-06,29.0,22.8,25.3,85,1.79,18.45,1.10
1992-12-07,30.1,22.9,25.6,84,1.53,17.87,3.00
1992-12-08,30.0,22.6,26.0,82,1.67,18.05,5.10
1992-12-09,27.3,23.5,25.6,80,1.55,10.72,3.70
1992-12-10,29.3,23.6,25.4,84,1.64,13.29,4.00
1992-12-11,29.3,22.8,25.6,88,1.63,17.27,8.40
1992-12-12,31.1,23.0,26.8,80,1.85,22.68,1.30
1992-12-13,30.1,23.5,26.6,79,1.34,16.26,2.70
1992-12-14,28.6,23.1,25.6,85,1.20,14.68,12.20
1992-12-15,25.3,22.8,23.9,93,1.33,4.86,8.60
1992-12-16,28.7,22.6,25.1,86,2.09,13.88,6.90
1992-12-17,30.5,22.3,26.5,82,1.85,20.16,0.40
1992-12-18,31.2,23.6,27.2,77,1.88,22.69,0.00
1992-12-19,30.5,24.0,27.1,78,1.94,22.15,0.00
1992-12-20,30.2,24.1,26.8,77,1.24,21.66,0.20
1992-12-21,30.1,23.5,26.6,80,1.50,17.06,1.40
1992-12-22,29.7,23.7,25.5,86,1.31,14.12,7.00
1992-12-23,30.5,22.9,26.5,80,1.55,22.20,1.60
1992-12-24,29.3,23.0,26.0,82,1.12,17.66,0.60
1992-12-25,28.7,23.5,25.6,86,1.04,13.44,6.00
1992-12-26,29.8,23.1,25.9,85,1.20,19.90,5.00
1992-12-27,29.4,23.2,25.9,84,1.38,12.91,2.00
1992-12-28,28.9,22.9,25.6,83,1.74,15.49,2.10
1992-12-29,29.4,24.2,25.9,81,1.84,17.72,1.10
1992-12-30,26.7,22.8,24.0,91,1.57,8.23,16.70
1992-12-31,28.0,21.7,24.7,86,1.61,12.29,3.40
1993-01-01,30.6,22.5,26.6,76,1.86,21.17,0.00
1993-01-02,30.8,22.8,26.7,78,1.72,20.68,0.20
1993-01-03,29.9,23.5,26.2,82,1.71,16.51,0.10
1993-01-04,29.1,23.4,25.7,83,0.87,16.74,2.60
1993-01-05,28.4,22.9,25.1,87,1.34,14.30,7.60
1993-01-06,28.5,22.0,24.9,87,1.74,16.58,5.70
1993-01-07,27.4,22.2,24.4,88,1.45,13.50,6.60
1993-01-08,28.1,22.4,24.5,89,1.17,15.19,9.60
1993-01-09,28.6,21.7,24.2,87,1.62,16.74,6.30
1993-01-10,28.3,21.9,24.6,86,1.56,17.06,3.20
1993-01-11,29.1,22.1,25.1,83,1.83,19.43,2.40
1993-01-12,28.6,22.6,25.4,84,1.72,18.36,1.30
1993-01-13,28.8,22.6,25.0,86,1.80,17.04,4.30
1993-01-14,29.6,22.4,25.5,85,1.26,16.82,5.60
1993-01-15,27.9,22.7,24.8,84,1.76,13.77,5.20
1993-01-16,29.6,22.1,25.4,83,1.46,20.38,1.80
1993-01-17,29.5,22.4,25.1,85,1.59,21.57,7.30
1993-01-18,29.6,22.2,25.3,83,1.80,19.84,2.30
1993-01-19,28.3,22.8,25.1,86,1.37,16.41,4.20
1993-01-20,30.1,22.3,25.7,85,1.32,19.27,0.80
1993-01-21,29.0,22.9,25.6,83,1.29,17.15,3.90
1993-01-22,29.4,22.6,25.3,85,1.87,17.27,7.40
1993-01-23,31.0,21.4,26.2,78,1.86,25.89,0.00
1993-01-24,30.6,22.7,26.5,81,1.27,23.21,0.80
1993-01-25,30.7,23.9,26.5,79,2.18,21.90,1.90
1993-01-26,30.8,23.3,26.6,79,2.15,24.37,1.00
1993-01-27,30.3,23.6,26.3,79,1.87,21.02,1.10
1993-01-28,31.1,22.5,26.6,78,1.62,21.77,0.10
1993-01-29,29.6,23.1,25.9,80,1.75,17.74,1.90
1993-01-30,27.9,22.4,25.0,85,1.38,17.39,6.20
1993-01-31,30.0,22.3,25.2,83,1.71,21.85,4.60
1993-02-01,29.7,21.7,25.6,80,1.94,22.72,0.00
1993-02-02,29.5,22.2,25.3,84,1.09,19.47,7.50
1993-02-03,29.2,22.5,25.7,84,1.83,18.25,0.00
1993-02-04,30.2,23.3,26.2,80,1.82,18.84,2.20
1993-02-05,26.7,23.0,24.4,93,1.22,9.55,18.10
1993-02-06,27.7,22.0,24.2,90,1.19,11.39,9.50
1993-02-07,30.1,22.0,25.3,87,1.59,19.26,3.70
1993-02-08,29.4,22.9,26.0,82,2.36,17.91,0.40
1993-02-09,29.3,22.9,25.7,85,1.52,16.89,17.60
1993-02-10,29.8,22.7,25.6,87,1.15,17.42,13.10
1993-02-11,28.1,23.0,24.9,89,1.11,11.98,5.40
1993-02-12,26.2,22.5,24.0,91,0.88,9.48,12.40
1993-02-13,27.6,22.6,24.5,88,1.63,12.96,13.30
1993-02-14,27.0,22.7,24.4,89,1.43,12.42,7.20
1993-02-15,28.1,22.2,24.7,89,1.06,15.30,11.50
1993-02-16,27.0,22.2,23.9,91,0.97,9.05,20.50
1993-02-17,23.5,22.0,22.6,93,1.34,4.54,30.70
1993-02-18,26.3,21.0,23.4,83,1.37,13.11,1.90
1993-02-19,27.3,21.7,24.4,84,1.35,11.73,0.30
1993-02-20,29.9,22.1,25.6,79,2.25,21.15,0.50
1993-02-21,30.2,22.7,25.6,82,1.87,21.96,1.60
1993-02-22,29.0,22.5,25.4,84,1.30,18.24,10.10
1993-02-23,28.3,22.4,24.7,88,0.98,15.11,13.30
1993-02-24,27.6,21.9,24.4,88,0.97,14.49,7.20
1993-02-25,29.0,22.7,25.1,87,0.81,16.90,10.20
1993-02-26,26.6,22.6,24.1,92,1.37,11.24,4.70
1993-02-27,29.2,22.1,24.9,86,1.79,15.51,1.20
1993-02-28,28.2,22.2,24.8,88,1.70,15.57,5.20
1993-03-01,28.1,22.5,24.3,89,1.24,13.96,13.10
1993-03-02,28.4,22.3,24.7,84,1.61,14.53,18.60
1993-03-03,29.7,22.8,25.4,84,1.46,19.21,4.40
1993-03-04,27.5,22.2,24.6,87,1.49,11.55,1.40
1993-03-05,29.3,22.3,24.8,89,0.98,18.17,18.70
1993-03-06,28.8,22.1,24.9,86,1.86,18.68,2.90
1993-03-07,29.7,22.2,25.3,84,1.79,19.65,2.60
1993-03-08,29.9,22.4,25.7,83,2.05,20.43,1.90
1993-03-09,30.2,22.6,26.1,81,1.97,21.34,0.50
1993-03-10,30.5,22.8,26.4,81,1.42,23.63,0.60
1993-03-11,29.1,23.1,25.7,85,1.46,15.80,1.20
1993-03-12,30.4,22.6,26.2,84,1.59,21.75,0.70
1993-03-13,29.8,23.2,25.9,85,1.57,18.62,3.70
1993-03-14,29.5,22.7,26.1,83,1.53,18.58,0.10
1993-03-15,29.7,23.3,26.0,83,1.87,18.61,0.90
1993-03-16,28.0,23.1,25.1,87,1.54,13.73,5.90
1993-03-17,28.7,22.5,25.1,86,0.74,15.80,8.70
1993-03-18,29.1,22.9,24.9,87,0.93,16.09,4.80
1993-03-19,29.5,22.4,25.3,86,1.37,18.10,3.40
1993-03-20,28.1,22.8,24.8,87,1.63,14.63,3.80
1993-03-21,29.6,22.0,25.2,86,1.61,20.57,6.40
1993-03-22,28.8,22.6,25.0,88,1.36,15.82,9.10
1993-03-23,29.3,22.4,25.6,86,1.46,18.41,3.40
1993-03-24,29.4,23.0,25.9,84,1.76,19.56,0.00
1993-03-25,29.6,23.2,25.5,85,1.66,18.12,3.40
1993-03-26,28.7,22.3,25.1,86,1.24,16.40,3.10
1993-03-27,28.4,22.7,24.9,86,1.45,15.58,8.90
1993-03-28,28.0,22.3,24.5,89,1.38,13.45,5.40
1993-03-29,28.4,22.4,24.9,88,1.18,14.15,2.70
1993-03-30,28.2,23.1,24.8,88,1.54,14.18,4.90
1993-03-31,29.8,21.9,25.0,87,1.30,19.54,6.50
1993-04-01,29.4,22.1,25.5,86,1.37,17.34,1.10
1993-04-02,29.1,23.6,25.4,85,1.56,14.44,0.40
1993-04-03,28.4,22.5,24.9,87,1.27,15.17,8.10
1993-04-04,27.5,22.7,24.8,89,1.11,13.13,1.50
1993-04-05,28.9,22.7,25.2,86,1.76,17.20,1.80
1993-04-06,29.3,23.1,25.5,84,1.94,14.99,2.50
1993-04-07,30.3,22.0,26.1,82,1.70,19.85,1.30
1993-04-08,29.6,22.8,26.1,85,1.46,20.18,2.40
1993-04-09,29.4,22.7,25.9,87,1.37,17.04,10.30
1993-04-10,29.6,23.1,26.1,85,1.45,17.49,0.50
1993-04-11,29.2,22.8,25.8,84,1.52,14.91,1.10
1993-04-12,29.8,23.3,25.6,86,1.37,18.14,7.90
1993-04-13,29.6,22.2,25.7,84,1.69,18.96,0.00
1993-04-14,31.2,22.7,26.6,82,1.74,22.02,0.30
1993-04-15,31.2,22.9,26.4,83,1.62,20.72,1.30
1993-04-16,30.3,23.4,25.8,86,1.59,17.52,7.20
1993-04-17,29.0,22.7,25.3,87,1.52,16.11,9.20
1993-04-18,29.5,23.0,25.7,86,1.22,17.21,4.70
1993-04-19,28.8,22.9,25.3,88,1.53,15.22,1.30
1993-04-20,29.6,22.5,25.7,84,1.72,18.21,1.70
1993-04-21,28.4,23.3,25.5,86,1.45,14.52,2.40
1993-04-22,29.2,23.0,25.8,84,1.92,16.98,0.10
1993-04-23,29.4,23.0,25.7,86,1.49,17.89,5.60
1993-04-24,29.1,23.1,25.5,88,1.50,15.92,9.80
1993-04-25,29.7,23.2,25.8,85,1.38,15.57,5.10
1993-04-26,28.9,23.3,25.7,88,0.96,13.64,2.60
1993-04-27,29.0,23.2,25.4,88,1.27,13.11,9.20
1993-04-28,29.2,22.7,25.2,89,1.32,15.98,5.20
1993-04-29,28.4,22.8,24.9,90,1.72,13.60,7.90
1993-04-30,30.0,22.8,25.4,87,1.58,19.36,15.20
1993-05-01,27.1,22.5,24.3,91,1.18,10.29,11.10
1993-05-02,27.3,22.4,24.6,91,1.13,11.17,10.00
1993-05-03,28.1,22.3,24.7,90,1.56,13.49,4.80
1993-05-04,29.4,22.8,25.6,84,2.08,18.00,0.30
1993-05-05,29.9,23.0,25.7,85,2.06,18.58,1.80
1993-05-06,30.9,22.3,26.2,84,1.93,19.71,0.40
1993-05-07,31.2,23.9,27.0,80,2.51,21.11,0.00
1993-05-08,31.6,22.4,26.9,76,2.48,22.31,0.00
1993-05-09,31.9,22.2,27.0,74,2.55,21.81,0.00
1993-05-10,31.1,22.0,26.8,75,2.49,20.84,0.00
1993-05-11,31.2,23.0,26.8,74,2.54,20.78,0.00
1993-05-12,31.5,22.9,26.9,75,1.82,20.50,0.00
1993-05-13,31.0,23.4,26.7,82,1.88,20.87,0.30
1993-05-14,30.6,23.9,26.6,83,1.92,17.13,1.50
1993-05-15,30.6,23.3,26.5,85,1.40,17.68,0.60
1993-05-16,30.1,23.9,26.8,85,1.69,15.91,0.10
1993-05-17,29.8,23.5,26.5,85,1.78,16.53,0.50
1993-05-18,30.1,23.0,26.3,82,1.91,18.69,0.50
1993-05-19,29.7,22.7,26.1,82,1.27,17.74,0.10
1993-05-20,30.3,23.7,26.3,84,1.32,17.27,9.20
1993-05-21,28.0,23.4,25.1,88,1.69,11.42,8.10
1993-05-22,28.7,22.6,24.7,88,1.42,14.04,7.00
1993-05-23,28.8,22.4,25.2,84,2.15,17.15,1.10
1993-05-24,29.8,22.4,25.7,78,2.71,19.32,0.00
1993-05-25,30.0,23.3,26.2,78,2.48,17.94,0.00
1993-05-26,30.2,23.0,26.4,76,2.62,18.70,0.00
1993-05-27,31.1,22.3,26.6,75,2.32,19.09,0.10
1993-05-28,31.9,22.3,26.9,74,2.11,20.06,0.00
1993-05-29,31.5,22.1,26.9,74,2.38,20.64,0.00
1993-05-30,30.1,22.5,26.2,79,2.54,18.22,0.40
1993-05-31,31.4,22.0,26.5,75,2.47,19.42,0.00
1993-06-01,31.1,22.9,26.7,76,1.69,19.65,0.10
1993-06-02,30.8,23.1,26.7,79,1.53,18.86,0.30
1993-06-03,29.5,23.0,26.1,82,1.79,16.00,0.50
1993-06-04,30.6,22.2,25.9,77,2.37,18.81,0.30
1993-06-05,31.1,21.2,26.0,74,2.68,19.01,0.00
1993-06-06,32.1,22.1,26.6,68,2.41,21.83,0.00
1993-06-07,32.0,21.5,26.5,68,2.47,20.57,0.00
1993-06-08,32.1,21.8,26.7,70,2.58,20.10,0.00
1993-06-09,32.3,21.7,26.8,67,2.74,21.78,0.00
1993-06-10,29.1,22.5,25.5,75,1.30,9.40,0.10
1993-06-11,30.4,23.7,26.1,81,2.50,16.04,0.50
1993-06-12,31.7,23.0,27.1,76,2.38,18.30,0.20
1993-06-13,32.5,22.9,27.4,68,2.48,20.12,0.00
1993-06-14,31.4,22.2,26.4,67,2.98,18.94,0.00
1993-06-15,32.3,23.0,26.9,60,3.22,19.94,0.00
1993-06-16,32.2,22.5,27.0,58,3.19,20.12,0.00
1993-06-17,32.4,22.4,27.0,57,3.19,19.61,0.00
1993-06-18,32.9,22.1,27.3,60,2.11,19.07,0.00
1993-06-19,32.9,22.7,27.6,65,1.89,19.77,0.00
1993-06-20,32.2,23.7,27.7,69,2.16,18.59,0.00
1993-06-21,31.2,23.5,26.7,75,1.95,15.96,0.10
1993-06-22,32.1,22.7,27.0,68,2.50,19.23,0.00
1993-06-23,32.9,22.1,27.1,66,2.53,19.17,0.00
1993-06-24,33.6,22.0,27.7,60,2.50,19.99,0.00
1993-06-25,33.8,23.0,28.1,58,2.15,20.75,0.00
1993-06-26,31.5,23.1,27.3,63,2.53,18.49,0.50
1993-06-27,32.6,22.6,27.2,67,2.26,18.46,0.00
1993-06-28,33.6,23.0,27.8,65,2.39,20.28,0.00
1993-06-29,33.7,22.8,27.9,62,1.91,19.58,0.00
1993-06-30,33.1,22.7,27.8,64,1.67,20.04,0.00
1993-07-01,32.7,23.3,27.7,64,2.27,20.20,0.00
1993-07-02,32.6,23.4,27.6,68,2.41,19.06,0.00
1993-07-03,32.5,22.8,27.6,67,2.12,19.07,0.00
1993-07-04,33.6,22.8,28.0,63,2.13,20.45,0.00
1993-07-05,31.7,22.9,27.2,66,2.61,19.18,0.00
1993-07-06,32.1,22.7,27.3,64,2.06,18.72,0.00
1993-07-07,33.1,22.5,27.6,62,1.75,20.03,0.10
1993-07-08,33.3,23.4,27.9,62,2.19,19.32,0.00
1993-07-09,31.6,23.1,27.3,66,2.86,16.62,0.10
1993-07-10,32.9,23.2,27.8,60,3.04,17.80,0.00
1993-07-11,30.6,24.4,27.4,66,2.67,15.15,0.00
1993-07-12,33.5,22.4,27.5,59,2.35,20.24,0.00
1993-07-13,31.8,23.1,27.5,56,2.53,17.24,0.00
1993-07-14,32.9,23.6,27.8,59,2.86,18.62,0.00
1993-07-15,33.2,23.4,28.1,58,2.59,19.59,0.00
1993-07-16,33.5,22.9,28.2,52,2.79,20.13,0.00
1993-07-17,33.8,23.2,28.2,51,2.60,22.28,0.00
1993-07-18,34.0,23.9,28.4,42,3.23,22.26,0.00
1993-07-19,33.8,23.0,28.3,46,2.80,22.43,0.00
1993-07-20,33.5,24.5,28.4,43,2.52,22.06,0.00
1993-07-21,33.7,20.6,27.3,46,2.66,22.35,0.00
1993-07-22,33.7,22.5,28.2,50,2.69,22.03,0.00
1993-07-23,33.9,22.7,28.1,55,2.70,21.11,0.00
1993-07-24,34.2,23.0,28.2,57,2.51,21.24,0.00
1993-07-25,31.9,23.0,27.5,62,1.91,17.94,0.10
1993-07-26,32.6,23.3,27.4,68,1.54,19.23,0.40
1993-07-27,32.4,23.5,27.8,66,2.32,18.00,0.00
1993-07-28,33.6,23.0,28.1,62,2.83,20.61,0.00
1993-07-29,34.3,22.4,28.0,54,2.79,23.17,0.00
1993-07-30,33.8,21.8,27.5,42,2.79,23.53,0.00
1993-07-31,34.1,21.2,27.5,47,2.27,23.36,0.00
1993-08-01,33.9,22.6,28.3,49,1.69,19.85,0.00
1993-08-02,33.1,24.9,28.4,58,2.84,18.83,0.00
1993-08-03,34.0,23.7,28.5,57,2.88,21.65,0.00
1993-08-04,33.6,23.3,28.5,52,2.08,19.50,0.00
1993-08-05,34.2,23.6,28.8,47,2.25,21.03,0.00
1993-08-06,34.1,24.6,29.0,45,2.49,22.82,0.00
1993-08-07,33.8,23.4,28.5,51,2.74,21.51,0.00
1993-08-08,34.5,23.1,28.6,53,2.72,21.31,0.00
1993-08-09,34.2,22.6,28.5,51,2.46,21.09,0.00
1993-08-10,33.4,23.5,28.3,61,2.28,20.59,0.00
1993-08-11,34.1,24.3,29.0,60,1.87,20.78,0.00
1993-08-12,34.3,24.7,29.0,62,2.02,19.86,0.00
1993-08-13,33.6,24.9,28.5,63,2.47,18.84,0.10
1993-08-14,33.0,24.1,28.3,62,2.39,19.24,0.20
1993-08-15,32.1,23.8,27.9,66,2.32,17.95,0.20
1993-08-16,33.1,23.7,27.8,64,2.45,19.36,0.30
1993-08-17,33.2,23.2,28.0,60,2.10,20.50,0.00
1993-08-18,31.8,23.7,27.4,66,1.94,17.76,0.30
1993-08-19,31.7,23.7,27.6,66,1.68,17.55,0.20
1993-08-20,33.3,24.2,28.2,65,1.64,19.59,0.70
1993-08-21,33.2,24.1,28.4,64,2.23,20.13,0.00
1993-08-22,33.1,24.3,28.4,62,2.35,20.51,0.20
1993-08-23,32.5,24.0,27.8,62,2.29,18.87,0.20
1993-08-24,33.5,22.5,28.1,56,2.59,22.20,0.00
1993-08-25,35.1,23.3,29.0,48,2.83,23.63,0.00
1993-08-26,35.2,23.8,29.1,50,2.73,23.03,0.00
1993-08-27,34.1,23.8,28.7,54,2.48,21.39,0.00
1993-08-28,34.4,24.5,29.0,55,2.65,22.32,0.00
1993-08-29,32.9,24.7,28.6,61,1.67,20.02,0.50
1993-08-30,32.6,24.1,28.2,64,1.66,21.06,0.00
1993-08-31,33.4,24.2,28.7,60,2.36,21.18,0.20
1993-09-01,33.5,24.3,28.6,61,2.43,21.35,0.20
1993-09-02,33.3,24.1,28.3,63,2.64,20.62,0.20
1993-09-03,34.3,24.3,28.8,61,2.17,23.14,0.20
1993-09-04,32.1,24.5,28.3,65,1.51,20.24,0.20
1993-09-05,32.2,24.0,28.0,63,2.20,20.83,0.00
1993-09-06,33.6,23.7,28.5,59,2.68,22.08,0.00
1993-09-07,35.1,23.9,29.1,55,3.02,23.43,0.00
1993-09-08,34.1,25.1,29.2,58,2.36,20.03,0.00
1993-09-09,33.7,24.7,29.0,61,1.35,22.86,0.00
1993-09-10,33.7,24.5,28.8,60,1.87,22.00,0.20
1993-09-11,35.1,23.8,29.2,56,2.16,23.32,0.00
1993-09-12,35.1,25.0,29.5,60,2.38,23.08,0.00
1993-09-13,34.2,24.8,29.1,59,2.66,22.63,0.30
1993-09-14,34.4,24.3,29.1,54,2.78,23.78,0.00
1993-09-15,34.3,24.1,29.0,54,2.72,23.48,0.00
1993-09-16,34.7,24.2,29.4,51,2.87,22.91,0.00
1993-09-17,34.7,24.1,29.3,52,2.77,23.10,0.00
1993-09-18,34.6,24.5,29.4,55,2.64,23.59,0.00
1993-09-19,34.4,25.1,29.7,57,2.11,23.84,0.00
1993-09-20,33.0,25.6,28.8,60,1.34,21.29,0.10
1993-09-21,31.1,24.2,27.5,71,1.44,17.43,1.70
1993-09-22,33.3,24.7,28.6,67,1.66,21.32,0.40
1993-09-23,33.6,24.9,28.9,60,1.65,24.26,0.00
1993-09-24,34.3,24.9,29.2,62,1.43,21.69,0.50
1993-09-25,32.3,23.4,27.6,72,1.64,21.04,3.80
1993-09-26,30.9,23.4,26.8,77,1.99,17.83,3.90
1993-09-27,31.1,23.9,27.3,74,1.57,20.49,0.20
1993-09-28,32.2,23.7,27.9,71,1.35,21.95,0.60
1993-09-29,32.2,24.1,27.6,72,2.02,19.81,1.00
1993-09-30,31.0,23.9,27.3,75,1.82,17.83,1.90
1993-10-01,33.1,23.7,28.2,67,2.01,22.99,0.00
1993-10-02,33.7,24.0,28.6,65,1.78,22.68,0.10
1993-10-03,33.1,24.1,28.6,69,1.48,22.81,0.40
1993-10-04,32.5,24.4,28.1,68,2.47,19.81,0.10
1993-10-05,33.5,24.6,28.5,65,1.95,23.34,0.10
1993-10-06,33.8,24.8,28.8,67,0.89,23.34,0.20
1993-10-07,33.9,25.3,29.0,67,0.90,22.28,1.30
1993-10-08,32.9,25.2,28.1,71,1.72,20.32,2.30
1993-10-09,30.2,24.4,26.8,74,2.20,15.27,2.60
1993-10-10,31.3,24.0,27.4,71,2.11,18.87,0.10
1993-10-11,35.1,23.0,29.1,56,2.71,24.69,0.00
1993-10-12,33.5,24.3,28.9,60,1.81,22.40,0.10
1993-10-13,33.0,25.0,28.7,65,1.71,19.81,0.30
1993-10-14,32.4,24.5,28.3,66,1.55,21.79,0.80
1993-10-15,32.0,24.3,28.2,67,1.70,19.44,0.10
1993-10-16,32.6,24.2,28.0,69,1.67,22.03,0.60
1993-10-17,31.7,24.4,28.0,68,1.53,17.69,0.20
1993-10-18,34.0,24.6,28.7,67,1.98,23.13,0.70
1993-10-19,32.7,24.2,27.9,71,1.92,21.01,2.60
1993-10-20,33.3,24.1,28.1,72,1.37,21.54,1.70
1993-10-21,32.2,23.9,27.8,74,1.92,21.83,0.60
1993-10-22,32.6,24.6,28.3,70,2.02,19.85,0.00
1993-10-23,33.1,24.6,28.1,73,1.03,21.19,1.50
1993-10-24,32.5,24.9,28.6,71,1.09,22.12,0.30
1993-10-25,32.3,25.6,28.6,70,1.31,21.28,0.00
1993-10-26,32.3,24.8,28.2,71,1.22,19.70,0.40
1993-10-27,32.7,24.5,28.5,69,1.42,22.62,0.90
1993-10-28,33.2,25.3,28.8,67,1.80,20.11,0.50
1993-10-29,31.6,23.7,27.6,72,1.86,18.02,2.80
1993-10-30,33.1,23.8,28.4,66,1.74,22.73,0.10
1993-10-31,32.6,24.5,28.7,63,1.94,22.02,0.00
1993-11-01,33.9,24.6,28.9,63,2.31,23.31,0.80
1993-11-02,33.5,24.3,28.7,68,1.61,22.98,0.40
1993-11-03,34.3,25.9,29.2,66,1.85,22.52,0.50
1993-11-04,32.4,25.2,28.5,69,1.65,19.57,0.30
1993-11-05,31.0,23.7,27.0,76,1.50,17.92,3.30
1993-11-06,30.0,23.0,26.1,82,1.47,17.15,9.40
1993-11-07,30.9,24.2,27.1,80,1.44,20.28,2.50
1993-11-08,32.3,24.3,28.1,75,1.80,21.74,0.30
1993-11-09,30.8,23.8,27.1,78,1.79,18.28,6.70
1993-11-10,29.9,22.9,25.7,86,0.93,17.87,7.60
1993-11-11,30.9,23.5,27.1,81,1.40,21.79,0.00
1993-11-12,29.6,24.3,26.3,82,1.67,15.69,4.70
1993-11-13,29.7,23.7,25.6,85,1.99,14.94,13.50
1993-11-14,32.7,22.8,27.5,72,1.69,26.21,0.00
1993-11-15,31.0,23.8,27.2,76,1.17,20.56,1.20
1993-11-16,29.7,23.7,26.0,82,1.84,15.81,3.20
1993-11-17,29.8,23.2,26.3,84,1.07,15.44,0.20
1993-11-18,29.9,23.5,26.2,86,1.37,17.40,5.60
1993-11-19,30.1,23.4,26.2,85,0.93,16.39,9.00
1993-11-20,29.0,23.4,25.6,86,1.48,15.10,10.20
1993-11-21,30.4,23.7,26.5,82,1.76,18.76,2.10
1993-11-22,28.7,23.0,25.6,86,1.20,14.43,4.80
1993-11-23,28.8,23.2,25.3,87,1.68,14.98,7.50
1993-11-24,31.5,22.3,26.7,81,1.72,22.22,0.30
1993-11-25,30.6,23.8,26.9,82,1.42,21.99,0.30
1993-11-26,30.3,23.9,27.1,81,1.54,21.61,1.80
1993-11-27,30.2,24.0,26.0,85,1.70,16.47,3.90
1993-11-28,29.5,22.8,25.7,86,0.99,15.78,5.20
1993-11-29,29.4,23.0,26.1,86,1.17,14.44,2.80
1993-11-30,28.7,23.5,25.9,87,1.05,16.01,8.30
1993-12-01,29.7,23.6,26.4,83,1.36,16.41,0.80
1993-12-02,31.0,23.6,26.8,81,1.86,20.11,3.10
1993-12-03,28.5,23.4,25.6,84,1.76,11.38,0.10
1993-12-04,29.9,22.7,26.2,83,1.33,18.08,1.50
1993-12-05,30.2,23.0,26.1,85,1.17,19.50,6.20
1993-12-06,29.4,23.7,25.8,85,1.56,14.31,3.60
1993-12-07,31.0,23.5,27.1,77,1.88,22.91,0.00
1993-12-08,31.4,24.0,27.2,78,1.59,22.04,0.20
1993-12-09,31.6,24.4,27.3,81,1.40,21.18,0.70
1993-12-10,31.4,23.9,27.6,79,1.94,21.84,0.00
1993-12-11,31.2,24.1,27.3,81,1.19,19.88,2.10
1993-12-12,29.3,23.7,25.7,88,1.10,15.20,9.60
1993-12-13,28.6,22.8,25.3,87,1.06,14.71,6.50
1993-12-14,29.6,23.0,25.5,88,1.10,16.35,12.20
1993-12-15,29.7,23.4,26.2,84,1.76,16.43,3.90
1993-12-16,30.4,24.1,26.8,83,1.33,17.74,1.10
1993-12-17,31.0,23.3,26.8,82,0.97,21.07,0.90
1993-12-18,28.8,23.2,25.7,87,1.12,13.87,7.90
1993-12-19,29.5,24.1,26.2,86,0.91,15.59,5.50
1993-12-20,28.9,23.6,25.5,89,1.14,13.76,9.70
1993-12-21,29.5,22.8,25.2,88,1.51,16.75,23.90
1993-12-22,30.5,23.1,26.3,84,1.47,20.01,5.30
1993-12-23,25.4,23.2,24.1,95,1.01,3.52,30.50
1993-12-24,26.2,23.0,24.4,92,1.31,9.62,12.00
1993-12-25,30.4,22.6,26.2,84,1.41,21.41,4.80
1993-12-26,27.9,23.0,24.6,90,1.64,10.66,12.90
1993-12-27,26.6,22.9,24.0,96,1.08,7.95,16.40
1993-12-28,27.7,22.6,24.8,87,1.19,11.77,6.00
1993-12-29,30.3,22.6,26.4,82,1.21,22.67,0.50
1993-12-30,30.0,23.8,26.2,84,1.53,19.48,3.80
1993-12-31,29.2,23.2,25.8,85,1.20,17.65,1.50
1994-01-01,29.7,22.9,25.9,87,1.24,18.49,6.90
1994-01-02,29.1,22.9,25.5,85,1.13,16.29,5.60
1994-01-03,28.1,23.1,25.0,88,1.54,12.57,17.20
1994-01-04,26.5,22.4,24.0,94,1.14,9.72,17.90
1994-01-05,28.0,22.4,24.7,88,1.20,13.59,4.50
1994-01-06,28.0,22.3,24.5,88,1.22,13.49,7.90
1994-01-07,28.4,22.5,24.7,91,1.25,14.20,13.70
1994-01-08,29.4,22.3,25.2,87,1.01,14.87,3.00
1994-01-09,30.0,22.8,25.9,85,1.07,17.31,3.00
1994-01-10,28.1,23.2,25.3,87,1.17,14.27,7.50
1994-01-11,29.2,22.7,25.5,88,1.28,17.00,3.20
1994-01-12,27.3,22.7,24.6,89,1.22,10.30,11.40
1994-01-13,26.5,22.6,24.1,91,1.12,8.92,17.70
1994-01-14,28.8,22.4,24.9,90,1.31,15.47,10.40
1994-01-15,27.9,22.8,24.8,87,1.52,12.86,9.70
1994-01-16,29.0,22.7,25.2,88,0.98,15.89,13.60
1994-01-17,25.6,22.6,23.7,95,1.24,7.69,23.50
1994-01-18,28.0,22.3,24.6,89,1.19,16.25,12.70
1994-01-19,29.7,22.2,25.1,86,1.30,16.98,10.40
1994-01-20,28.7,22.5,25.0,86,0.82,15.93,1.20
1994-01-21,28.2,22.6,25.1,86,1.08,14.69,5.10
1994-01-22,28.3,22.6,25.0,87,1.33,14.15,4.40
1994-01-23,29.4,22.9,25.5,86,1.30,16.82,7.70
1994-01-24,29.7,22.6,25.8,84,1.14,18.59,2.00
1994-01-25,30.3,23.1,26.5,80,1.85,21.59,0.90
1994-01-26,30.7,23.3,26.8,77,1.62,23.85,0.00
1994-01-27,30.7,23.0,26.6,81,1.43,22.76,0.30
1994-01-28,30.0,22.3,25.7,84,1.62,19.84,4.20
1994-01-29,27.7,22.5,24.7,88,1.63,14.48,12.60
1994-01-30,28.3,22.3,24.3,90,1.00,14.90,12.40
1994-01-31,28.5,22.2,24.8,88,1.15,15.74,13.90
1994-02-01,27.6,22.6,24.6,87,1.13,13.08,2.90
1994-02-02,29.4,22.6,25.5,86,1.19,20.01,3.30
1994-02-03,28.5,23.3,25.2,87,0.86,14.86,22.20
1994-02-04,29.1,22.4,25.3,86,0.87,18.00,5.40
1994-02-05,28.5,22.8,24.9,87,1.29,15.00,10.80
1994-02-06,27.6,22.7,24.8,86,1.19,13.39,11.90
1994-02-07,26.5,22.1,24.1,91,1.13,11.32,7.10
1994-02-08,29.7,22.1,25.2,88,0.90,18.58,13.20
1994-02-09,27.8,22.0,24.4,88,1.03,13.15,5.50
1994-02-10,28.0,22.1,24.5,88,1.25,14.07,9.10
1994-02-11,27.8,22.6,24.6,89,1.16,16.05,12.60
1994-02-12,27.7,22.1,24.6,88,0.80,14.02,4.50
1994-02-13,28.1,22.2,24.5,87,1.07,15.71,2.70
1994-02-14,27.7,22.6,24.9,85,1.24,13.60,2.50
1994-02-15,27.2,22.2,24.8,88,1.44,12.58,4.00
1994-02-16,29.6,22.1,25.4,87,1.39,19.37,1.70
1994-02-17,31.0,21.9,26.5,82,1.86,22.58,0.30
1994-02-18,30.0,23.2,26.0,84,2.07,19.04,3.60
1994-02-19,28.5,23.4,25.2,85,1.93,14.11,6.20
1994-02-20,29.6,22.9,25.3,87,1.47,17.56,10.10
1994-02-21,28.0,22.8,24.8,89,1.15,14.23,8.80
1994-02-22,28.5,22.6,24.8,87,1.00,14.40,10.50
1994-02-23,29.3,22.5,25.4,86,0.89,18.06,8.80
1994-02-24,29.5,22.9,25.6,85,1.19,20.37,1.60
1994-02-25,30.8,23.0,26.2,83,1.30,22.45,8.30
1994-02-26,28.9,22.5,24.9,89,1.08,16.11,11.40
1994-02-27,29.4,22.9,25.7,85,1.47,18.82,8.10
1994-02-28,29.2,23.6,25.6,84,1.42,14.57,1.60
1994-03-01,29.8,22.7,25.5,85,1.27,19.97,11.50
1994-03-02,28.9,22.6,24.8,87,1.20,14.64,11.60
1994-03-03,27.7,23.0,24.7,90,1.31,13.14,16.10
1994-03-04,26.2,23.0,24.2,93,1.42,9.12,11.40
1994-03-05,27.3,22.4,24.0,92,1.13,10.47,27.60
1994-03-06,24.7,21.6,22.9,92,1.06,5.45,69.80
1994-03-07,28.1,22.0,24.6,85,1.60,12.16,0.30
1994-03-08,28.7,22.6,25.3,85,1.20,19.22,4.40
1994-03-09,27.6,22.4,24.7,88,1.40,14.28,2.60
1994-03-10,28.9,22.6,25.3,84,1.37,17.18,0.80
1994-03-11,28.5,22.7,25.5,86,1.04,17.97,0.80
1994-03-12,29.4,22.6,25.5,85,1.39,18.84,1.70
1994-03-13,29.9,22.6,25.7,83,1.46,20.06,0.50
1994-03-14,29.6,22.4,25.5,85,1.66,19.19,0.50
1994-03-15,28.7,22.4,25.3,86,1.43,16.19,9.00
1994-03-16,27.2,22.4,24.7,88,1.69,13.84,4.90
1994-03-17,28.8,22.2,25.1,87,1.26,16.24,0.40
1994-03-18,29.8,22.7,25.7,83,1.93,19.58,0.40
1994-03-19,29.6,23.2,25.8,84,1.41,17.92,0.60
1994-03-20,26.9,23.1,24.4,91,1.33,9.87,29.90
1994-03-21,28.4,21.9,24.6,89,1.08,14.11,8.50
1994-03-22,29.2,22.4,25.4,87,1.13,18.05,1.00
1994-03-23,29.5,22.8,25.4,86,1.31,17.24,3.20
1994-03-24,29.0,22.2,25.2,85,1.84,17.23,1.80
1994-03-25,29.6,22.7,25.8,84,1.48,18.67,0.50
1994-03-26,29.1,22.7,25.5,86,1.72,16.55,9.50
1994-03-27,29.6,23.0,25.6,86,1.82,18.14,2.00
1994-03-28,30.1,22.7,25.9,85,1.80,17.76,0.30
1994-03-29,26.0,23.1,24.5,90,1.17,8.57,19.70
1994-03-30,28.8,22.3,24.9,88,1.26,16.16,4.10
1994-03-31,29.0,22.9,25.4,86,1.26,14.89,1.20
1994-04-01,29.1,22.6,25.2,89,1.39,15.75,6.20
1994-04-02,29.0,22.7,25.6,87,1.26,17.03,2.60
1994-04-03,28.4,22.9,25.4,86,1.02,14.79,2.30
1994-04-04,29.2,22.6,25.3,88,0.78,16.88,8.40
1994-04-05,27.5,22.8,24.7,90,1.23,12.15,13.30
1994-04-06,29.2,22.4,25.0,89,1.11,14.48,3.90
1994-04-07,29.1,21.9,25.0,88,1.10,16.65,5.90
1994-04-08,27.8,22.7,25.0,89,1.02,14.12,9.50
1994-04-09,27.3,22.9,24.5,90,1.01,12.24,25.10
1994-04-10,26.6,22.4,24.1,92,1.29,9.89,12.70
1994-04-11,27.9,22.4,24.6,86,1.16,13.54,15.80
1994-04-12,28.9,22.2,25.4,85,1.38,16.64,1.20
1994-04-13,28.0,22.0,24.8,89,1.12,13.35,4.30
1994-04-14,27.6,22.3,24.6,90,1.08,11.80,8.90
1994-04-15,29.4,22.1,25.1,85,1.41,18.68,0.20
1994-04-16,28.6,21.9,25.2,87,1.26,18.34,0.50
1994-04-17,28.7,22.8,25.2,87,1.04,12.97,2.70
1994-04-18,29.4,22.4,25.4,87,1.15,17.02,5.30
1994-04-19,28.4,23.0,25.4,86,1.49,14.97,3.70
1994-04-20,29.0,22.9,25.3,87,2.03,15.65,6.90
1994-04-21,29.6,22.6,25.5,85,1.40,16.68,5.70
1994-04-22,29.8,22.1,25.9,86,1.25,19.46,0.40
1994-04-23,30.7,23.2,26.5,84,1.46,20.00,0.90
1994-04-24,30.6,23.0,26.7,80,2.01,20.39,0.40
1994-04-25,30.1,23.4,26.1,82,2.08,17.61,1.40
1994-04-26,30.1,23.3,26.5,80,2.00,20.29,0.10
1994-04-27,29.7,23.1,26.2,81,2.14,18.44,0.50
1994-04-28,30.2,22.7,26.4,82,1.58,20.58,0.40
1994-04-29,29.9,22.9,26.1,82,1.53,17.63,0.30
1994-04-30,29.1,23.3,26.2,82,1.50,15.93,0.30
1994-05-01,28.7,23.0,25.3,86,1.44,14.71,10.90
1994-05-02,28.7,22.4,25.4,86,1.74,16.23,1.70
1994-05-03,29.0,22.4,25.1,87,1.28,15.71,11.60
1994-05-04,29.1,22.4,25.7,84,1.42,16.46,0.20
1994-05-05,29.8,23.4,26.3,82,2.18,19.13,2.90
1994-05-06,29.9,22.7,26.2,84,2.06,19.42,0.70
1994-05-07,30.2,22.9,26.2,81,2.45,19.30,0.30
1994-05-08,31.1,23.0,26.7,77,2.67,20.99,0.10
1994-05-09,30.0,22.5,26.1,80,2.22,17.22,2.10
1994-05-10,29.7,22.7,25.6,87,1.85,17.90,0.40
1994-05-11,29.5,22.8,25.6,86,1.50,16.89,3.20
1994-05-12,28.4,22.8,24.9,88,1.49,12.78,3.60
1994-05-13,29.8,22.8,26.1,81,1.77,20.25,0.10
1994-05-14,30.0,23.4,26.4,80,2.22,18.06,1.10
1994-05-15,29.0,23.8,25.7,86,1.71,13.04,1.70
1994-05-16,28.2,22.8,25.1,88,1.43,12.66,3.10
1994-05-17,29.3,22.9,25.8,84,1.67,16.01,0.40
1994-05-18,29.4,23.3,26.2,84,1.93,17.61,0.40
1994-05-19,30.3,23.2,26.5,81,2.14,17.92,0.30
1994-05-20,30.7,22.8,26.1,80,2.42,19.67,0.80
1994-05-21,31.0,23.5,26.5,81,2.25,19.90,1.70
1994-05-22,31.1,23.8,26.7,81,1.49,19.16,1.10
1994-05-23,28.9,23.6,25.9,87,1.66,14.20,5.20
1994-05-24,29.3,23.4,25.8,86,1.60,15.00,3.80
1994-05-25,30.0,22.8,26.1,81,1.75,18.09,0.10
1994-05-26,30.5,22.9,26.5,80,1.71,19.60,0.10
1994-05-27,30.0,23.4,26.0,83,1.55,17.58,0.50
1994-05-28,28.6,22.5,25.2,87,1.37,13.71,1.40
1994-05-29,27.9,22.6,25.0,88,1.04,12.93,1.00
1994-05-30,29.5,22.4,25.2,88,1.39,15.89,2.30
1994-05-31,29.8,22.7,26.0,82,2.63,18.89,0.00
1994-06-01,29.4,22.6,25.8,78,2.44,17.40,0.10
1994-06-02,30.2,22.0,26.0,75,2.36,18.96,0.00
1994-06-03,30.5,23.1,25.9,81,2.44,18.71,2.10
1994-06-04,29.0,22.7,25.1,86,2.27,14.89,2.70
1994-06-05,29.1,23.0,25.6,82,2.29,16.38,0.60
1994-06-06,29.7,22.5,25.6,84,1.87,17.15,5.70
1994-06-07,28.3,23.0,25.5,84,1.97,14.86,0.30
1994-06-08,30.1,21.6,25.6,79,2.53,19.08,0.00
1994-06-09,30.2,22.2,26.1,76,2.22,18.74,0.00
1994-06-10,30.2,21.7,25.8,79,2.24,18.91,0.20
1994-06-11,30.6,22.1,26.1,77,2.65,19.11,0.10
1994-06-12,31.0,22.3,26.3,72,2.80,19.84,0.00
1994-06-13,30.8,22.5,26.3,72,2.54,17.86,0.00
1994-06-14,30.8,22.4,26.2,75,2.58,19.49,0.40
1994-06-15,30.6,23.2,26.3,78,2.84,17.85,0.50
1994-06-16,31.2,23.5,26.9,73,2.56,18.40,0.00
1994-06-17,30.8,22.4,26.2,78,2.31,18.77,0.40
1994-06-18,30.7,23.8,26.5,76,2.94,16.33,0.00
1994-06-19,31.3,23.6,27.0,74,2.48,17.86,0.20
1994-06-20,30.8,23.6,26.8,73,2.69,18.13,0.20
1994-06-21,30.7,23.1,26.5,77,2.04,16.65,0.20
1994-06-22,30.4,22.7,26.4,77,1.95,16.89,0.50
1994-06-23,30.3,22.9,26.0,79,1.36,16.47,0.30
1994-06-24,30.5,23.1,26.0,78,2.40,15.82,0.60
1994-06-25,30.5,22.8,26.4,77,1.84,16.96,0.40
1994-06-26,28.6,22.3,25.2,84,1.31,11.89,2.40
1994-06-27,27.9,22.4,24.9,85,1.48,12.80,4.20
1994-06-28,27.8,22.4,24.5,89,1.43,9.94,10.00
1994-06-29,28.8,22.1,25.1,84,1.80,14.75,1.60
1994-06-30,28.1,21.1,24.5,85,1.86,13.40,2.10
1994-07-01,29.5,21.2,25.1,80,2.18,18.25,0.30
1994-07-02,30.0,21.0,25.3,75,2.35,18.80,0.10
1994-07-03,29.6,21.0,25.2,74,2.47,18.04,0.00
1994-07-04,30.7,21.2,25.7,71,2.46,17.89,0.00
1994-07-05,31.2,22.5,26.2,67,2.74,19.08,0.00
1994-07-06,31.5,21.4,26.1,66,2.55,20.88,0.00
1994-07-07,32.1,20.9,26.2,65,2.64,21.27,0.00
1994-07-08,31.9,21.2,26.2,67,2.53,18.86,0.00
1994-07-09,30.6,22.1,25.9,77,1.64,17.79,1.60
1994-07-10,30.0,22.9,26.1,78,1.68,16.39,3.50
1994-07-11,28.7,22.3,25.0,83,2.19,14.30,1.30
1994-07-12,30.8,21.5,25.7,69,2.75,22.03,0.00
1994-07-13,31.3,21.0,25.7,64,2.99,20.48,0.00
1994-07-14,31.8,20.9,26.0,66,2.84,19.53,0.00
1994-07-15,32.4,21.7,26.7,61,2.93,20.85,0.00
1994-07-16,31.3,24.2,26.9,62,3.09,15.42,0.00
1994-07-17,32.4,23.0,27.2,61,2.81,21.35,0.00
1994-07-18,32.4,23.1,27.4,61,2.85,21.04,0.00
1994-07-19,31.6,22.9,27.0,62,2.86,19.20,0.00
1994-07-20,32.1,22.5,27.0,60,3.01,18.12,0.00
1994-07-21,32.1,22.5,27.0,65,2.73,20.19,0.00
1994-07-22,32.5,22.2,27.2,59,3.24,20.85,0.00
1994-07-23,33.2,21.3,27.1,54,2.70,22.80,0.00
1994-07-24,33.2,21.1,27.1,59,2.49,19.44,0.00
1994-07-25,33.8,23.5,28.1,60,2.52,19.89,0.00
1994-07-26,33.6,23.4,27.8,54,2.95,21.19,0.00
1994-07-27,32.8,22.9,27.5,50,3.56,20.40,0.00
1994-07-28,33.8,21.8,27.6,52,3.37,22.27,0.00
1994-07-29,32.8,23.4,27.6,54,3.10,19.80,0.00
1994-07-30,33.2,22.3,27.5,49,2.85,21.60,0.00
1994-07-31,33.6,22.4,27.5,48,2.67,21.15,0.00
1994-08-01,33.6,22.5,27.4,52,2.47,18.45,0.00
1994-08-02,34.0,22.8,28.1,52,2.72,22.96,0.00
1994-08-03,33.9,22.4,28.0,56,2.14,21.78,0.00
1994-08-04,33.9,22.8,28.1,60,2.08,21.40,0.10
1994-08-05,33.1,23.3,27.8,66,2.26,20.79,0.40
1994-08-06,31.7,23.0,27.2,67,2.67,18.97,0.00
1994-08-07,32.8,23.1,27.6,64,1.88,20.36,0.00
1994-08-08,33.0,23.7,27.5,65,1.96,19.19,0.00
1994-08-09,32.8,23.3,27.6,66,2.19,20.18,0.40
1994-08-10,33.5,23.0,27.9,61,2.58,21.45,0.00
1994-08-11,34.0,22.3,28.1,58,2.44,21.90,0.00
1994-08-12,33.4,22.6,28.0,58,2.33,20.97,0.00
1994-08-13,33.9,22.6,28.0,55,2.60,23.87,0.00
1994-08-14,33.9,23.4,28.4,44,2.79,24.16,0.00
1994-08-15,33.6,23.4,28.2,47,2.66,20.97,0.00
1994-08-16,34.3,22.6,28.4,50,2.24,22.85,0.00
1994-08-17,34.4,22.9,28.3,48,2.47,23.53,0.00
1994-08-18,33.9,23.5,28.3,47,3.42,23.09,0.00
1994-08-19,32.9,23.9,28.1,52,3.70,21.38,0.00
1994-08-20,34.3,23.8,28.7,49,3.30,23.73,0.00
1994-08-21,34.8,23.9,28.9,47,3.09,22.96,0.00
1994-08-22,34.4,23.4,28.7,48,3.08,21.95,0.00
1994-08-23,33.8,23.1,28.4,50,2.61,21.55,0.00
1994-08-24,34.5,23.5,28.7,55,2.37,21.67,0.00
1994-08-25,33.6,24.3,28.6,63,2.16,21.84,0.40
1994-08-26,32.7,23.8,28.1,65,1.87,21.15,0.50
1994-08-27,33.1,23.1,27.9,63,1.89,20.91,0.10
1994-08-28,34.9,23.0,28.6,56,2.21,23.23,0.00
1994-08-29,32.9,23.3,27.9,63,2.80,21.33,0.40
1994-08-30,33.2,23.4,28.0,63,2.50,21.78,0.00
1994-08-31,33.2,22.7,27.9,63,2.07,21.82,0.10
1994-09-01,33.8,23.9,28.4,65,2.15,22.80,0.00
1994-09-02,34.2,24.0,28.8,61,2.13,22.35,0.00
1994-09-03,34.5,23.9,28.8,59,2.38,23.51,0.00
1994-09-04,32.3,24.3,28.2,63,2.09,20.98,0.20
1994-09-05,33.6,24.0,28.6,61,2.11,21.16,0.00
1994-09-06,33.2,24.1,28.2,66,1.62,21.12,0.20
1994-09-07,33.4,24.5,28.8,62,2.03,21.96,0.00
1994-09-08,33.5,24.0,28.7,59,2.26,21.59,0.10
1994-09-09,34.3,24.3,29.1,62,2.46,23.57,0.00
1994-09-10,34.5,24.6,29.3,60,2.40,23.80,0.00
1994-09-11,35.2,25.2,29.5,57,2.60,23.30,0.00
1994-09-12,34.5,23.7,29.0,57,3.04,23.09,0.30
1994-09-13,34.5,24.0,28.9,54,2.89,23.18,0.20
1994-09-14,35.4,24.4,29.5,50,3.19,24.43,0.00
1994-09-15,34.9,24.0,29.2,52,2.86,23.40,0.00
1994-09-16,34.9,24.0,29.2,52,2.63,23.17,0.00
1994-09-17,33.8,24.4,29.0,57,2.75,21.73,0.00
1994-09-18,35.1,24.2,29.4,53,2.47,22.35,0.00
1994-09-19,35.6,24.2,29.4,48,2.44,24.00,0.00
1994-09-20,34.7,22.6,28.7,50,2.47,24.28,0.00
1994-09-21,35.0,22.1,28.7,45,3.04,26.19,0.00
1994-09-22,35.5,23.5,29.3,44,3.12,26.24,0.00
1994-09-23,35.3,23.9,29.5,47,3.00,25.02,0.00
1994-09-24,35.2,24.3,29.5,50,3.04,24.36,0.00
1994-09-25,34.3,23.6,28.8,57,3.07,23.77,0.10
1994-09-26,35.2,24.3,29.3,59,2.61,24.76,0.20
1994-09-27,34.8,25.0,29.3,62,1.73,24.48,0.30
1994-09-28,32.6,25.0,28.2,67,1.44,21.25,0.90
1994-09-29,32.6,23.6,27.2,74,1.43,19.02,2.30
1994-09-30,31.4,23.8,27.1,73,2.17,19.40,0.50
1994-10-01,32.7,23.8,28.1,66,2.12,22.24,0.00
1994-10-02,33.9,23.5,28.7,59,2.23,24.35,0.10
1994-10-03,33.7,24.4,28.7,64,2.10,23.52,0.30
1994-10-04,34.2,24.5,29.2,65,1.45,24.08,0.00
1994-10-05,34.1,25.0,29.1,65,2.23,23.48,0.30
1994-10-06,32.7,24.6,28.4,66,2.23,22.04,0.10
1994-10-07,32.9,24.5,27.4,73,1.41,21.22,3.60
1994-10-08,31.6,23.1,27.2,77,1.25,20.84,0.60
1994-10-09,30.3,23.9,25.8,85,1.23,15.26,23.80
1994-10-10,30.9,22.9,26.7,80,1.64,21.84,0.10
1994-10-11,32.3,22.3,27.2,68,1.99,23.76,0.00
1994-10-12,33.4,22.4,27.7,63,2.25,24.37,0.00
1994-10-13,33.2,23.5,28.2,60,2.96,25.09,0.00
1994-10-14,33.8,24.1,28.7,62,2.24,25.12,0.00
1994-10-15,31.8,23.9,27.6,73,1.30,21.93,0.20
1994-10-16,31.9,24.1,27.3,73,2.47,20.56,0.20
1994-10-17,32.9,23.2,27.2,73,1.88,21.92,0.50
1994-10-18,31.6,24.3,27.5,73,1.46,17.58,0.10
1994-10-19,32.9,24.2,28.4,66,2.35,22.01,0.10
1994-10-20,32.5,24.8,28.1,65,2.55,22.13,0.20
1994-10-21,33.9,23.9,28.6,62,2.13,24.55,0.00
1994-10-22,34.3,24.3,29.0,59,2.26,25.18,0.00
1994-10-23,34.6,24.4,29.2,59,2.45,24.15,0.00
1994-10-24,34.1,25.2,29.3,59,1.93,24.07,0.30
1994-10-25,32.5,25.3,28.8,64,1.62,21.94,0.00
1994-10-26,32.7,25.7,28.9,67,1.71,21.99,0.20
1994-10-27,32.1,24.9,28.2,71,1.24,21.42,2.10
1994-10-28,31.7,23.7,27.3,78,1.35,20.38,1.40
1994-10-29,32.4,24.2,27.9,73,1.57,23.18,0.80
1994-10-30,30.9,24.2,26.7,78,1.77,16.03,3.10
1994-10-31,32.3,22.7,27.2,77,1.90,22.67,0.20
1994-11-01,33.2,23.3,28.2,68,2.22,22.93,0.00
1994-11-02,33.2,23.8,28.2,68,2.01,24.25,0.10
1994-11-03,32.0,23.7,28.0,72,1.50,22.50,0.30
1994-11-04,32.7,24.0,28.1,69,2.35,22.31,0.30
1994-11-05,32.3,24.5,28.1,67,2.82,21.23,0.10
1994-11-06,34.3,24.3,29.1,61,2.60,24.25,0.00
1994-11-07,35.2,23.4,29.2,55,2.49,26.00,0.00
1994-11-08,34.1,24.2,28.9,59,2.21,24.98,0.30
1994-11-09,34.2,24.8,29.0,63,2.40,24.67,0.10
1994-11-10,34.1,24.4,28.9,65,2.22,24.71,0.00
1994-11-11,33.9,24.7,28.9,64,2.41,24.70,0.40
1994-11-12,33.2,25.1,29.1,64,1.64,22.22,0.10
1994-11-13,33.0,25.0,28.3,70,1.41,21.70,1.70
1994-11-14,31.7,25.0,27.9,71,1.51,20.46,0.40
1994-11-15,31.1,25.0,27.5,73,1.24,18.01,1.20
1994-11-16,30.5,23.9,26.6,81,0.99,16.59,5.60
1994-11-17,30.8,24.0,27.2,76,1.55,17.38,0.90
1994-11-18,32.3,24.6,28.0,71,1.26,17.85,0.00
1994-11-19,32.4,25.2,28.7,69,1.60,21.59,0.00
1994-11-20,32.8,25.7,28.9,70,1.04,21.46,0.10
1994-11-21,32.2,24.9,27.7,77,1.39,18.65,6.70
1994-11-22,31.0,24.0,26.8,81,1.24,20.05,1.40
1994-11-23,30.4,23.7,26.8,80,1.16,18.03,6.10
1994-11-24,29.7,23.5,26.0,83,1.30,16.21,4.80
1994-11-25,28.1,23.1,25.2,87,1.43,11.07,16.10
1994-11-26,28.1,23.2,25.0,89,1.48,13.63,7.20
1994-11-27,30.4,23.0,26.0,84,0.90,18.81,4.20
1994-11-28,26.8,22.5,24.3,90,0.93,7.82,17.90
1994-11-29,30.3,23.6,26.0,84,1.87,20.40,9.50
1994-11-30,28.3,23.4,25.5,86,1.16,13.02,2.30
1994-12-01,30.4,22.9,26.7,80,1.62,23.19,0.00
1994-12-02,30.8,22.6,26.9,77,1.85,23.30,0.10
1994-12-03,30.9,23.9,26.9,78,1.84,21.14,1.30
1994-12-04,31.7,23.3,27.3,72,1.77,25.12,0.00
1994-12-05,31.8,23.7,27.6,71,1.75,24.43,0.00
1994-12-06,32.1,24.1,27.8,74,1.68,24.23,0.00
1994-12-07,31.2,24.2,27.8,77,1.15,23.09,0.10
1994-12-08,32.8,24.3,28.4,69,1.44,25.73,0.00
1994-12-09,31.7,24.8,27.6,80,1.12,21.26,4.10
1994-12-10,28.9,23.3,25.7,86,1.39,14.23,2.80
1994-12-11,29.9,23.1,26.1,83,1.50,17.87,3.00
1994-12-12,30.7,23.0,26.7,79,1.50,21.27,0.30
1994-12-13,30.5,23.9,26.7,83,1.30,20.01,4.10
1994-12-14,30.3,22.9,26.3,81,1.84,21.14,1.80
1994-12-15,31.1,23.5,27.0,77,1.62,21.46,0.50
1994-12-16,31.1,23.8,27.2,77,1.79,20.21,0.60
1994-12-17,31.0,23.2,26.9,80,1.14,19.30,1.20
1994-12-18,31.8,24.4,27.7,78,1.17,19.50,0.10
1994-12-19,32.1,24.7,28.1,75,1.38,22.03,0.00
1994-12-20,29.8,25.5,27.2,77,1.36,11.74,0.90
1994-12-21,31.0,24.7,27.3,78,1.24,18.68,4.10
1994-12-22,30.1,23.7,26.5,83,1.00,18.01,13.10
1994-12-23,26.7,23.1,24.8,90,1.43,7.99,8.00
1994-12-24,28.6,23.8,25.4,88,1.10,13.55,15.90
1994-12-25,27.3,23.5,24.8,90,0.94,8.42,15.70
1994-12-26,28.4,22.9,24.6,89,1.22,11.31,10.20
1994-12-27,29.4,22.5,25.3,84,1.01,14.07,1.80
1994-12-28,30.3,23.5,26.3,82,1.49,21.51,3.10
1994-12-29,29.4,23.1,26.2,81,2.45,14.84,0.80
1994-12-30,30.4,24.0,26.9,78,2.65,19.20,0.50
1994-12-31,31.0,24.1,26.9,80,2.12,18.99,1.30
1995-01-01,30.2,23.4,26.4,83,1.80,19.20,3.50
1995-01-02,29.5,23.7,26.1,84,1.66,16.21,1.80
1995-01-03,29.2,23.5,25.6,87,1.23,13.95,9.10
1995-01-04,27.0,22.9,24.9,89,0.95,8.51,2.50
1995-01-05,25.9,23.1,24.4,89,0.89,5.07,3.60
1995-01-06,28.3,22.9,24.3,90,1.22,11.35,15.10
1995-01-07,28.1,22.0,24.8,83,1.46,14.68,2.00
1995-01-08,27.6,22.8,24.9,90,0.99,13.80,9.80
1995-01-09,26.9,22.0,24.2,89,1.16,11.66,12.70
1995-01-10,27.4,21.7,24.1,89,1.26,11.85,5.50
1995-01-11,28.7,21.9,24.9,84,1.46,18.76,8.20
1995-01-12,28.3,22.1,24.9,86,1.13,11.38,4.90
1995-01-13,29.1,21.8,24.9,86,1.17,18.63,8.00
1995-01-14,26.9,22.1,23.9,89,1.34,11.30,13.60
1995-01-15,29.4,21.8,25.2,86,0.96,20.42,0.90
1995-01-16,30.3,22.3,26.0,85,1.33,22.35,2.20
1995-01-17,29.6,23.2,25.7,87,1.22,18.73,2.50
1995-01-18,29.4,22.8,25.5,85,1.06,17.30,6.80
1995-01-19,29.7,22.5,25.7,86,1.37,19.62,4.10
1995-01-20,30.3,23.1,26.1,85,1.11,21.19,1.00
1995-01-21,31.1,22.7,26.7,82,1.41,23.57,1.20
1995-01-22,30.4,23.8,26.5,82,1.56,19.53,2.80
1995-01-23,29.0,22.9,25.5,86,1.41,15.45,10.50
1995-01-24,30.5,22.6,26.0,83,1.68,20.18,5.10
1995-01-25,30.4,22.8,26.0,85,1.13,20.05,15.40
1995-01-26,29.2,23.1,26.0,86,1.07,16.01,0.20
1995-01-27,28.8,23.5,25.9,84,1.29,15.77,3.00
1995-01-28,28.0,23.2,25.3,87,1.28,14.30,13.90
1995-01-29,28.3,22.6,24.7,88,1.17,12.88,7.50
1995-01-30,28.9,22.9,25.3,87,1.66,16.88,8.20
1995-01-31,29.8,22.8,26.0,85,1.16,18.23,0.40
1995-02-01,29.6,23.3,25.9,84,1.49,17.55,7.90
1995-02-02,27.2,23.6,24.7,91,1.18,8.15,11.70
1995-02-03,23.9,22.9,23.3,96,1.03,2.30,96.50
1995-02-04,27.6,22.2,24.5,89,1.40,15.31,8.40
1995-02-05,25.2,22.8,23.7,94,1.01,6.27,19.00
1995-02-06,26.6,22.6,24.3,89,1.27,11.14,12.00
1995-02-07,28.8,21.4,25.1,84,1.77,19.53,1.00
1995-02-08,26.1,22.8,24.4,90,1.74,7.01,3.40
1995-02-09,27.8,22.7,24.9,83,1.43,13.55,4.30
1995-02-10,28.5,22.7,24.9,86,1.26,15.64,13.20
1995-02-11,27.7,22.3,24.6,87,1.42,14.21,5.70
1995-02-12,29.4,22.4,25.0,85,1.51,16.75,9.70
1995-02-13,29.2,22.6,25.6,83,1.01,17.23,2.40
1995-02-14,29.0,22.1,25.5,83,1.51,18.24,2.20
1995-02-15,28.7,22.3,25.1,85,1.36,16.89,5.40
1995-02-16,28.9,22.4,25.0,87,1.25,18.44,11.40
1995-02-17,29.5,21.8,25.4,83,0.82,19.74,4.80
1995-02-18,28.8,22.1,25.0,87,1.37,17.59,7.40
1995-02-19,27.1,22.4,24.8,88,1.43,12.32,3.10
1995-02-20,28.2,22.6,25.1,85,1.15,14.35,3.60
1995-02-21,29.0,22.4,25.4,88,1.05,17.34,2.90
1995-02-22,28.3,22.7,25.3,88,0.93,14.79,11.10
1995-02-23,26.7,22.5,24.2,92,1.08,9.96,9.50
1995-02-24,28.3,21.7,24.7,87,0.93,12.70,3.00
1995-02-25,28.7,22.4,25.0,86,1.03,15.28,8.40
1995-02-26,28.4,22.3,24.7,88,1.41,15.78,5.90
1995-02-27,29.7,22.2,25.6,85,1.50,20.36,4.10
1995-02-28,29.0,22.6,25.4,86,1.30,17.28,4.20
1995-03-01,28.7,22.8,25.3,85,1.60,18.09,3.80
1995-03-02,30.4,21.9,25.8,84,1.59,21.87,1.10
1995-03-03,29.8,22.8,25.8,84,1.83,19.53,7.40
1995-03-04,29.4,22.5,25.6,85,1.72,18.27,5.40
1995-03-05,30.2,22.8,26.3,82,1.35,20.92,0.90
1995-03-06,30.8,23.4,26.8,79,1.20,22.26,0.10
1995-03-07,30.5,23.3,26.5,84,1.09,23.57,0.90
1995-03-08,29.8,23.1,26.0,83,1.26,19.76,2.00
1995-03-09,29.4,22.7,25.7,86,1.58,18.79,3.30
1995-03-10,30.1,22.8,25.9,86,1.40,20.22,6.00
1995-03-11,27.8,23.2,25.2,88,1.08,12.47,10.30
1995-03-12,29.9,23.0,25.7,86,1.14,15.98,3.40
1995-03-13,28.7,23.3,25.5,86,1.46,15.74,8.00
1995-03-14,29.1,22.5,24.9,88,1.54,16.21,19.80
1995-03-15,29.6,22.9,25.8,83,2.02,20.72,0.60
1995-03-16,29.7,23.3,26.2,84,1.50,20.48,1.80
1995-03-17,28.6,22.7,25.5,87,1.23,14.12,3.80
1995-03-18,28.1,23.1,25.1,90,0.83,14.34,5.10
1995-03-19,29.9,22.5,25.6,86,1.06,18.71,6.00
1995-03-20,29.6,22.4,25.6,86,1.77,19.51,1.90
1995-03-21,30.1,22.1,25.9,83,2.02,19.52,0.90
1995-03-22,29.8,23.4,26.0,85,1.52,16.68,3.30
1995-03-23,28.3,22.7,25.2,88,0.90,11.63,3.70
1995-03-24,28.4,22.5,25.0,86,1.09,13.96,4.50
1995-03-25,28.1,22.8,25.1,87,1.33,14.35,5.50
1995-03-26,30.1,23.0,26.0,84,1.66,20.00,6.10
1995-03-27,27.3,22.9,24.7,90,1.22,9.90,17.60
1995-03-28,28.8,22.9,25.4,88,1.04,16.71,7.80
1995-03-29,28.8,23.2,25.5,88,1.09,14.40,5.20
1995-03-30,30.1,23.0,25.9,86,1.51,18.84,8.20
1995-03-31,30.0,22.9,25.9,84,1.58,17.93,4.20
1995-04-01,28.7,23.4,25.7,87,1.03,12.72,9.60
1995-04-02,28.1,22.9,25.3,89,1.00,13.19,7.00
1995-04-03,29.4,23.2,25.8,89,1.54,16.29,0.50
1995-04-04,29.8,23.4,26.0,86,1.22,17.89,1.50
1995-04-05,28.8,23.6,25.6,87,0.96,13.54,8.70
1995-04-06,26.5,23.2,24.4,93,0.96,8.34,20.90
1995-04-07,29.2,23.0,25.4,89,1.60,14.64,2.60
1995-04-08,28.4,23.4,25.4,87,1.78,14.86,4.00
1995-04-09,27.7,23.1,24.9,90,1.09,12.43,29.30
1995-04-10,27.8,22.6,24.5,92,1.11,10.68,12.20
1995-04-11,26.6,23.0,24.6,90,1.15,8.74,17.70
1995-04-12,29.8,22.5,25.5,88,1.51,18.85,9.20
1995-04-13,29.2,23.0,25.5,88,1.03,16.17,2.80
1995-04-14,29.0,23.0,25.5,87,1.06,15.57,4.70
1995-04-15,26.0,23.0,24.4,94,0.90,8.20,20.40
1995-04-16,28.1,22.8,25.1,89,1.06,13.65,5.70
1995-04-17,29.2,22.8,25.8,85,1.30,15.48,4.70
1995-04-18,28.5,23.1,25.0,88,1.02,11.94,28.10
1995-04-19,27.5,22.5,24.8,89,1.41,12.76,3.50
1995-04-20,28.7,22.6,25.4,88,1.51,14.27,0.70
1995-04-21,29.6,22.9,25.9,85,1.75,18.49,1.40
1995-04-22,29.5,23.3,25.9,85,1.60,17.23,2.10
1995-04-23,29.9,22.8,25.8,85,0.98,18.58,4.50
1995-04-24,28.8,22.6,25.7,86,1.10,16.80,0.60
1995-04-25,29.8,23.0,25.9,85,1.36,17.20,1.40
1995-04-26,29.6,23.0,25.9,86,1.31,17.25,0.60
1995-04-27,29.6,23.2,25.8,87,1.18,19.17,2.20
1995-04-28,29.1,22.6,25.7,87,1.33,16.02,0.70
1995-04-29,29.8,22.9,25.9,85,1.29,17.68,3.90
1995-04-30,29.4,23.3,25.6,88,1.44,16.14,10.80
1995-05-01,28.8,23.2,25.2,90,1.21,13.04,7.00
1995-05-02,27.7,23.0,25.2,88,1.25,11.47,6.40
1995-05-03,28.9,22.7,24.9,91,1.24,13.46,10.10
1995-05-04,26.1,23.1,24.2,93,1.37,6.84,20.90
1995-05-05,25.0,22.7,23.6,94,1.13,4.66,27.00
1995-05-06,28.4,22.1,24.8,89,1.12,13.57,2.70
1995-05-07,29.6,22.4,25.5,85,1.34,17.64,4.40
1995-05-08,28.2,23.1,25.1,90,1.14,12.15,6.90
1995-05-09,29.2,22.9,25.4,89,1.23,14.93,1.20
1995-05-10,29.4,22.7,25.6,88,0.95,17.66,0.40
1995-05-11,28.9,22.9,25.2,90,1.18,15.00,6.90
1995-05-12,28.8,22.5,25.3,88,0.90,16.49,2.00
1995-05-13,29.4,22.9,25.9,85,1.49,19.36,0.80
1995-05-14,29.6,23.3,25.8,86,1.48,16.28,1.90
1995-05-15,29.3,22.9,25.8,87,1.39,17.92,0.80
1995-05-16,29.9,22.5,25.5,87,1.62,17.89,12.90
1995-05-17,29.5,23.6,25.8,89,1.13,14.23,10.60
1995-05-18,30.3,23.2,25.8,87,1.42,16.83,4.50
1995-05-19,28.9,23.4,25.3,90,1.49,12.47,5.20
1995-05-20,25.5,23.0,24.0,95,1.46,5.86,20.00
1995-05-21,28.0,22.6,24.9,91,1.11,12.45,11.10
1995-05-22,27.6,22.9,24.5,90,1.06,9.79,3.20
1995-05-23,28.0,22.5,24.7,89,0.86,13.27,7.70
1995-05-24,28.0,22.6,24.7,88,1.10,13.08,7.60
1995-05-25,28.5,22.2,25.0,87,1.13,14.72,7.80
1995-05-26,28.1,22.5,24.5,90,1.54,12.83,14.80
1995-05-27,27.3,22.3,24.5,90,1.37,10.84,9.10
1995-05-28,28.6,22.2,25.1,87,1.72,15.19,6.80
1995-05-29,28.7,22.9,25.1,85,2.00,16.07,4.70
1995-05-30,29.7,22.2,25.2,84,1.68,19.23,0.40
1995-05-31,29.2,23.0,25.8,83,1.72,16.40,0.30
1995-06-01,30.5,23.9,26.5,77,2.16,19.52,0.00
1995-06-02,30.3,22.2,25.9,76,2.41,21.41,0.00
1995-06-03,30.1,21.9,25.9,76,2.32,19.65,0.00
1995-06-04,29.8,23.3,26.2,78,2.42,17.93,0.00
1995-06-05,29.6,22.5,25.8,75,2.92,19.71,0.00
1995-06-06,30.2,22.9,26.0,70,3.04,20.94,0.00
1995-06-07,30.3,21.7,25.7,71,3.10,19.38,0.00
1995-06-08,31.0,21.9,26.4,69,2.68,21.81,0.00
1995-06-09,30.8,22.6,26.5,72,2.53,19.54,0.00
1995-06-10,31.3,22.8,26.8,70,2.31,20.63,0.00
1995-06-11,31.9,23.0,27.1,67,2.41,20.84,0.00
1995-06-12,30.8,23.5,26.7,68,2.78,18.64,0.00
1995-06-13,31.1,22.8,26.6,69,2.86,20.38,0.00
1995-06-14,31.6,22.8,26.9,68,2.51,20.92,0.00
1995-06-15,32.0,22.8,26.9,66,2.60,20.89,0.00
1995-06-16,31.8,23.5,27.0,66,2.90,20.21,0.00
1995-06-17,32.5,22.8,27.4,63,2.85,21.39,0.00
1995-06-18,32.8,23.2,27.8,60,2.46,21.28,0.00
1995-06-19,33.2,22.8,27.7,61,2.05,21.12,0.00
1995-06-20,32.3,23.0,27.4,66,1.97,18.42,0.00
1995-06-21,32.4,23.4,27.4,69,2.11,17.94,0.10
1995-06-22,31.0,23.6,26.8,72,2.40,17.41,0.00
1995-06-23,31.2,23.7,26.9,68,2.20,17.66,0.00
1995-06-24,32.4,23.6,27.5,64,2.28,18.45,0.00
1995-06-25,33.3,22.9,27.8,60,2.36,20.37,0.00
1995-06-26,32.5,22.8,27.4,63,2.22,19.86,0.00
1995-06-27,31.3,24.1,27.0,73,2.42,17.10,0.30
1995-06-28,32.7,23.3,27.3,67,2.52,19.99,1.20
1995-06-29,32.7,22.1,27.2,62,2.39,19.39,0.00
1995-06-30,32.3,23.6,27.6,60,2.51,17.66,0.00
1995-07-01,32.7,23.8,27.8,58,3.08,20.78,0.00
1995-07-02,32.5,24.5,27.8,58,2.90,17.34,0.00
1995-07-03,32.7,24.5,27.8,63,2.62,20.02,0.20
1995-07-04,32.0,23.1,27.5,65,2.31,19.27,0.00
1995-07-05,32.0,23.2,27.1,66,2.59,18.54,0.20
1995-07-06,32.9,21.7,27.2,61,2.70,20.39,0.00
1995-07-07,33.5,22.7,28.1,55,2.76,20.69,0.00
1995-07-08,34.9,23.6,29.1,49,2.18,22.14,0.00
1995-07-09,34.1,23.2,28.4,52,2.34,21.71,0.00
1995-07-10,32.2,23.6,27.8,60,2.03,17.78,0.00
1995-07-11,33.7,22.8,28.1,60,2.38,20.07,0.00
1995-07-12,33.3,22.7,27.5,56,2.57,22.39,0.00
1995-07-13,32.7,22.0,27.2,44,2.86,22.77,0.00
1995-07-14,33.1,21.8,27.7,45,2.80,22.17,0.00
1995-07-15,33.2,25.0,28.7,45,3.17,21.07,0.00
1995-07-16,32.9,25.2,28.6,52,3.13,16.73,0.00
1995-07-17,33.0,23.8,28.0,56,2.73,19.86,0.00
1995-07-18,33.0,22.7,27.6,50,3.19,21.33,0.00
1995-07-19,32.2,22.8,27.4,52,3.19,18.84,0.00
1995-07-20,33.1,22.6,27.9,53,2.59,19.43,0.00
1995-07-21,33.5,24.9,28.5,48,3.26,22.05,0.00
1995-07-22,33.6,22.7,27.9,46,2.85,22.35,0.00
1995-07-23,33.6,24.4,28.6,45,2.86,20.52,0.00
1995-07-24,33.9,22.7,28.0,49,2.86,19.82,0.00
1995-07-25,34.1,23.5,28.3,53,3.07,21.24,0.00
1995-07-26,32.5,23.2,27.6,55,3.08,20.22,0.00
1995-07-27,33.2,23.1,27.8,55,3.19,19.97,0.00
1995-07-28,30.2,25.1,26.8,59,1.99,7.25,0.00
1995-07-29,34.9,22.9,28.6,54,2.76,22.65,0.00
1995-07-30,34.7,24.3,29.0,46,3.26,23.10,0.00
1995-07-31,33.8,23.7,28.5,45,3.22,21.23,0.00
1995-08-01,34.3,22.8,28.4,47,2.68,22.58,0.00
1995-08-02,34.1,23.0,28.4,53,2.49,21.39,0.00
1995-08-03,33.6,22.6,28.1,56,2.21,20.36,0.00
1995-08-04,34.2,23.2,28.4,53,2.42,20.51,0.00
1995-08-05,34.5,23.1,28.5,53,2.40,21.93,0.00
1995-08-06,33.7,23.6,28.5,58,2.46,21.06,0.00
1995-08-07,33.6,23.8,28.5,58,2.31,19.29,0.20
1995-08-08,34.5,23.9,28.6,49,2.60,22.99,0.00
1995-08-09,33.9,23.0,28.3,43,2.81,24.03,0.00
1995-08-10,34.8,23.0,28.7,45,2.54,23.85,0.00
1995-08-11,34.4,23.1,28.9,48,2.45,22.42,0.00
1995-08-12,34.7,24.0,28.9,52,2.59,22.39,0.00
1995-08-13,34.9,22.8,28.6,46,2.53,24.22,0.00
1995-08-14,35.4,22.9,28.9,44,2.64,24.28,0.00
1995-08-15,35.3,23.2,29.2,43,2.64,24.23,0.00
1995-08-16,35.9,23.1,29.4,44,2.37,24.66,0.00
1995-08-17,35.5,22.5,28.7,47,2.62,24.14,0.00
1995-08-18,34.2,22.7,28.2,45,3.00,24.58,0.00
1995-08-19,34.1,23.0,28.4,43,2.88,22.36,0.00
1995-08-20,34.8,23.8,29.1,43,2.79,23.40,0.00
1995-08-21,35.3,23.7,29.3,44,2.70,23.07,0.00
1995-08-22,34.1,25.3,29.0,45,2.57,20.34,0.00
1995-08-23,34.9,23.7,28.7,40,2.93,24.66,0.00
1995-08-24,34.7,22.6,28.2,39,3.12,25.11,0.00
1995-08-25,34.6,22.8,28.6,45,2.87,24.85,0.00
1995-08-26,34.1,24.6,28.9,46,3.00,23.02,0.00
1995-08-27,34.0,23.7,28.6,46,3.15,23.44,0.00
1995-08-28,34.7,23.8,29.0,48,3.24,23.91,0.00
1995-08-29,35.7,24.1,29.5,47,2.74,24.22,0.00
1995-08-30,34.7,24.2,29.2,51,2.59,22.06,0.00
1995-08-31,35.4,24.7,29.5,43,3.52,25.23,0.00
1995-09-01,34.8,23.9,29.1,48,2.91,23.76,0.00
1995-09-02,35.0,24.1,29.2,52,2.97,24.02,0.00
1995-09-03,35.8,23.7,29.5,50,2.31,23.53,0.00
1995-09-04,33.9,24.1,29.0,53,2.45,22.14,0.00
1995-09-05,34.8,23.7,29.1,48,2.95,24.57,0.00
1995-09-06,35.0,24.6,29.4,41,3.68,24.88,0.00
1995-09-07,34.5,24.2,29.1,41,3.39,25.08,0.00
1995-09-08,35.1,23.6,29.5,45,3.19,24.26,0.00
1995-09-09,35.6,24.9,30.0,44,2.91,23.50,0.00
1995-09-10,35.5,24.3,29.8,44,3.09,23.72,0.00
1995-09-11,35.5,24.2,29.5,52,2.37,23.73,0.00
1995-09-12,35.3,24.5,29.7,54,2.19,23.29,0.00
1995-09-13,36.2,24.7,30.1,51,2.77,23.81,0.00
1995-09-14,35.0,24.8,29.6,53,2.84,24.07,0.00
1995-09-15,35.9,24.4,29.7,54,2.74,23.50,0.00
1995-09-16,34.5,24.9,29.6,57,1.90,22.20,0.00
1995-09-17,32.8,25.3,28.9,62,2.38,19.86,0.00
1995-09-18,35.1,25.1,29.6,58,2.14,23.78,0.00
1995-09-19,36.5,24.9,30.5,49,2.27,25.49,0.00
1995-09-20,34.1,24.3,29.6,53,1.40,21.52,0.00
1995-09-21,34.6,24.7,29.6,54,1.96,23.18,0.00
1995-09-22,35.4,24.6,29.6,50,2.82,24.47,0.00
1995-09-23,35.3,24.1,29.6,50,3.42,24.13,0.00
1995-09-24,35.9,24.5,30.2,44,3.18,25.58,0.00
1995-09-25,35.2,24.6,29.8,49,2.58,22.53,0.00
1995-09-26,34.7,24.5,29.6,54,2.15,22.83,0.00
1995-09-27,34.3,24.5,29.5,56,2.35,24.20,0.00
1995-09-28,35.1,24.8,29.7,57,2.77,24.08,0.00
1995-09-29,36.2,24.8,30.0,54,2.57,24.77,0.00
1995-09-30,37.4,24.8,30.7,44,3.32,27.22,0.00
1995-10-01,36.0,24.9,30.3,44,3.04,25.20,0.00
1995-10-02,35.4,25.2,29.9,53,2.85,23.46,0.20
1995-10-03,35.2,24.7,29.7,55,2.13,24.64,0.00
1995-10-04,35.5,25.1,30.0,55,2.08,23.40,0.00
1995-10-05,34.5,25.4,29.5,59,1.61,23.67,0.50
1995-10-06,33.7,25.4,29.2,66,1.73,22.24,1.40
1995-10-07,34.6,25.7,29.8,61,2.29,24.21,0.00
1995-10-08,35.1,24.9,29.9,53,1.85,25.52,0.00
1995-10-09,35.9,25.0,30.5,51,1.43,25.73,0.00
1995-10-10,33.4,26.0,29.3,60,1.55,21.04,1.10
1995-10-11,32.3,24.1,27.5,75,1.67,21.13,9.70
1995-10-12,32.4,23.7,27.8,75,1.24,22.29,0.60
1995-10-13,33.0,24.8,28.4,66,2.19,23.27,0.30
1995-10-14,33.2,24.4,28.6,63,2.82,22.41,0.10
1995-10-15,35.8,24.0,29.6,53,2.71,26.22,0.00
1995-10-16,35.6,24.6,29.7,51,2.23,25.75,0.00
1995-10-17,34.2,25.7,29.6,56,1.93,23.05,0.10
1995-10-18,35.7,24.8,30.0,55,1.76,25.36,0.30
1995-10-19,35.0,25.8,29.7,57,2.64,24.16,0.00
1995-10-20,34.7,25.1,29.3,62,1.51,23.78,1.30
1995-10-21,33.2,24.6,28.3,70,1.55,21.14,0.10
1995-10-22,33.4,25.1,29.0,67,1.14,22.55,0.20
1995-10-23,30.7,24.4,26.6,81,1.28,18.71,20.50
1995-10-24,31.1,23.8,27.1,79,1.58,20.62,3.10
1995-10-25,31.4,23.8,27.6,77,1.27,22.35,1.80
1995-10-26,33.4,23.6,28.1,67,2.16,24.61,0.00
1995-10-27,32.2,23.9,27.9,70,1.81,23.06,0.10
1995-10-28,32.7,24.0,28.1,71,1.67,24.12,0.10
1995-10-29,33.1,25.1,28.8,68,1.82,23.84,0.00
1995-10-30,30.4,24.8,27.2,77,1.02,19.11,9.70
1995-10-31,29.3,22.6,25.4,85,1.28,16.72,12.60
1995-11-01,29.6,23.2,26.0,84,1.64,15.88,4.10
1995-11-02,29.5,22.9,25.5,86,1.49,15.81,5.90
1995-11-03,30.2,22.7,26.0,82,1.16,19.98,6.90
1995-11-04,32.2,23.1,27.3,79,1.27,23.89,2.80
1995-11-05,30.6,23.5,27.1,77,1.93,21.52,0.60
1995-11-06,31.6,23.5,27.3,72,2.28,23.43,0.10
1995-11-07,32.1,22.4,27.5,68,2.35,22.55,0.00
1995-11-08,32.9,23.9,27.5,74,1.77,22.38,0.70
1995-11-09,31.8,24.1,27.4,77,1.85,21.46,0.40
1995-11-10,31.8,23.8,27.6,76,1.63,22.69,0.00
1995-11-11,27.4,23.5,25.4,87,1.38,11.46,5.40
1995-11-12,29.9,22.9,25.7,85,1.01,17.14,4.60
1995-11-13,31.1,23.1,27.0,82,1.18,21.82,0.20
1995-11-14,31.9,24.5,27.8,74,1.83,22.35,0.40
1995-11-15,31.7,24.3,27.9,74,1.53,22.85,0.70
1995-11-16,31.1,24.4,27.5,77,2.02,20.59,0.00
1995-11-17,29.6,23.1,25.8,84,1.31,17.09,18.50
1995-11-18,31.4,23.4,26.7,81,1.40,21.72,0.60
1995-11-19,31.4,24.0,27.5,77,1.27,22.24,0.10
1995-11-20,31.2,24.0,27.8,75,1.06,22.87,0.00
1995-11-21,31.5,25.0,28.1,75,0.91,20.66,2.20
1995-11-22,28.4,23.9,25.6,86,0.79,13.05,13.40
1995-11-23,30.0,23.3,26.1,82,1.65,16.11,3.00
1995-11-24,29.4,23.3,25.6,87,1.14,14.02,11.70
1995-11-25,29.4,22.9,25.6,87,1.15,17.37,14.90
1995-11-26,28.3,23.3,25.4,86,1.61,13.79,6.70
1995-11-27,25.9,23.7,24.6,88,0.81,5.45,4.10
1995-11-28,27.4,23.2,24.9,90,0.95,9.52,8.10
1995-11-29,28.4,23.0,25.1,90,1.17,13.42,26.60
1995-11-30,24.6,22.7,23.4,95,0.93,4.36,39.50
1995-12-01,29.1,22.3,25.4,86,1.44,16.92,1.50
1995-12-02,31.4,23.2,27.0,77,1.88,23.36,0.00
1995-12-03,30.7,23.0,26.9,79,1.60,21.94,0.20
1995-12-04,30.9,23.5,27.1,78,1.40,22.54,1.00
1995-12-05,30.2,23.5,26.3,81,1.51,21.52,2.60
1995-12-06,29.2,23.6,25.9,85,1.00,17.87,5.20
1995-12-07,30.3,22.9,26.5,81,1.29,20.68,0.30
1995-12-08,31.0,23.5,26.8,81,1.16,20.30,2.50
1995-12-09,27.7,22.6,24.6,90,1.06,11.30,10.30
1995-12-10,29.7,22.7,26.1,86,0.90,20.02,0.50
1995-12-11,30.8,24.1,27.0,80,0.95,21.87,1.20
1995-12-12,28.9,23.5,26.0,85,0.88,15.52,10.20
1995-12-13,28.9,23.1,25.6,87,1.21,17.22,5.70
1995-12-14,30.4,23.3,26.3,82,1.43,20.32,0.80
1995-12-15,30.1,23.1,26.4,85,1.26,22.03,1.10
1995-12-16,30.7,23.1,26.5,84,1.13,21.21,1.80
1995-12-17,30.8,23.1,26.6,82,2.06,22.05,0.70
1995-12-18,30.9,24.0,27.0,82,1.20,22.56,0.30
1995-12-19,31.4,23.4,27.3,80,1.29,22.13,0.00
1995-12-20,30.7,24.2,26.9,81,1.35,20.62,0.40
1995-12-21,30.1,23.7,26.1,83,1.72,17.37,2.70
1995-12-22,28.8,22.9,25.1,87,1.41,16.91,8.40
1995-12-23,30.0,22.8,26.0,83,1.43,19.07,0.90
1995-12-24,31.0,23.0,26.8,80,1.66,22.71,0.90
1995-12-25,28.9,23.0,25.5,86,1.16,16.88,15.20
1995-12-26,25.9,22.5,23.9,92,1.14,6.51,19.50
1995-12-27,28.6,22.4,25.2,88,1.28,16.55,6.40
1995-12-28,29.9,23.2,25.8,85,1.23,18.84,7.90
1995-12-29,28.9,23.2,25.1,88,1.08,15.34,20.40
1995-12-30,27.7,23.0,25.0,89,0.91,12.50,7.00
1995-12-31,28.0,22.7,24.4,92,0.80,10.86,13.70
1996-01-01,29.2,22.8,25.2,87,0.64,14.81,19.80
1996-01-02,29.3,23.4,25.5,86,1.37,17.44,3.90
1996-01-03,29.6,22.2,25.4,86,1.67,17.38,5.80
1996-01-04,28.4,22.1,24.9,87,1.49,14.00,2.90
1996-01-05,29.2,22.8,25.4,86,0.97,17.21,8.50
1996-01-06,25.2,22.7,23.5,93,1.18,7.14,87.70
1996-01-07,28.2,21.8,24.6,87,0.88,16.37,3.60
1996-01-08,28.8,22.1,25.1,86,1.31,14.69,2.20
1996-01-09,28.7,22.0,25.5,85,1.55,17.16,1.20
1996-01-10,30.1,23.1,26.3,84,0.95,21.22,2.10
1996-01-11,29.4,22.8,25.6,86,0.86,19.83,4.80
1996-01-12,28.0,22.5,24.9,87,1.72,15.02,2.10
1996-01-13,28.2,22.5,24.7,91,1.16,15.89,14.00
1996-01-14,27.6,22.6,24.5,86,1.38,10.76,6.00
1996-01-15,27.7,22.8,24.9,84,1.31,13.42,2.80
1996-01-16,29.4,23.0,25.6,84,1.56,19.36,2.80
1996-01-17,28.8,21.8,24.9,87,1.29,17.90,3.70
1996-01-18,29.5,23.1,25.8,82,1.25,19.53,5.40
1996-01-19,28.4,22.7,24.8,90,1.21,15.89,25.40
1996-01-20,28.6,22.3,24.2,90,1.00,14.93,22.70
1996-01-21,28.0,21.9,24.7,88,1.31,16.12,1.40
1996-01-22,29.7,22.3,25.6,84,1.27,21.83,4.30
1996-01-23,28.9,22.2,25.2,85,0.91,17.84,4.90
1996-01-24,27.8,23.2,25.0,85,1.91,13.00,3.40
1996-01-25,30.7,21.4,26.1,78,2.15,22.57,0.10
1996-01-26,31.3,22.9,26.7,80,1.27,24.11,4.70
1996-01-27,30.1,23.0,26.0,84,1.66,20.30,1.50
1996-01-28,30.3,23.1,26.2,83,1.42,22.93,0.40
1996-01-29,29.6,23.4,25.5,85,1.87,19.96,14.40
1996-01-30,30.8,22.8,26.1,84,1.01,21.54,3.20
1996-01-31,29.0,22.5,25.1,86,1.18,15.06,6.40
1996-02-01,29.1,23.0,25.4,85,1.25,16.51,1.60
1996-02-02,29.3,22.3,25.5,85,1.05,18.16,6.10
1996-02-03,28.3,22.5,24.9,86,1.17,15.97,12.50
1996-02-04,27.6,22.5,24.0,91,1.11,11.04,16.60
1996-02-05,25.8,22.1,23.6,89,0.76,8.32,24.70
1996-02-06,28.2,21.8,24.7,88,1.17,16.16,10.10
1996-02-07,29.2,21.8,24.7,88,1.50,17.93,8.60
1996-02-08,30.8,22.3,26.2,84,1.42,23.40,0.30
1996-02-09,31.2,23.4,26.9,81,1.56,21.47,0.10
1996-02-10,30.3,23.7,26.4,84,1.08,19.53,6.50
1996-02-11,30.0,22.7,26.2,83,1.19,20.02,1.10
1996-02-12,29.9,23.4,26.1,82,0.91,18.39,1.40
1996-02-13,30.5,23.0,26.7,80,1.27,20.00,1.10
1996-02-14,27.9,23.2,24.8,89,1.24,13.64,12.70
1996-02-15,30.0,22.7,25.8,83,1.25,22.14,3.30
1996-02-16,28.8,22.5,24.9,86,1.20,15.90,12.90
1996-02-17,27.7,22.6,24.3,88,1.59,13.29,6.40
1996-02-18,29.4,22.1,25.1,87,1.32,19.35,5.80
1996-02-19,27.5,22.7,24.3,89,1.54,11.93,17.00
1996-02-20,29.1,22.4,24.8,87,1.35,18.80,15.50
1996-02-21,28.2,22.7,24.5,89,1.26,14.53,12.00
1996-02-22,28.8,21.9,25.1,84,0.84,18.41,3.30
1996-02-23,29.8,22.3,25.8,84,1.50,21.14,4.40
1996-02-24,30.4,22.9,26.1,84,1.55,20.51,3.60
1996-02-25,28.7,22.5,25.2,87,1.22,15.00,8.80
1996-02-26,29.0,22.8,25.5,85,1.42,16.68,1.40
1996-02-27,29.0,22.8,25.3,85,1.68,16.73,3.70
1996-02-28,30.9,22.7,25.9,83,1.54,22.54,2.80
1996-02-29,29.4,22.8,25.2,87,1.46,18.32,10.80
1996-03-01,30.3,22.5,26.1,84,1.27,20.66,1.40
1996-03-02,29.4,23.2,26.0,85,1.11,17.68,14.10
1996-03-03,28.1,23.3,25.2,87,0.99,13.14,6.10
1996-03-04,27.5,23.0,24.6,90,1.21,11.38,26.60
1996-03-05,25.5,22.8,23.9,92,0.89,5.75,12.10
1996-03-06,26.6,22.7,24.4,91,0.84,9.31,21.20
1996-03-07,29.3,22.6,25.2,88,1.10,16.21,8.40
1996-03-08,30.0,22.5,26.0,85,1.27,21.52,9.30
1996-03-09,29.6,23.4,25.9,85,1.25,16.83,4.40
1996-03-10,29.6,23.4,26.1,84,1.23,17.02,0.90
1996-03-11,27.9,23.0,25.4,87,1.60,13.52,3.70
1996-03-12,27.8,22.8,24.6,89,1.50,13.41,13.50
1996-03-13,27.9,22.9,24.7,87,1.30,12.56,6.60
1996-03-14,25.6,23.0,23.9,93,1.12,5.02,15.60
1996-03-15,30.2,22.0,25.6,86,1.37,22.00,4.30
1996-03-16,30.2,22.6,25.6,88,1.13,20.37,18.90
1996-03-17,26.0,22.7,23.9,93,1.37,7.23,25.60
1996-03-18,29.4,22.7,25.3,89,1.34,19.05,4.20
1996-03-19,30.0,23.1,25.7,86,0.99,19.50,9.20
1996-03-20,28.7,22.7,25.3,87,1.49,16.59,5.00
1996-03-21,29.9,22.8,26.0,83,1.20,22.02,1.50
1996-03-22,28.1,23.1,25.1,88,1.50,14.48,9.20
1996-03-23,28.4,22.3,25.1,89,0.81,15.69,6.10
1996-03-24,29.8,22.5,25.6,85,1.69,19.03,4.20
1996-03-25,28.7,23.2,25.3,87,1.26,15.21,13.60
1996-03-26,27.6,22.8,24.5,90,0.99,11.51,16.80
1996-03-27,26.7,23.0,24.4,91,1.39,8.57,15.10
1996-03-28,28.7,22.3,24.9,88,1.18,16.88,8.60
1996-03-29,30.3,22.2,25.9,85,1.46,22.44,4.30
1996-03-30,29.3,23.5,25.6,85,1.83,16.31,1.90
1996-03-31,27.9,23.0,25.2,86,1.45,13.05,5.10
1996-04-01,28.5,22.3,25.2,87,1.09,15.53,6.50
1996-04-02,29.9,22.1,25.6,85,1.62,18.72,2.00
1996-04-03,29.4,23.1,25.4,87,1.68,15.26,5.90
1996-04-04,29.5,22.5,25.6,86,1.43,16.47,0.60
1996-04-05,28.8,22.9,25.3,85,1.52,14.68,3.90
1996-04-06,27.4,22.5,24.8,87,0.99,13.18,4.60
1996-04-07,29.2,22.5,25.8,85,1.13,17.97,9.50
1996-04-08,29.3,22.6,25.4,87,1.04,15.52,9.90
1996-04-09,28.7,22.9,25.2,89,1.40,14.80,7.30
1996-04-10,30.3,23.0,26.1,87,1.02,20.16,2.60
1996-04-11,27.7,23.2,25.3,88,1.09,11.96,18.30
1996-04-12,28.0,22.8,24.4,91,1.42,13.34,21.20
1996-04-13,27.8,22.7,24.2,92,1.42,10.35,10.10
1996-04-14,27.9,22.7,24.9,89,0.98,12.75,6.70
1996-04-15,27.9,22.4,25.1,88,0.99,14.52,8.10
1996-04-16,28.2,22.6,24.8,89,1.07,12.80,9.70
1996-04-17,27.5,22.6,24.4,89,1.39,10.01,6.00
1996-04-18,28.6,22.3,25.0,89,1.39,14.18,7.60
1996-04-19,27.5,22.4,24.4,90,1.08,12.15,14.40
1996-04-20,25.9,22.7,23.8,93,1.81,7.90,21.20
1996-04-21,28.2,22.3,24.6,88,0.86,15.62,12.00
1996-04-22,27.5,22.1,24.3,90,1.19,12.78,9.80
1996-04-23,29.6,21.7,24.7,86,1.87,17.55,6.10
1996-04-24,29.0,22.6,25.1,87,1.17,16.06,6.00
1996-04-25,28.2,22.6,24.6,91,1.23,14.27,12.50
1996-04-26,24.1,22.8,23.4,94,1.00,2.78,70.50
1996-04-27,27.1,22.1,24.4,90,1.01,12.06,12.30
1996-04-28,28.8,22.3,25.1,84,1.88,13.98,11.30
1996-04-29,29.8,23.5,26.5,79,2.10,20.17,0.80
1996-04-30,29.2,23.4,25.7,85,1.33,16.53,3.20
1996-05-01,27.0,22.8,24.5,90,1.64,10.18,4.80
1996-05-02,29.5,22.3,25.3,88,1.23,17.76,2.80
1996-05-03,28.4,23.0,25.3,88,1.20,12.13,5.60
1996-05-04,28.1,22.7,25.0,90,0.96,12.42,6.90
1996-05-05,27.9,22.6,25.0,89,1.02,11.62,8.00
1996-05-06,28.3,22.8,24.9,89,1.17,12.76,7.30
1996-05-07,27.9,22.5,24.7,90,1.61,10.72,3.30
1996-05-08,30.5,22.9,26.3,81,1.80,20.87,0.00
1996-05-09,30.6,22.3,26.1,83,1.67,19.66,1.40
1996-05-10,28.5,22.7,25.4,87,1.16,15.01,2.00
1996-05-11,28.0,22.5,25.0,89,0.86,11.85,4.10
1996-05-12,28.9,23.3,25.4,88,1.66,12.99,2.30
1996-05-13,30.6,22.7,26.2,80,2.47,20.12,0.30
1996-05-14,30.8,22.0,26.3,76,2.38,22.14,0.00
1996-05-15,31.2,22.4,26.6,75,1.84,21.53,0.00
1996-05-16,30.4,23.5,26.7,78,1.44,18.99,0.30
1996-05-17,30.7,23.1,26.6,83,1.41,20.36,1.10
1996-05-18,30.1,22.5,26.4,82,1.54,17.98,0.70
1996-05-19,30.0,22.9,26.3,81,1.88,18.68,1.30
1996-05-20,31.4,22.8,26.7,78,1.81,20.77,0.10
1996-05-21,30.5,23.2,26.6,79,2.16,18.53,0.30
1996-05-22,31.1,22.6,26.8,76,1.70,19.83,0.20
1996-05-23,30.7,22.9,26.7,77,1.21,19.52,0.10
1996-05-24,29.1,23.2,25.8,85,1.54,16.39,1.90
1996-05-25,28.3,22.8,24.9,88,1.00,13.73,10.30
1996-05-26,27.4,22.7,24.7,89,0.94,12.21,11.80
1996-05-27,27.7,22.5,24.6,89,1.30,11.55,8.80
1996-05-28,29.9,21.7,25.8,81,1.61,18.31,0.30
1996-05-29,29.9,22.5,26.0,79,1.33,18.12,0.10
1996-05-30,29.0,22.5,25.6,84,1.30,16.94,1.20
1996-05-31,28.9,22.9,25.7,79,2.12,18.04,0.40
1996-06-01,30.7,22.0,26.0,74,2.49,21.23,0.00
1996-06-02,31.1,22.1,26.2,73,1.94,21.09,0.00
1996-06-03,30.8,23.3,26.4,77,1.82,20.30,6.30
1996-06-04,30.6,23.5,26.4,76,2.16,19.17,1.60
1996-06-05,29.6,22.6,25.8,72,2.76,18.40,0.30
1996-06-06,30.5,22.6,26.0,71,2.17,21.55,0.00
1996-06-07,30.6,20.8,25.5,72,2.26,18.86,0.00
1996-06-08,31.9,22.3,26.6,67,2.37,18.96,0.00
1996-06-09,30.8,23.0,26.5,71,2.73,17.57,0.00
1996-06-10,31.5,22.6,26.6,65,2.59,21.17,0.00
1996-06-11,31.7,23.0,26.8,58,2.67,20.79,0.00
1996-06-12,32.5,22.0,26.6,62,2.79,19.35,0.00
1996-06-13,32.2,23.7,27.3,61,2.99,20.39,0.00
1996-06-14,32.1,22.4,27.1,59,2.91,19.48,0.00
1996-06-15,32.5,23.8,27.6,60,2.77,18.77,0.00
1996-06-16,32.3,22.9,27.4,60,2.92,16.97,0.00
1996-06-17,32.5,23.8,28.0,58,2.68,15.49,0.00
1996-06-18,34.5,23.7,28.8,57,2.51,21.36,0.00
1996-06-19,34.1,24.0,28.6,56,2.80,20.73,0.00
1996-06-20,32.6,24.2,28.2,63,2.51,19.81,0.10
1996-06-21,32.9,23.4,27.9,59,2.68,21.67,0.00
1996-06-22,33.4,22.5,27.9,59,2.26,18.65,0.00
1996-06-23,34.2,23.4,28.5,58,2.14,18.72,0.00
1996-06-24,33.7,24.0,28.3,50,2.67,21.62,0.00
1996-06-25,33.3,21.9,27.5,53,2.46,21.47,0.00
1996-06-26,33.5,22.1,27.8,49,2.26,21.91,0.00
1996-06-27,33.7,21.7,27.9,49,1.59,21.26,0.00
1996-06-28,32.9,21.8,27.6,57,1.28,20.24,0.00
1996-06-29,32.6,23.9,28.1,61,1.67,18.83,0.10
1996-06-30,32.7,23.8,28.0,63,2.01,18.09,0.20
1996-07-01,32.0,23.8,27.7,64,2.43,17.68,0.10
1996-07-02,33.3,23.0,27.7,58,2.58,19.88,0.00
1996-07-03,33.9,22.6,27.9,41,3.10,22.42,0.00
1996-07-04,33.9,21.4,27.3,43,2.58,22.58,0.00
1996-07-05,34.3,20.9,27.3,46,2.67,22.36,0.00
1996-07-06,32.9,23.0,27.7,52,2.60,19.29,0.00
1996-07-07,31.6,24.0,27.0,60,1.52,11.01,0.00
1996-07-08,33.0,22.1,27.4,58,1.85,19.38,0.00
1996-07-09,33.6,23.3,28.2,45,2.44,22.01,0.00
1996-07-10,33.2,21.9,27.5,40,2.79,22.77,0.00
1996-07-11,33.6,20.7,27.4,44,2.16,22.42,0.00
1996-07-12,33.2,22.1,27.8,51,1.25,17.36,0.00
1996-07-13,33.4,23.7,28.4,58,2.44,19.22,0.00
1996-07-14,33.1,24.3,28.1,65,2.56,18.66,0.10
1996-07-15,33.3,24.3,28.5,60,2.62,18.78,0.00
1996-07-16,34.3,23.8,28.6,52,2.75,20.53,0.00
1996-07-17,33.7,23.3,28.3,49,3.13,21.04,0.00
1996-07-18,32.2,24.1,28.0,52,2.93,15.22,0.00
1996-07-19,34.7,23.1,28.7,48,2.86,19.62,0.00
1996-07-20,34.8,24.1,29.4,46,2.82,21.75,0.00
1996-07-21,34.9,24.3,29.5,47,1.65,19.12,0.00
1996-07-22,33.6,24.5,29.0,58,2.07,19.25,0.00
1996-07-23,30.7,24.3,26.9,71,2.56,13.48,7.00
1996-07-24,32.3,22.7,26.9,66,2.51,19.76,0.30
1996-07-25,32.8,22.9,27.3,50,2.88,22.34,0.00
1996-07-26,33.0,21.2,27.1,49,2.61,22.71,0.00
1996-07-27,33.9,22.4,28.2,54,2.67,21.69,0.00
1996-07-28,34.1,23.6,28.7,58,2.56,21.49,0.00
1996-07-29,32.6,24.2,28.2,63,1.99,19.04,0.10
1996-07-30,33.7,23.5,28.4,57,1.96,19.77,0.00
1996-07-31,33.0,23.6,28.1,57,1.85,19.50,0.00
1996-08-01,34.1,24.9,28.9,52,2.16,19.10,0.00
1996-08-02,34.6,25.1,29.8,41,2.78,21.74,0.00
1996-08-03,34.3,24.9,29.4,48,3.63,20.64,0.00
1996-08-04,32.2,25.4,28.8,52,4.30,14.93,0.00
1996-08-05,33.4,25.2,29.1,51,3.67,17.89,0.00
1996-08-06,34.8,24.6,29.3,49,2.88,21.34,0.00
1996-08-07,35.9,23.7,29.7,44,2.72,23.94,0.00
1996-08-08,34.1,23.9,28.6,57,2.65,20.41,0.10
1996-08-09,34.6,23.5,28.9,57,2.47,21.50,0.00
1996-08-10,33.2,24.7,28.6,62,2.62,19.40,0.70
1996-08-11,32.7,24.3,28.2,67,1.96,18.64,1.10
1996-08-12,33.2,22.7,27.7,67,1.83,19.07,1.50
1996-08-13,32.2,24.0,27.9,67,2.20,16.60,0.20
1996-08-14,34.3,23.4,28.7,57,2.52,21.73,0.20
1996-08-15,33.5,22.8,28.1,56,2.28,21.59,0.30
1996-08-16,33.9,23.6,28.6,56,2.11,21.04,0.20
1996-08-17,33.9,24.6,29.0,60,2.38,21.15,0.00
1996-08-18,32.3,24.2,28.0,62,2.36,15.91,0.50
1996-08-19,34.2,23.3,28.7,55,2.85,22.37,0.00
1996-08-20,34.9,24.9,29.5,46,3.04,22.07,0.00
1996-08-21,35.3,24.2,29.6,41,2.22,24.58,0.00
1996-08-22,35.2,24.2,29.6,40,2.28,24.07,0.00
1996-08-23,35.6,24.1,29.8,41,2.32,24.57,0.00
1996-08-24,35.7,24.5,29.8,41,2.62,23.80,0.00
1996-08-25,35.8,25.6,30.3,37,3.46,24.69,0.00
1996-08-26,35.3,25.0,29.9,41,3.54,23.40,0.00
1996-08-27,35.1,25.3,30.2,44,2.91,21.72,0.00
1996-08-28,35.7,25.8,30.5,51,2.32,21.74,0.00
1996-08-29,34.3,25.3,29.1,63,2.25,20.87,2.10
1996-08-30,34.7,24.5,29.0,63,2.72,22.55,0.20
1996-08-31,34.8,24.8,29.4,56,2.97,23.16,0.00
1996-09-01,35.7,23.7,29.5,48,3.05,24.98,0.00
1996-09-02,36.5,24.1,29.9,43,3.01,25.07,0.00
1996-09-03,35.6,23.9,29.6,50,3.11,23.60,0.00
1996-09-04,34.2,24.8,29.2,55,2.11,20.92,0.00
1996-09-05,36.2,24.3,29.9,52,2.47,24.27,0.00
1996-09-06,36.3,23.7,29.8,42,2.44,25.04,0.00
1996-09-07,35.6,23.4,29.2,50,2.40,24.76,0.00
1996-09-08,33.6,24.8,29.0,55,3.05,21.97,0.00
1996-09-09,35.6,23.5,29.5,52,2.92,24.57,0.00
1996-09-10,35.6,24.5,30.1,48,3.39,23.04,0.00
1996-09-11,36.3,25.8,30.8,41,3.39,24.74,0.00
1996-09-12,36.4,24.9,30.4,43,3.48,26.13,0.00
1996-09-13,35.3,24.8,30.0,45,3.15,22.90,0.00
1996-09-14,35.7,25.0,30.2,48,2.41,24.04,0.10
1996-09-15,34.9,25.2,29.7,52,2.71,22.62,0.00
1996-09-16,35.6,25.3,30.2,44,2.65,23.96,0.00
1996-09-17,35.3,24.6,29.9,50,2.42,22.36,0.00
1996-09-18,35.0,25.2,29.9,56,2.73,22.21,0.00
1996-09-19,35.4,25.6,29.8,60,2.56,22.75,0.50
1996-09-20,34.9,25.1,29.5,60,2.10,22.80,0.20
1996-09-21,35.1,25.5,29.8,54,2.74,23.42,0.40
1996-09-22,35.4,25.2,29.8,51,2.70,22.67,0.30
1996-09-23,35.4,24.2,29.5,52,2.38,23.91,0.00
1996-09-24,35.9,24.6,30.1,50,1.88,23.88,0.00
1996-09-25,34.7,24.5,29.5,57,2.20,23.18,0.30
1996-09-26,35.3,25.6,30.0,57,2.38,23.39,0.00
1996-09-27,34.6,25.2,29.8,60,1.78,22.85,0.10
1996-09-28,34.2,25.3,29.8,58,2.17,22.58,0.20
1996-09-29,35.0,25.7,29.6,59,2.78,23.31,0.00
1996-09-30,33.5,25.2,29.2,61,1.94,21.81,0.20
1996-10-01,34.3,25.6,29.3,64,1.81,23.07,1.40
1996-10-02,30.8,23.7,26.6,79,1.70,18.59,11.50
1996-10-03,30.0,23.0,25.8,82,1.28,16.09,0.80
1996-10-04,31.0,24.0,27.0,75,2.21,18.81,0.60
1996-10-05,33.0,23.5,27.5,70,1.85,24.28,0.10
1996-10-06,32.3,24.2,27.8,73,1.06,21.63,0.20
1996-10-07,31.8,24.5,27.1,78,1.23,19.64,3.30
1996-10-08,30.1,22.8,26.4,80,1.87,17.99,12.50
1996-10-09,31.4,23.8,27.1,76,2.12,21.03,0.60
1996-10-10,30.8,24.1,26.9,77,1.90,19.22,0.80
1996-10-11,32.3,22.9,27.5,75,1.65,24.51,0.30
1996-10-12,33.0,23.9,28.3,69,2.20,24.92,0.00
1996-10-13,32.4,24.5,28.4,69,2.64,21.72,0.00
1996-10-14,32.7,24.0,28.4,73,1.61,22.00,0.70
1996-10-15,32.0,24.3,27.7,76,1.50,20.93,2.90
1996-10-16,31.4,24.3,27.2,79,1.49,20.11,8.20
1996-10-17,28.2,22.7,24.7,88,1.79,11.46,10.30
1996-10-18,31.2,22.7,26.0,82,1.48,20.03,2.20
1996-10-19,30.2,23.0,26.3,80,1.46,20.95,4.40
1996-10-20,31.6,23.4,27.1,77,2.01,23.34,0.70
1996-10-21,31.5,23.9,27.4,74,2.12,23.58,0.10
1996-10-22,32.0,24.1,27.7,72,1.69,23.08,0.00
1996-10-23,31.5,24.1,27.1,75,1.72,19.57,0.70
1996-10-24,32.0,23.9,27.3,75,2.05,21.93,0.50
1996-10-25,32.1,24.2,27.9,72,2.07,22.04,0.00
1996-10-26,31.8,24.5,27.6,75,1.92,18.54,0.30
1996-10-27,32.2,24.3,27.7,76,1.54,22.09,0.40
1996-10-28,31.7,24.2,27.9,70,1.55,21.90,0.00
1996-10-29,32.9,24.3,28.4,64,1.59,23.92,0.00
1996-10-30,33.0,24.4,28.5,66,1.26,22.17,0.00
1996-10-31,32.9,25.0,28.5,67,1.59,21.42,0.70
1996-11-01,32.6,24.5,28.1,68,1.80,21.33,0.60
1996-11-02,33.0,24.6,28.0,68,1.88,23.05,1.40
1996-11-03,31.3,23.7,26.8,79,1.58,17.38,4.60
1996-11-04,32.3,24.5,28.1,73,1.33,19.50,0.60
1996-11-05,31.6,24.7,27.8,77,1.25,21.01,2.70
1996-11-06,32.8,24.9,28.5,70,1.87,22.66,0.10
1996-11-07,32.6,25.2,28.2,70,1.82,22.96,1.00
1996-11-08,33.5,24.0,28.6,68,2.06,23.13,0.10
1996-11-09,32.5,24.8,28.7,66,2.27,22.48,0.00
1996-11-10,34.1,25.0,29.4,59,2.49,23.81,0.10
1996-11-11,33.8,24.6,29.0,64,1.85,22.60,0.20
1996-11-12,31.4,24.6,27.3,76,1.60,17.88,6.10
1996-11-13,28.8,23.2,25.4,87,0.99,13.00,36.90
1996-11-14,29.0,23.1,25.3,87,1.22,14.94,6.50
1996-11-15,30.0,23.7,26.5,83,1.18,17.33,1.50
1996-11-16,30.3,23.9,26.0,86,1.03,16.15,11.80
1996-11-17,26.9,23.4,24.7,88,1.32,8.72,15.60
1996-11-18,30.3,22.6,25.8,80,1.63,18.51,0.00
1996-11-19,31.3,23.4,27.0,74,1.61,23.18,0.10
1996-11-20,30.6,23.7,26.3,82,1.77,19.53,5.80
1996-11-21,30.1,23.6,26.2,85,1.11,17.33,10.60
1996-11-22,31.0,23.1,26.8,81,1.66,20.78,2.80
1996-11-23,31.4,23.5,27.3,77,1.93,24.77,0.00
1996-11-24,31.7,24.5,27.6,72,2.01,24.10,0.10
1996-11-25,31.1,23.6,27.2,75,1.37,23.31,0.10
1996-11-26,30.7,24.3,26.7,80,1.46,18.28,5.30
1996-11-27,28.4,23.0,25.1,86,1.40,13.43,16.70
1996-11-28,28.5,23.2,25.4,86,1.31,16.43,2.80
1996-11-29,30.7,22.8,26.4,76,2.57,22.96,0.20
1996-11-30,30.9,22.8,26.6,73,2.70,23.22,0.00
1996-12-01,31.0,22.1,26.5,73,2.23,24.27,0.10
1996-12-02,30.4,22.6,26.5,79,1.49,20.78,0.60
1996-12-03,30.4,23.7,26.8,78,1.65,19.39,0.60
1996-12-04,29.9,23.6,26.3,77,1.92,18.57,0.80
1996-12-05,30.1,23.1,26.1,80,1.84,19.01,0.30
1996-12-06,31.0,23.2,26.8,77,1.42,22.28,0.50
1996-12-07,29.7,23.5,26.1,81,1.57,19.69,4.80
1996-12-08,30.3,22.7,25.9,82,1.35,20.26,3.80
1996-12-09,31.0,22.5,26.4,81,1.49,21.93,0.80
1996-12-10,30.9,23.4,26.8,79,1.55,19.40,1.20
1996-12-11,30.2,23.5,26.4,80,1.65,18.39,2.90
1996-12-12,31.1,22.7,26.6,79,1.12,22.27,1.10
1996-12-13,30.5,23.5,26.6,80,1.55,18.60,1.70
1996-12-14,29.7,22.7,25.9,82,1.29,18.08,8.60
1996-12-15,31.5,23.0,27.1,80,0.98,22.28,1.30
1996-12-16,31.3,23.5,27.0,78,2.09,19.92,2.20
1996-12-17,31.7,23.0,27.6,73,1.67,23.44,0.20
1996-12-18,33.0,23.2,28.3,72,1.43,24.01,0.00
1996-12-19,31.8,24.5,28.0,73,1.66,20.50,1.20
1996-12-20,31.6,24.3,27.3,78,1.26,19.71,2.30
1996-12-21,30.1,23.8,26.5,81,1.55,17.90,7.70
1996-12-22,31.0,23.4,26.3,82,1.81,19.16,8.50
1996-12-23,31.2,23.2,26.5,81,1.77,20.83,2.70
1996-12-24,30.1,23.6,26.3,83,1.17,16.75,3.70
1996-12-25,28.1,23.8,25.1,88,1.10,8.64,9.50
1996-12-26,29.0,23.5,25.6,86,1.51,14.18,7.70
1996-12-27,29.5,23.7,26.3,81,1.84,16.77,0.30
1996-12-28,28.0,23.2,25.2,84,1.78,13.35,10.80
1996-12-29,29.3,22.8,25.7,85,1.12,18.36,2.10
1996-12-30,30.6,24.1,26.5,83,1.41,18.72,4.90
1996-12-31,28.7,22.8,24.9,89,1.17,13.39,8.20
1997-01-01,29.4,22.8,25.3,87,1.13,15.30,9.80
1997-01-02,29.5,23.1,25.5,86,1.09,16.24,4.40
1997-01-03,27.8,22.9,25.0,88,1.14,11.84,11.30
1997-01-04,30.0,23.1,25.6,87,1.10,16.98,13.10
1997-01-05,27.7,23.5,24.6,92,1.02,9.33,7.30
1997-01-06,28.0,22.8,24.9,89,1.08,13.68,2.80
1997-01-07,28.2,22.7,25.0,89,1.46,15.38,7.50
1997-01-08,28.6,21.9,25.1,87,1.30,18.42,7.20
1997-01-09,29.8,21.3,25.6,85,1.37,22.23,0.40
1997-01-10,29.5,23.2,25.6,84,1.40,17.62,3.30
1997-01-11,29.7,21.8,25.4,85,1.33,20.37,3.90
1997-01-12,29.6,23.0,26.1,84,1.14,17.97,0.20
1997-01-13,28.3,22.8,25.3,87,0.86,15.28,6.90
1997-01-14,28.5,22.9,25.4,87,1.01,14.68,9.00
1997-01-15,29.8,23.0,25.8,83,1.94,19.27,0.40
1997-01-16,29.6,22.8,26.2,81,1.35,18.65,0.20
1997-01-17,28.6,23.2,25.7,87,1.35,17.28,14.70
1997-01-18,27.5,22.4,24.9,87,1.03,12.84,14.20
1997-01-19,27.4,22.5,24.5,89,1.30,11.03,3.60
1997-01-20,28.7,22.7,24.9,88,1.01,15.52,5.80
1997-01-21,28.7,22.7,24.9,89,1.53,16.03,12.30
1997-01-22,27.8,22.7,24.7,89,1.04,12.16,3.60
1997-01-23,27.9,22.9,24.9,89,0.84,13.91,2.70
1997-01-24,27.5,22.6,24.7,88,0.86,11.66,13.40
1997-01-25,24.3,22.0,23.1,94,1.05,4.64,46.40
1997-01-26,28.4,21.9,24.4,87,1.12,12.66,3.80
1997-01-27,29.6,21.5,25.1,83,1.32,20.57,1.10
1997-01-28,27.7,22.3,25.0,83,1.64,14.92,3.80
1997-01-29,28.6,22.4,24.7,87,1.42,16.22,13.60
1997-01-30,28.9,22.5,24.8,88,1.16,16.23,5.40
1997-01-31,29.3,21.8,24.8,87,0.96,18.07,3.20
1997-02-01,29.3,22.5,25.6,82,1.02,18.14,1.70
1997-02-02,29.4,22.8,25.4,84,1.17,17.53,1.40
1997-02-03,28.4,22.6,24.9,87,1.59,15.38,5.70
1997-02-04,28.5,21.8,24.9,86,1.39,14.84,2.60
1997-02-05,29.3,22.1,25.2,85,1.35,18.95,3.30
1997-02-06,28.5,21.8,24.7,87,1.39,15.13,3.60
1997-02-07,26.1,22.1,24.3,88,1.65,11.34,2.80
1997-02-08,30.1,22.1,25.9,82,1.95,21.98,0.80
1997-02-09,28.9,22.0,25.1,85,1.81,18.78,7.80
1997-02-10,27.9,22.5,24.3,89,2.02,13.99,8.00
1997-02-11,28.7,21.7,24.8,87,1.42,17.36,7.90
1997-02-12,27.7,22.1,24.5,86,1.41,14.03,9.10
1997-02-13,29.3,22.3,25.2,85,1.28,17.14,5.00
1997-02-14,30.3,21.9,25.4,83,1.58,21.43,1.60
1997-02-15,28.6,22.3,24.8,85,1.76,16.55,3.20
1997-02-16,28.7,21.9,25.0,82,2.17,19.19,1.30
1997-02-17,30.3,21.4,25.5,83,1.63,21.75,0.20
1997-02-18,30.7,23.0,26.2,81,1.36,20.79,3.40
1997-02-19,28.2,22.5,24.6,87,1.31,14.08,7.80
1997-02-20,28.6,22.3,25.0,85,1.88,16.18,3.70
1997-02-21,29.7,22.0,25.3,85,1.60,18.09,3.30
1997-02-22,28.8,22.4,25.1,86,2.21,15.67,3.90
1997-02-23,28.8,22.8,25.4,87,1.75,15.86,1.70
1997-02-24,30.4,22.8,26.3,82,1.36,19.83,0.40
1997-02-25,29.7,23.1,25.9,83,1.74,19.71,1.00
1997-02-26,30.0,22.9,26.0,82,1.48,19.29,0.40
1997-02-27,29.8,23.0,26.0,84,1.32,19.83,2.40
1997-02-28,30.3,22.7,25.9,84,1.26,21.41,2.50
1997-03-01,28.6,22.6,25.0,87,1.15,14.84,19.30
1997-03-02,25.9,22.7,23.8,91,1.55,8.15,49.20
1997-03-03,27.5,22.2,24.6,87,0.99,11.48,2.60
1997-03-04,27.2,22.6,24.7,86,1.51,14.39,4.80
1997-03-05,29.7,22.9,25.8,85,1.74,18.59,0.60
1997-03-06,29.7,22.8,25.7,85,1.43,18.81,3.00
1997-03-07,28.0,22.9,24.7,89,1.11,12.68,6.60
1997-03-08,28.9,22.0,25.2,87,1.17,15.57,3.20
1997-03-09,29.3,22.9,25.5,85,1.75,17.96,6.00
1997-03-10,29.6,22.9,25.3,86,1.75,18.07,6.00
1997-03-11,28.3,22.9,24.9,88,1.85,14.38,4.00
1997-03-12,27.4,21.7,24.6,90,1.67,12.50,8.30
1997-03-13,29.1,22.6,25.6,87,1.90,14.74,6.20
1997-03-14,28.7,23.0,25.5,86,1.97,16.73,6.20
1997-03-15,28.1,23.2,24.9,89,1.40,12.16,7.80
1997-03-16,28.9,22.8,25.1,88,1.12,14.88,9.10
1997-03-17,28.4,23.0,25.3,87,1.67,15.04,13.80
1997-03-18,25.1,22.9,23.9,93,1.32,4.48,17.90
1997-03-19,26.0,22.8,24.2,93,1.25,7.14,8.30
1997-03-20,28.4,22.6,25.2,86,1.40,15.48,5.40
1997-03-21,27.2,22.3,24.7,90,1.36,13.58,7.90
1997-03-22,28.7,22.6,25.0,88,1.40,14.41,11.90
1997-03-23,26.3,22.9,24.1,94,1.43,8.40,22.20
1997-03-24,24.3,22.7,23.4,95,1.49,4.04,24.60
1997-03-25,28.7,22.6,25.3,83,1.85,18.23,0.60
1997-03-26,28.3,23.1,25.1,85,2.07,15.23,4.20
1997-03-27,25.1,22.6,23.4,94,1.94,6.82,25.10
1997-03-28,26.8,22.1,24.4,89,1.22,11.86,2.40
1997-03-29,27.4,22.6,24.3,91,0.74,13.13,26.00
1997-03-30,24.5,21.9,23.1,95,1.51,6.27,21.60
1997-03-31,30.3,21.0,25.2,81,1.49,24.51,1.10
1997-04-01,28.6,23.0,25.3,85,1.82,17.61,1.40
1997-04-02,28.3,22.5,24.7,88,1.74,16.28,11.60
1997-04-03,29.4,21.9,24.9,88,1.93,17.13,3.20
1997-04-04,29.2,22.4,25.4,86,1.87,17.07,3.60
1997-04-05,28.6,22.5,24.9,89,1.51,15.49,8.40
1997-04-06,27.9,22.9,25.1,89,0.91,13.12,14.30
1997-04-07,30.4,22.2,26.0,85,1.66,20.47,0.20
1997-04-08,28.9,23.2,25.4,87,1.68,16.14,3.60
1997-04-09,28.8,22.7,25.4,86,1.87,14.16,0.80
1997-04-10,28.9,22.6,25.4,84,2.19,17.96,1.30
1997-04-11,29.8,23.2,26.1,79,3.00,19.84,1.00
1997-04-12,29.1,23.2,25.7,85,2.00,17.57,2.70
1997-04-13,28.9,23.0,25.1,88,1.35,14.83,2.50
1997-04-14,28.3,22.6,25.2,86,0.87,15.47,5.30
1997-04-15,28.8,22.8,25.1,87,1.00,15.09,13.50
1997-04-16,26.6,23.1,24.3,91,1.73,8.70,20.80
1997-04-17,30.4,22.1,25.9,81,2.35,20.50,0.10
1997-04-18,30.6,23.3,26.7,77,2.61,22.46,0.00
1997-04-19,30.3,23.1,26.4,80,2.18,20.32,0.10
1997-04-20,29.9,23.3,26.2,82,1.94,18.93,4.70
1997-04-21,29.1,22.7,25.6,87,1.13,14.81,7.90
1997-04-22,27.7,23.0,24.9,90,1.33,11.78,7.30
1997-04-23,28.9,22.7,25.4,86,0.73,15.31,0.40
1997-04-24,28.3,22.9,25.0,87,1.23,13.10,12.90
1997-04-25,24.9,22.5,23.4,95,1.21,5.55,17.70
1997-04-26,27.9,21.9,24.4,86,1.07,13.67,3.10
1997-04-27,27.7,22.3,24.7,88,0.99,12.67,10.10
1997-04-28,24.3,22.0,23.0,97,1.05,4.21,41.40
1997-04-29,27.6,21.9,24.4,87,0.92,11.11,5.80
1997-04-30,28.2,22.1,24.9,87,1.40,15.42,3.20
1997-05-01,28.8,22.5,24.9,89,1.38,14.46,5.40
1997-05-02,28.1,22.5,24.8,88,1.71,13.29,2.50
1997-05-03,27.3,22.4,24.4,89,2.09,12.22,9.50
1997-05-04,28.7,22.8,25.1,86,1.89,15.31,5.20
1997-05-05,28.7,22.3,24.8,88,1.48,15.68,9.90
1997-05-06,29.2,22.6,25.6,84,1.77,18.38,3.50
1997-05-07,29.0,22.9,25.7,80,2.58,17.06,0.00
1997-05-08,27.7,23.0,25.3,80,2.40,12.02,1.00
1997-05-09,28.7,23.1,25.5,80,2.45,16.58,0.10
1997-05-10,29.7,22.1,25.7,79,2.44,20.28,0.20
1997-05-11,29.9,22.7,26.0,78,2.75,20.82,0.00
1997-05-12,30.9,22.1,26.1,70,2.70,22.61,0.00
1997-05-13,30.4,22.5,26.2,74,2.24,20.76,0.00
1997-05-14,30.0,22.7,25.7,80,1.81,18.82,0.20
1997-05-15,28.9,21.9,25.0,86,1.42,16.61,3.00
1997-05-16,28.7,21.5,24.8,87,1.55,17.74,7.40
1997-05-17,29.9,22.2,25.8,75,2.88,19.05,0.00
1997-05-18,30.2,22.0,25.8,70,3.17,19.52,0.00
1997-05-19,29.6,21.9,25.7,74,2.84,16.70,0.00
1997-05-20,29.4,23.0,25.8,77,2.68,16.01,0.10
1997-05-21,30.9,22.5,26.3,73,2.55,21.41,0.00
1997-05-22,30.9,22.1,26.3,72,2.81,17.64,0.00
1997-05-23,32.0,23.3,27.0,66,3.21,21.16,0.00
1997-05-24,28.2,23.4,25.3,77,3.16,12.56,0.50
1997-05-25,30.4,23.1,26.2,76,2.17,18.05,0.00
1997-05-26,31.0,22.8,26.5,74,2.37,20.82,0.00
1997-05-27,32.1,23.1,27.1,69,2.35,20.39,0.00
1997-05-28,32.2,23.3,27.1,65,2.85,20.20,0.00
1997-05-29,32.1,22.7,27.0,63,2.83,21.49,0.00
1997-05-30,33.0,23.0,27.5,62,2.31,20.60,0.00
1997-05-31,33.6,24.1,28.2,59,2.13,21.39,0.00
1997-06-01,31.9,22.5,27.1,64,2.40,19.17,0.00
1997-06-02,31.7,23.5,27.1,67,2.45,18.52,0.00
1997-06-03,32.0,23.3,27.3,63,3.02,18.98,0.00
1997-06-04,32.6,22.6,27.3,61,3.11,21.11,0.00
1997-06-05,32.5,22.7,27.3,61,2.52,21.00,0.00
1997-06-06,33.2,21.2,27.3,62,2.19,21.09,0.00
1997-06-07,33.0,22.5,27.6,63,1.67,19.42,0.00
1997-06-08,32.3,22.6,27.4,65,1.17,18.60,0.00
1997-06-09,32.6,23.0,27.5,65,1.83,19.47,0.00
1997-06-10,32.9,23.4,27.5,68,1.90,20.01,0.00
1997-06-11,31.6,22.7,27.1,68,1.92,18.54,0.30
1997-06-12,32.5,22.4,27.2,65,2.49,20.48,0.00
1997-06-13,32.3,23.9,27.3,60,2.32,18.16,0.00
1997-06-14,33.1,22.3,27.6,57,2.37,20.91,0.00
1997-06-15,33.6,23.6,28.0,55,2.04,20.51,0.00
1997-06-16,33.8,22.4,27.7,51,2.45,21.95,0.00
1997-06-17,32.6,22.2,27.4,58,2.58,18.12,0.00
1997-06-18,33.2,23.1,27.9,58,2.70,18.13,0.00
1997-06-19,31.6,22.4,26.9,64,2.35,17.99,0.10
1997-06-20,33.5,22.3,27.6,56,2.47,21.70,0.00
1997-06-21,33.5,22.7,27.7,54,2.68,19.76,0.00
1997-06-22,34.1,24.1,28.7,54,3.07,20.34,0.00
1997-06-23,33.8,23.5,28.2,52,2.75,22.01,0.00
1997-06-24,33.6,22.7,27.8,51,2.30,21.07,0.00
1997-06-25,33.9,22.5,28.1,48,2.39,21.50,0.00
1997-06-26,33.9,23.0,28.1,51,1.96,18.92,0.00
1997-06-27,33.1,23.3,28.1,53,1.77,18.16,0.00
1997-06-28,33.7,23.6,28.1,54,2.31,20.05,0.00
1997-06-29,33.7,22.4,27.6,52,2.45,21.07,0.00
1997-06-30,31.5,22.3,26.9,58,2.54,18.35,0.00
1997-07-01,32.3,22.5,27.5,61,2.29,18.91,0.00
1997-07-02,31.2,23.7,26.5,70,2.17,16.49,1.30
1997-07-03,32.6,22.5,27.0,65,2.64,20.87,0.10
1997-07-04,33.2,20.5,27.0,53,2.58,22.18,0.00
1997-07-05,34.0,22.7,27.9,57,2.79,21.36,0.00
1997-07-06,32.7,23.4,27.7,54,2.71,21.63,0.00
1997-07-07,33.1,22.1,27.3,51,2.97,21.15,0.00
1997-07-08,33.9,22.1,28.0,51,3.00,20.76,0.00
1997-07-09,33.9,24.7,28.4,47,3.35,20.89,0.00
1997-07-10,33.0,21.6,27.1,48,3.40,20.85,0.00
1997-07-11,32.8,23.1,27.7,50,2.64,17.68,0.00
1997-07-12,32.1,23.0,27.5,56,2.57,19.38,0.00
1997-07-13,32.4,23.6,27.7,60,2.63,19.27,0.00
1997-07-14,33.9,24.0,28.6,55,2.82,21.33,0.00
1997-07-15,33.5,23.1,27.9,57,2.78,20.57,0.00
1997-07-16,34.5,22.5,28.3,47,2.70,22.82,0.00
1997-07-17,33.5,22.1,27.6,44,2.79,22.75,0.00
1997-07-18,32.7,23.9,27.9,48,2.96,17.94,0.00
1997-07-19,32.4,23.3,27.8,48,3.19,18.54,0.00
1997-07-20,34.1,24.7,28.7,46,3.08,18.80,0.00
1997-07-21,33.3,23.9,28.1,51,3.17,21.82,0.00
1997-07-22,33.7,22.9,28.1,51,2.75,22.54,0.00
1997-07-23,34.2,24.2,28.7,45,2.99,22.71,0.00
1997-07-24,33.6,23.8,28.0,49,3.00,18.92,0.00
1997-07-25,33.6,23.6,28.3,46,2.95,21.31,0.00
1997-07-26,33.5,24.8,28.7,43,3.11,21.14,0.00
1997-07-27,33.7,23.5,28.4,44,3.03,22.12,0.00
1997-07-28,33.7,24.0,28.6,45,2.84,21.87,0.00
1997-07-29,34.1,24.6,29.0,46,2.95,22.07,0.00
1997-07-30,34.0,23.7,28.4,47,3.00,22.48,0.00
1997-07-31,33.4,23.1,28.3,50,2.85,20.19,0.00
1997-08-01,33.5,24.1,28.5,50,2.94,21.17,0.00
1997-08-02,33.6,23.4,28.2,56,2.47,21.15,0.00
1997-08-03,34.7,23.3,28.8,53,2.67,23.25,0.00
1997-08-04,34.3,23.7,28.7,46,2.89,23.36,0.00
1997-08-05,34.1,22.6,28.3,45,2.99,23.69,0.00
1997-08-06,33.7,23.3,28.2,50,3.11,18.84,0.00
1997-08-07,33.3,24.0,28.4,52,3.05,20.68,0.00
1997-08-08,33.4,23.8,28.3,51,2.65,20.04,0.00
1997-08-09,34.5,24.4,28.9,52,1.99,21.65,0.00
1997-08-10,32.4,24.8,28.3,59,1.97,18.62,0.50
1997-08-11,31.3,24.3,27.4,66,2.29,15.91,0.30
1997-08-12,31.9,23.2,27.4,66,2.23,15.41,0.00
1997-08-13,33.8,23.2,28.1,59,2.10,19.86,0.00
1997-08-14,33.0,23.7,27.9,61,2.26,20.12,0.20
1997-08-15,34.0,23.4,28.4,54,2.45,21.78,0.10
1997-08-16,34.0,23.1,28.5,49,2.90,22.68,0.00
1997-08-17,33.8,23.8,28.5,46,3.51,21.10,0.00
1997-08-18,33.5,23.4,28.3,47,3.51,18.56,0.00
1997-08-19,34.3,24.0,28.6,44,3.36,21.43,0.00
1997-08-20,34.7,23.9,28.9,38,3.37,24.47,0.00
1997-08-21,35.5,23.5,29.3,41,2.28,23.31,0.00
1997-08-22,35.8,24.1,29.7,43,2.00,23.09,0.00
1997-08-23,34.0,23.8,28.8,53,2.34,20.87,0.00
1997-08-24,34.4,23.9,29.0,56,2.27,21.83,0.00
1997-08-25,34.9,24.5,29.3,59,2.34,21.60,0.30
1997-08-26,34.6,25.0,29.5,60,2.22,21.38,0.00
1997-08-27,35.5,24.4,29.5,52,2.97,24.42,0.00
1997-08-28,35.3,22.8,28.9,46,2.74,25.13,0.00
1997-08-29,34.1,23.6,28.8,46,2.45,22.95,0.00
1997-08-30,34.3,24.1,28.9,50,2.51,21.87,0.00
1997-08-31,34.0,24.2,28.7,52,2.28,22.32,0.00
1997-09-01,34.6,24.1,29.2,47,2.31,23.29,0.00
1997-09-02,35.5,24.5,29.8,49,2.25,21.86,0.00
1997-09-03,35.7,25.5,30.3,50,1.84,22.55,0.00
1997-09-04,34.7,25.2,29.5,59,2.38,22.09,0.20
1997-09-05,34.5,25.6,29.6,61,1.67,21.53,0.20
1997-09-06,34.1,25.3,29.2,64,1.19,21.50,1.00
1997-09-07,33.8,25.0,28.5,69,2.02,21.90,2.90
1997-09-08,33.6,25.1,28.2,70,2.17,20.67,1.80
1997-09-09,33.2,24.5,28.4,69,1.54,22.46,0.30
1997-09-10,33.4,24.5,28.6,65,2.04,23.52,0.10
1997-09-11,34.6,24.5,29.2,58,1.77,24.47,0.00
1997-09-12,33.7,25.0,29.0,60,1.43,22.80,0.40
1997-09-13,32.1,25.8,28.3,64,2.32,16.35,0.20
1997-09-14,33.9,24.2,28.5,60,2.21,22.09,0.00
1997-09-15,34.4,23.0,29.0,54,1.84,22.03,0.00
1997-09-16,35.9,25.1,30.2,50,1.50,24.12,0.00
1997-09-17,34.7,25.3,29.6,56,2.29,23.23,0.20
1997-09-18,34.4,25.3,29.4,61,1.85,22.70,0.00
1997-09-19,34.1,25.1,29.3,59,1.70,22.35,0.30
1997-09-20,34.7,24.9,29.5,61,1.55,23.22,0.20
1997-09-21,33.8,25.5,29.5,59,1.41,21.44,0.40
1997-09-22,33.7,25.6,29.3,65,1.61,20.26,0.10
1997-09-23,34.7,25.2,29.7,59,2.36,22.76,0.00
1997-09-24,33.8,25.0,29.2,50,2.82,23.50,0.00
1997-09-25,34.3,24.6,29.2,56,2.16,22.55,0.00
1997-09-26,35.4,23.8,29.7,52,2.29,24.36,0.00
1997-09-27,35.4,24.2,29.8,51,1.91,24.86,0.00
1997-09-28,33.2,25.8,29.2,57,2.14,22.09,0.00
1997-09-29,34.4,23.9,28.9,57,2.31,23.64,0.00
1997-09-30,36.0,24.2,29.7,51,2.43,24.84,0.00
1997-10-01,36.1,24.5,30.3,48,1.54,24.95,0.00
1997-10-02,35.4,25.5,30.3,53,1.50,25.25,0.00
1997-10-03,35.1,26.0,30.2,57,2.21,24.71,0.00
1997-10-04,34.8,25.9,29.8,60,2.14,23.21,0.00
1997-10-05,34.5,25.7,29.8,58,2.42,21.68,0.00
1997-10-06,35.9,25.8,30.3,52,2.44,24.24,0.00
1997-10-07,35.3,25.0,30.3,53,2.00,23.09,0.10
1997-10-08,34.7,25.8,29.9,60,1.80,23.55,0.00
1997-10-09,33.0,25.8,29.2,63,2.76,19.15,0.00
1997-10-10,35.1,24.9,29.6,57,2.31,23.39,0.00
1997-10-11,35.3,24.9,30.0,54,2.25,23.54,0.00
1997-10-12,35.1,25.6,29.7,57,1.90,22.97,0.30
1997-10-13,35.5,25.8,30.4,59,1.86,24.24,0.00
1997-10-14,34.9,26.3,30.2,60,2.18,23.07,0.00
1997-10-15,35.3,25.9,30.4,56,2.31,25.20,0.00
1997-10-16,35.5,26.5,30.4,57,2.08,24.76,0.40
1997-10-17,34.4,26.3,30.0,63,1.00,24.11,0.20
1997-10-18,35.2,26.1,30.4,61,1.56,24.16,0.00
1997-10-19,31.4,24.9,27.5,75,1.75,16.23,11.40
1997-10-20,29.2,23.8,25.6,87,1.30,11.81,9.50
1997-10-21,31.2,24.1,27.1,78,1.84,19.43,2.20
1997-10-22,33.1,24.2,28.3,72,2.12,24.84,0.00
1997-10-23,32.4,24.3,28.1,71,2.39,24.37,0.00
1997-10-24,32.8,24.5,28.4,72,1.74,24.42,0.00
1997-10-25,33.9,24.7,29.2,64,1.38,24.73,0.00
1997-10-26,33.9,24.8,29.2,61,2.41,24.99,0.00
1997-10-27,34.4,24.8,29.5,61,1.82,24.81,0.00
1997-10-28,35.1,24.8,29.8,57,1.56,25.73,0.00
1997-10-29,35.8,25.3,30.4,54,1.56,24.63,0.00
1997-10-30,34.7,26.0,29.9,58,1.95,23.91,0.20
1997-10-31,33.5,26.3,29.1,63,1.50,21.59,0.70
1997-11-01,34.3,24.8,29.4,60,2.02,23.48,0.00
1997-11-02,34.2,24.4,29.4,56,1.97,24.07,0.00
1997-11-03,34.7,25.6,30.1,56,1.77,22.53,0.20
1997-11-04,35.7,25.4,30.4,54,2.05,24.33,0.00
1997-11-05,35.7,25.7,30.1,58,2.20,24.31,0.00
1997-11-06,35.6,26.0,30.4,57,2.52,23.03,0.00
1997-11-07,34.8,25.7,30.1,55,2.38,22.57,0.00
1997-11-08,35.3,25.9,30.4,53,2.01,23.85,0.00
1997-11-09,35.4,25.6,29.8,61,2.38,23.76,0.80
1997-11-10,35.5,26.1,30.5,54,1.58,25.19,0.00
1997-11-11,34.5,26.0,29.6,58,1.60,23.97,0.00
1997-11-12,33.7,25.2,28.9,68,1.23,21.61,7.40
1997-11-13,31.4,23.8,27.2,77,1.46,20.15,2.00
1997-11-14,29.3,23.6,26.2,82,1.45,15.26,6.10
1997-11-15,32.1,24.1,26.8,82,1.17,17.70,1.20
1997-11-16,31.7,23.6,26.8,82,1.11,19.72,0.90
1997-11-17,31.4,24.2,27.3,78,1.65,22.11,0.40
1997-11-18,30.5,23.2,26.6,78,2.01,18.49,1.70
1997-11-19,31.6,23.6,26.7,80,1.40,22.54,4.90
1997-11-20,32.1,23.2,27.2,78,1.10,23.17,4.20
1997-11-21,30.1,23.3,26.0,82,1.31,18.11,3.40
1997-11-22,31.0,23.3,26.2,83,1.70,19.84,2.90
1997-11-23,31.3,23.6,27.3,78,1.36,21.71,2.20
1997-11-24,31.7,24.5,27.8,77,1.37,22.57,3.90
1997-11-25,31.1,23.7,26.8,83,1.26,21.09,7.40
1997-11-26,31.2,24.0,27.0,81,1.16,21.22,1.20
1997-11-27,30.5,24.3,27.0,81,0.96,18.92,1.90
1997-11-28,31.3,24.2,27.2,80,1.02,22.41,3.60
1997-11-29,30.8,23.9,27.1,78,1.56,21.76,0.30
1997-11-30,31.4,24.5,27.6,76,1.32,20.99,0.10
1997-12-01,33.1,24.2,28.3,68,1.88,25.52,0.00
1997-12-02,32.4,24.3,28.2,71,1.76,24.27,0.00
1997-12-03,32.4,25.3,28.5,71,1.34,22.70,0.20
1997-12-04,31.6,25.6,28.4,72,1.39,21.37,0.30
1997-12-05,32.3,24.8,28.2,74,1.12,20.10,0.00
1997-12-06,33.7,25.5,29.2,69,1.41,23.89,0.00
1997-12-07,33.4,25.6,29.2,68,1.83,22.07,0.20
1997-12-08,33.5,25.0,29.1,66,1.55,23.28,0.00
1997-12-09,33.8,25.1,29.6,64,1.23,24.69,0.00
1997-12-10,33.4,24.9,29.0,69,1.74,22.42,2.60
1997-12-11,32.4,24.2,27.5,74,1.58,20.33,3.50
1997-12-12,29.1,23.4,26.0,80,1.25,11.15,1.50
1997-12-13,29.0,23.3,26.0,81,1.19,12.57,3.40
1997-12-14,31.8,23.4,26.7,80,1.13,21.50,3.80
1997-12-15,31.3,24.3,27.5,78,0.88,19.68,0.00
1997-12-16,30.8,25.2,27.6,75,1.38,17.09,2.10
1997-12-17,28.5,23.9,25.5,88,0.96,11.36,19.70
1997-12-18,28.7,23.5,25.5,86,1.56,11.79,9.20
1997-12-19,27.7,23.3,24.7,90,1.34,10.82,22.10
1997-12-20,28.6,22.9,25.3,87,1.15,11.37,2.50
1997-12-21,28.6,23.2,25.1,88,1.53,14.59,21.40
1997-12-22,29.8,22.8,26.0,82,2.62,19.69,0.70
1997-12-23,29.0,23.6,26.1,84,1.51,16.89,3.90
1997-12-24,30.1,23.5,26.3,83,1.54,18.83,4.00
1997-12-25,30.9,23.1,26.4,83,1.43,20.71,1.70
1997-12-26,30.5,23.6,26.3,84,1.25,20.38,5.20
1997-12-27,30.5,23.0,26.4,82,0.82,20.23,4.00
1997-12-28,30.7,23.7,26.7,85,0.92,20.07,1.30
1997-12-29,29.3,23.8,25.6,86,1.44,14.81,8.90
1997-12-30,29.7,23.4,25.7,86,1.20,18.10,9.90
1997-12-31,29.9,23.2,26.1,85,1.07,16.78,1.10
1998-01-01,30.6,24.1,26.7,84,1.26,20.29,19.40
1998-01-02,28.6,23.4,25.3,88,1.41,12.52,5.10
1998-01-03,29.7,23.2,26.0,86,1.15,17.14,1.20
1998-01-04,30.6,24.0,26.6,83,1.77,19.34,1.10
1998-01-05,30.9,23.8,27.1,83,1.55,21.42,0.40
1998-01-06,31.7,23.2,27.3,80,1.33,23.22,0.90
1998-01-07,30.6,24.0,27.2,82,1.18,21.16,1.40
1998-01-08,30.0,23.8,26.1,85,1.49,17.38,6.30
1998-01-09,29.7,22.9,25.8,86,1.14,18.45,12.10
1998-01-10,30.1,23.5,26.3,86,0.79,17.38,1.40
1998-01-11,28.3,23.0,25.1,88,1.27,12.74,13.00
1998-01-12,30.8,22.7,26.7,85,1.59,23.74,0.90
1998-01-13,29.4,24.2,26.1,86,1.99,15.80,16.50
1998-01-14,30.3,23.3,26.1,86,1.37,18.11,7.30
1998-01-15,29.4,23.5,25.7,89,1.24,14.65,16.60
1998-01-16,28.5,23.5,25.7,89,0.96,13.32,4.40
1998-01-17,27.0,23.7,25.2,90,1.41,9.60,5.10
1998-01-18,30.3,23.6,26.3,84,0.74,19.64,2.40
1998-01-19,27.8,23.6,25.3,91,1.62,12.13,10.70
1998-01-20,26.8,23.2,24.7,91,1.47,7.26,18.60
1998-01-21,25.7,23.1,24.1,94,0.86,4.00,51.30
1998-01-22,26.5,22.9,24.2,93,1.31,7.59,23.00
1998-01-23,28.7,21.8,25.0,88,1.22,17.46,6.90
1998-01-24,28.3,23.1,25.4,89,1.33,13.22,8.60
1998-01-25,28.7,22.9,25.3,87,0.94,13.71,13.70
1998-01-26,27.7,23.2,24.9,88,1.44,11.15,8.30
1998-01-27,30.2,23.1,25.7,84,1.63,16.47,0.10
1998-01-28,30.4,23.6,26.5,83,1.31,21.06,2.60
1998-01-29,30.4,23.5,26.5,82,1.60,19.59,1.90
1998-01-30,30.0,24.1,26.7,83,2.31,19.07,1.90
1998-01-31,29.9,23.9,26.1,85,2.09,15.95,5.00
1998-02-01,31.1,23.5,26.8,83,1.83,21.52,4.20
1998-02-02,30.6,24.5,26.7,85,2.10,15.98,1.20
1998-02-03,30.3,24.4,27.0,84,1.90,16.24,4.60
1998-02-04,31.1,24.8,27.3,83,2.01,18.06,8.60
1998-02-05,32.6,24.4,28.2,79,1.88,23.31,0.40
1998-02-06,33.1,25.2,28.9,77,2.15,23.84,0.20
1998-02-07,32.5,24.9,28.4,79,1.90,22.67,0.80
1998-02-08,31.9,25.3,28.4,78,1.67,23.66,0.50
1998-02-09,32.5,25.3,28.4,77,2.03,23.33,0.00
1998-02-10,31.7,24.9,27.9,80,1.74,22.90,0.00
1998-02-11,31.6,25.2,27.9,79,1.51,21.48,0.40
1998-02-12,31.0,24.7,27.3,80,1.61,20.07,0.90
1998-02-13,30.6,24.3,27.0,81,1.70,19.10,2.30
1998-02-14,31.8,24.4,27.5,73,2.04,24.50,0.00
1998-02-15,31.2,24.7,27.3,77,2.13,20.71,0.50
1998-02-16,31.3,25.1,27.3,78,1.76,19.41,0.50
1998-02-17,30.0,24.6,26.9,79,1.41,17.38,1.00
1998-02-18,29.9,24.2,26.3,83,1.37,16.50,4.50
1998-02-19,28.9,23.7,26.0,86,1.44,13.65,5.90
1998-02-20,29.6,23.8,26.3,85,1.15,16.49,10.10
1998-02-21,31.4,23.6,26.6,86,0.96,18.77,15.10
1998-02-22,29.9,23.9,26.3,89,0.85,16.48,9.90
1998-02-23,31.0,23.6,26.8,85,1.20,19.00,2.20
1998-02-24,30.6,24.6,26.9,84,1.01,17.43,3.90
1998-02-25,29.4,23.7,26.0,88,1.06,15.48,9.20
1998-02-26,30.8,23.8,26.3,86,0.95,19.59,4.30
1998-02-27,31.6,23.4,26.8,84,1.14,20.06,3.40
1998-02-28,30.4,23.9,26.5,84,1.36,18.84,1.50
1998-03-01,31.1,24.0,26.9,84,1.30,22.88,5.30
1998-03-02,29.9,24.3,26.5,85,1.40,16.95,2.50
1998-03-03,30.3,24.0,26.1,88,1.53,17.01,7.30
1998-03-04,30.3,24.0,26.2,86,1.83,18.32,0.50
1998-03-05,30.6,23.5,26.6,84,1.52,18.84,0.80
1998-03-06,30.7,24.0,26.5,86,1.71,18.71,6.70
1998-03-07,28.4,24.0,25.6,89,1.57,10.62,2.10
1998-03-08,31.0,23.5,26.5,87,1.09,19.98,3.00
1998-03-09,30.2,23.9,26.1,87,1.44,17.46,7.80
1998-03-10,29.4,23.5,25.6,87,1.42,16.73,12.00
1998-03-11,29.4,22.9,25.4,86,1.22,16.39,6.20
1998-03-12,30.9,23.5,26.6,85,0.95,22.12,6.20
1998-03-13,31.4,23.5,26.7,85,1.49,18.25,2.80
1998-03-14,30.7,23.8,26.7,85,1.45,19.40,3.00
1998-03-15,29.2,23.7,26.0,87,1.03,14.80,10.00
1998-03-16,29.3,24.0,25.9,88,1.02,13.78,11.20
1998-03-17,30.1,23.3,25.9,88,1.39,15.94,6.90
1998-03-18,29.6,23.3,25.7,88,1.30,14.71,6.90
1998-03-19,30.1,23.5,26.2,87,1.02,15.65,3.00
1998-03-20,30.5,23.5,26.3,85,1.72,18.28,4.00
1998-03-21,30.7,23.9,26.6,85,1.28,20.02,4.30
1998-03-22,30.6,24.1,26.6,85,1.36,19.34,4.20
1998-03-23,29.9,24.1,26.0,88,1.66,15.96,4.60
1998-03-24,29.6,23.7,25.9,88,1.39,17.04,5.70
1998-03-25,28.7,23.4,25.6,87,1.47,12.54,0.80
1998-03-26,29.9,23.5,26.5,83,1.60,20.34,2.00
1998-03-27,29.4,23.4,26.3,86,1.25,14.97,0.60
1998-03-28,29.9,23.1,26.1,88,1.07,15.67,3.40
1998-03-29,30.0,22.9,25.6,88,2.43,14.46,33.30
1998-03-30,30.6,22.5,26.4,78,1.42,21.10,3.80
1998-03-31,31.1,23.5,27.0,81,1.69,20.30,0.30
1998-04-01,30.8,24.5,27.0,84,1.33,18.14,6.20
1998-04-02,29.3,24.6,26.6,87,1.14,13.27,2.40
1998-04-03,30.6,24.4,26.9,85,1.17,17.68,1.30
1998-04-04,30.4,24.0,26.6,86,1.67,16.76,15.40
1998-04-05,31.1,24.0,27.1,80,2.58,20.29,0.50
1998-04-06,31.8,24.6,27.7,79,2.08,22.22,0.20
1998-04-07,32.6,24.0,28.1,76,2.72,21.86,0.00
1998-04-08,32.3,24.2,28.0,79,2.16,22.40,0.40
1998-04-09,30.6,25.0,27.3,84,1.56,16.59,2.40
1998-04-10,31.0,24.1,27.3,83,1.28,19.40,1.30
1998-04-11,30.9,24.4,27.1,83,1.54,18.36,0.70
1998-04-12,31.0,24.1,26.9,85,1.33,17.70,2.20
1998-04-13,31.4,23.9,26.9,84,1.73,20.11,1.70
1998-04-14,31.4,23.1,26.9,84,1.59,21.26,0.70
1998-04-15,30.4,24.1,26.9,82,1.58,17.60,0.00
1998-04-16,30.8,23.9,26.9,83,1.76,17.51,0.20
1998-04-17,30.7,24.0,27.2,82,2.00,17.84,0.20
1998-04-18,32.0,24.3,27.8,83,1.34,20.62,0.60
1998-04-19,31.5,25.0,27.9,83,1.12,19.83,0.70
1998-04-20,31.1,24.9,27.5,84,1.45,17.83,3.00
1998-04-21,31.1,24.3,27.6,82,1.79,17.69,0.20
1998-04-22,31.8,24.1,27.9,80,1.77,21.68,0.10
1998-04-23,31.9,24.5,28.0,79,1.72,21.81,0.30
1998-04-24,31.6,25.1,28.1,79,1.93,19.89,0.50
1998-04-25,32.2,25.2,27.8,80,1.93,19.86,2.20
1998-04-26,32.0,24.9,27.9,81,1.15,21.66,0.80
1998-04-27,32.1,24.4,28.0,79,1.30,21.75,0.40
1998-04-28,30.1,24.7,27.0,85,1.21,13.89,3.30
1998-04-29,30.8,23.5,26.9,83,1.13,17.00,0.60
1998-04-30,31.5,24.6,27.7,83,1.12,19.11,0.60
1998-05-01,30.9,24.8,27.1,85,0.96,16.08,5.30
1998-05-02,29.8,24.1,26.5,88,0.76,13.93,1.70
1998-05-03,30.6,23.9,26.8,84,0.84,17.51,0.40
1998-05-04,29.4,24.1,26.3,86,1.23,14.39,1.50
1998-05-05,31.5,23.5,27.4,82,0.95,20.55,0.50
1998-05-06,30.5,23.4,26.9,85,1.38,18.87,1.70
1998-05-07,30.3,23.0,26.7,86,0.80,19.40,3.30
1998-05-08,30.9,23.7,26.7,83,1.66,17.86,1.50
1998-05-09,29.5,23.5,26.1,82,2.26,13.68,1.80
1998-05-10,31.0,24.5,27.2,75,2.09,17.85,0.00
1998-05-11,31.1,24.3,27.3,76,2.43,19.70,0.00
1998-05-12,32.4,24.1,27.8,73,2.33,20.96,0.10
1998-05-13,31.8,23.3,27.4,78,1.88,20.44,0.10
1998-05-14,31.1,23.5,27.5,79,1.64,17.82,0.30
1998-05-15,32.6,24.8,28.0,77,1.51,19.06,0.70
1998-05-16,32.1,24.5,28.0,80,1.31,20.21,0.00
1998-05-17,32.4,25.4,28.1,75,1.55,18.12,0.00
1998-05-18,30.3,24.7,27.1,78,1.06,11.00,0.00
1998-05-19,32.0,24.9,27.8,79,1.54,17.85,0.10
1998-05-20,32.3,25.1,28.2,72,1.96,16.91,0.00
1998-05-21,31.8,24.6,27.8,76,1.83,17.72,0.20
1998-05-22,32.6,25.0,28.4,73,2.10,17.26,0.00
1998-05-23,32.0,25.0,28.2,73,2.38,17.43,0.00
1998-05-24,33.9,24.1,28.7,68,2.54,20.45,0.00
1998-05-25,34.7,25.3,29.4,60,2.96,20.09,0.00
1998-05-26,34.0,24.3,29.0,60,2.59,20.53,0.00
1998-05-27,35.2,24.2,29.3,61,2.08,21.71,0.00
1998-05-28,34.7,23.6,28.9,63,2.14,20.01,0.00
1998-05-29,34.2,24.2,29.0,67,1.87,19.84,0.00
1998-05-30,33.4,25.2,29.1,71,1.37,18.71,0.30
1998-05-31,32.2,25.0,28.5,72,1.74,17.59,0.30
1998-06-01,30.8,24.4,26.6,81,1.70,12.78,3.30
1998-06-02,31.1,23.5,26.9,80,1.61,16.80,0.50
1998-06-03,33.2,22.7,27.6,70,2.15,20.48,0.00
1998-06-04,34.3,22.8,28.1,62,1.86,22.32,0.00
1998-06-05,33.7,23.0,28.0,64,2.40,20.38,0.00
1998-06-06,33.5,23.5,28.1,63,2.92,20.37,0.00
1998-06-07,34.2,23.8,28.5,54,3.09,20.44,0.00
1998-06-08,33.6,24.3,28.6,52,3.30,19.88,0.00
1998-06-09,33.1,24.0,28.4,57,2.88,17.29,0.00
1998-06-10,34.9,23.8,29.1,54,2.33,20.02,0.00
1998-06-11,35.2,24.7,29.6,55,1.96,19.03,0.00
1998-06-12,33.5,25.5,28.1,70,2.07,17.25,1.80
1998-06-13,32.7,24.4,28.2,71,2.47,18.22,0.20
1998-06-14,34.0,24.0,28.7,62,2.75,19.14,0.20
1998-06-15,33.2,25.0,28.6,52,3.16,17.13,0.00
1998-06-16,33.0,24.5,28.4,53,3.29,17.61,0.00
1998-06-17,32.5,24.5,28.5,54,2.76,15.43,0.00
1998-06-18,34.8,24.7,29.1,56,2.03,18.89,0.00
1998-06-19,33.9,24.0,28.5,60,2.17,18.35,0.00
1998-06-20,33.0,24.2,28.2,66,2.52,18.28,0.20
1998-06-21,34.1,23.8,28.8,62,2.08,19.26,0.00
1998-06-22,35.3,23.8,29.2,55,2.52,21.62,0.00
1998-06-23,34.9,23.1,28.9,50,2.28,21.97,0.00
1998-06-24,35.0,24.4,29.1,46,1.94,21.75,0.00
1998-06-25,35.0,22.7,28.7,44,2.34,21.98,0.00
1998-06-26,33.2,24.0,28.3,56,2.44,17.86,0.00
1998-06-27,33.3,23.7,28.3,63,2.58,18.51,0.00
1998-06-28,34.9,23.6,28.9,55,3.01,21.72,0.00
1998-06-29,34.4,23.6,28.9,49,2.64,20.42,0.00
1998-06-30,35.4,24.7,29.8,41,2.73,21.91,0.00
1998-07-01,34.9,24.0,29.1,41,2.59,21.95,0.00
1998-07-02,33.2,23.0,28.1,53,1.93,14.13,0.00
1998-07-03,33.3,24.5,28.4,61,2.58,15.90,0.00
1998-07-04,34.5,23.2,28.8,54,2.94,21.50,0.00
1998-07-05,34.7,23.5,28.8,41,2.97,21.85,0.00
1998-07-06,35.3,24.0,29.4,45,2.09,19.59,0.00
1998-07-07,34.4,24.7,29.5,51,2.03,18.42,0.00
1998-07-08,34.3,24.7,28.4,64,1.85,18.63,3.00
1998-07-09,30.2,24.1,26.3,81,1.52,12.17,1.40
1998-07-10,31.2,23.9,26.8,78,1.59,16.26,1.70
1998-07-11,30.9,23.6,27.2,74,1.99,16.24,0.10
1998-07-12,31.0,22.8,26.8,74,1.39,17.12,1.40
1998-07-13,31.3,23.4,27.0,70,1.63,17.72,0.20
1998-07-14,31.8,23.1,26.9,68,1.70,16.89,1.30
1998-07-15,32.4,22.4,27.2,65,2.07,19.63,0.00
1998-07-16,33.6,23.4,28.1,62,1.97,20.22,0.00
1998-07-17,33.9,24.4,28.5,60,2.39,19.72,0.20
1998-07-18,34.5,23.0,28.5,59,2.30,20.50,0.00
1998-07-19,35.3,23.4,29.1,55,2.66,21.49,0.00
1998-07-20,35.1,23.4,29.1,55,2.58,21.04,0.00
1998-07-21,35.8,23.9,29.6,46,2.25,21.05,0.00
1998-07-22,35.9,23.7,29.5,45,2.30,22.82,0.00
1998-07-23,35.8,23.9,29.6,44,2.36,22.59,0.00
1998-07-24,35.6,22.6,29.2,41,2.42,22.73,0.00
1998-07-25,35.8,24.6,30.0,38,1.94,22.87,0.00
1998-07-26,35.5,25.1,30.2,35,2.21,22.22,0.00
1998-07-27,35.8,23.2,29.6,40,2.48,22.92,0.00
1998-07-28,35.4,24.9,30.0,45,3.27,20.23,0.00
1998-07-29,35.2,25.4,30.2,46,2.92,21.18,0.00
1998-07-30,34.6,25.2,29.7,52,2.52,19.93,0.00
1998-07-31,31.3,24.8,28.2,63,2.58,15.53,0.30
1998-08-01,35.1,24.3,29.5,52,2.56,22.10,0.00
1998-08-02,35.2,23.8,29.5,45,2.91,23.22,0.00
1998-08-03,35.8,23.9,29.8,46,2.72,22.92,0.00
1998-08-04,35.2,24.7,29.5,53,2.92,21.69,0.00
1998-08-05,34.4,23.9,29.0,55,2.48,21.19,0.10
1998-08-06,34.3,24.1,29.3,52,2.22,19.27,0.00
1998-08-07,36.5,24.0,30.1,48,2.46,21.74,0.00
1998-08-08,36.2,24.0,29.8,50,2.64,22.34,0.00
1998-08-09,35.3,24.3,29.5,53,2.47,21.57,0.00
1998-08-10,34.7,24.5,29.5,54,2.30,19.30,0.00
1998-08-11,35.1,24.6,29.7,54,2.23,21.08,0.00
1998-08-12,34.7,25.2,29.7,57,2.39,21.00,0.00
1998-08-13,35.3,25.2,29.7,57,2.59,20.48,0.10
1998-08-14,35.3,24.2,29.6,56,2.39,20.88,0.00
1998-08-15,33.0,25.8,28.8,57,2.41,13.81,0.00
1998-08-16,35.1,23.6,29.3,54,2.69,20.60,0.00
1998-08-17,34.4,24.0,28.9,53,2.07,20.19,0.10
1998-08-18,34.0,23.8,28.8,54,1.71,20.35,0.00
1998-08-19,36.0,24.6,30.0,51,1.92,22.81,0.00
1998-08-20,36.3,25.2,30.4,49,2.41,21.97,0.00
1998-08-21,35.5,24.5,29.8,54,2.79,20.95,0.00
1998-08-22,36.6,24.7,30.4,47,2.78,24.29,0.00
1998-08-23,36.7,25.6,30.9,36,2.86,23.93,0.00
1998-08-24,35.8,24.7,30.4,40,3.43,24.04,0.00
1998-08-25,35.4,24.9,30.2,40,3.09,21.28,0.00
1998-08-26,35.8,25.0,30.1,47,2.95,21.77,0.00
1998-08-27,34.5,25.3,29.6,58,1.85,20.79,0.30
1998-08-28,34.1,24.8,29.2,61,1.77,20.73,0.30
1998-08-29,33.8,25.0,29.4,59,2.38,20.12,0.00
1998-08-30,36.1,24.5,29.9,52,2.67,22.89,0.00
1998-08-31,34.8,25.1,29.8,51,3.04,21.47,0.00
1998-09-01,37.5,25.1,30.9,43,2.96,24.53,0.00
1998-09-02,35.3,24.7,29.8,48,2.81,22.39,0.00
1998-09-03,34.3,25.0,29.2,57,2.43,20.96,0.30
1998-09-04,36.6,24.7,30.4,50,2.72,24.33,0.00
1998-09-05,36.7,25.5,30.9,49,2.35,23.31,0.00
1998-09-06,35.9,25.8,30.8,50,2.59,22.78,0.00
1998-09-07,35.5,26.0,30.5,52,2.73,22.50,0.10
1998-09-08,35.5,26.0,30.6,53,2.83,22.10,0.00
1998-09-09,35.4,25.7,30.5,54,1.76,22.13,0.20
1998-09-10,36.1,25.4,30.4,53,2.11,22.23,0.00
1998-09-11,36.6,25.4,30.5,50,2.93,23.39,0.00
1998-09-12,36.5,24.6,30.5,46,2.78,23.52,0.00
1998-09-13,36.2,25.6,30.8,46,2.42,22.65,0.00
1998-09-14,36.9,25.5,31.1,48,2.33,22.96,0.00
1998-09-15,36.0,25.3,30.4,50,2.51,22.63,0.00
1998-09-16,34.6,25.6,29.8,58,2.16,21.82,0.00
1998-09-17,36.0,25.3,30.4,55,2.50,22.98,0.00
1998-09-18,36.5,25.0,30.1,55,2.95,23.63,0.00
1998-09-19,36.6,24.8,30.5,50,2.76,23.62,0.00
1998-09-20,36.8,24.9,30.9,49,2.04,22.84,0.00
1998-09-21,35.0,26.2,30.1,55,1.77,21.91,0.80
1998-09-22,32.2,23.1,27.3,74,1.57,18.27,2.60
1998-09-23,32.5,24.4,28.0,70,2.09,21.01,0.60
1998-09-24,33.7,24.0,28.4,66,2.51,22.48,0.50
1998-09-25,34.9,24.1,29.1,57,2.73,24.60,0.00
1998-09-26,34.6,23.2,28.9,55,2.75,22.89,0.00
1998-09-27,34.7,24.6,29.4,59,2.81,22.80,0.20
1998-09-28,34.7,25.5,29.9,58,2.93,22.38,0.00
1998-09-29,35.8,25.5,30.2,56,2.27,24.84,0.20
1998-09-30,34.7,25.6,29.8,58,1.57,22.62,0.00
1998-10-01,34.9,25.4,29.9,57,1.81,22.52,0.20
1998-10-02,35.1,24.8,29.6,59,2.07,23.64,0.00
1998-10-03,36.1,25.1,30.4,54,2.51,24.05,0.00
1998-10-04,36.4,25.5,30.6,54,2.56,24.31,0.00
1998-10-05,35.5,25.7,30.2,56,2.87,23.88,0.20
1998-10-06,35.7,25.3,30.3,53,2.48,23.84,0.00
1998-10-07,36.7,25.0,30.7,49,2.57,25.46,0.00
1998-10-08,35.9,25.5,30.2,53,2.90,25.45,0.00
1998-10-09,34.8,25.5,29.8,58,2.31,22.18,0.00
1998-10-10,34.0,24.9,28.5,68,1.87,21.56,4.90
1998-10-11,29.7,23.4,26.5,80,1.39,13.72,6.90
1998-10-12,30.5,23.9,27.0,80,0.97,20.07,8.60
1998-10-13,30.5,23.3,26.0,86,0.98,18.78,9.90
1998-10-14,31.0,23.6,26.4,85,1.15,18.37,5.10
1998-10-15,31.8,23.5,27.2,81,1.40,22.81,0.60
1998-10-16,32.4,23.8,28.3,73,1.28,24.29,0.10
1998-10-17,29.5,24.5,26.8,80,1.69,16.98,8.10
1998-10-18,30.8,23.9,27.0,80,0.86,17.21,0.90
1998-10-19,32.3,24.1,28.2,73,1.41,22.94,0.20
1998-10-20,32.2,24.9,28.2,73,1.34,23.15,0.30
1998-10-21,31.5,23.1,27.1,77,2.12,18.60,4.50
1998-10-22,31.4,23.6,27.1,76,1.87,19.59,0.90
1998-10-23,32.0,23.9,27.9,74,1.58,22.68,0.10
1998-10-24,32.2,24.2,27.9,71,1.74,21.09,0.20
1998-10-25,32.9,24.4,27.8,72,1.73,23.10,0.70
1998-10-26,30.9,24.2,27.0,78,1.71,19.72,3.40
1998-10-27,31.6,23.1,26.7,81,0.96,19.22,7.10
1998-10-28,32.0,23.6,27.6,79,1.00,22.00,0.70
1998-10-29,32.9,24.5,28.5,71,1.57,24.20,0.00
1998-10-30,32.9,24.1,28.5,72,1.37,24.29,0.00
1998-10-31,31.7,25.1,27.9,75,1.85,20.09,3.40
1998-11-01,31.2,23.3,26.6,82,1.27,18.39,13.10
1998-11-02,31.2,24.7,27.1,81,0.99,21.03,4.20
1998-11-03,31.1,24.2,27.3,80,0.90,18.76,0.20
1998-11-04,30.9,23.7,27.2,80,1.30,21.57,2.10
1998-11-05,30.2,24.0,26.6,80,1.18,16.37,1.50
1998-11-06,31.7,24.3,27.5,78,1.28,21.83,1.50
1998-11-07,30.6,24.0,26.2,84,1.46,17.33,10.20
1998-11-08,31.0,22.8,26.6,82,1.29,22.05,5.40
1998-11-09,28.7,22.8,25.0,86,0.95,14.08,10.00
1998-11-10,29.6,23.5,26.2,84,0.98,17.89,4.20
1998-11-11,30.5,24.0,26.7,83,1.03,18.22,2.40
1998-11-12,30.7,23.6,26.7,83,1.15,19.98,1.90
1998-11-13,30.9,23.8,27.1,80,1.04,19.67,2.00
1998-11-14,29.6,24.1,26.4,84,1.13,14.85,8.00
1998-11-15,30.6,23.2,26.5,83,1.12,18.16,2.60
1998-11-16,31.2,24.0,27.5,78,1.27,22.02,0.40
1998-11-17,30.3,24.8,27.0,79,0.90,15.88,7.30
1998-11-18,28.9,23.1,25.5,86,1.49,13.83,3.80
1998-11-19,30.3,22.9,25.6,86,1.12,18.36,3.50
1998-11-20,30.1,23.2,25.6,87,1.31,18.50,14.20
1998-11-21,28.9,23.6,25.9,87,0.95,15.06,12.00
1998-11-22,28.4,23.6,26.0,85,0.82,15.04,7.20
1998-11-23,25.9,22.5,23.8,92,1.37,5.36,42.80
1998-11-24,26.7,23.2,24.8,91,1.08,9.53,6.60
1998-11-25,29.7,23.0,25.3,87,1.45,17.24,8.20
1998-11-26,29.0,23.2,26.0,85,1.11,15.76,3.60
1998-11-27,29.5,23.0,25.8,86,1.32,18.43,9.80
1998-11-28,26.1,23.2,24.5,92,1.27,7.15,19.10
1998-11-29,28.1,22.9,24.7,91,1.03,12.26,17.60
1998-11-30,30.3,22.7,25.9,84,0.96,20.10,2.80
1998-12-01,30.1,22.7,25.7,85,1.31,18.31,8.90
1998-12-02,31.0,23.1,25.7,86,1.06,19.65,7.30
1998-12-03,31.0,23.4,26.4,85,1.51,21.74,6.50
1998-12-04,31.2,23.0,26.7,84,1.20,21.28,1.70
1998-12-05,30.8,23.7,27.1,83,0.91,20.69,0.50
1998-12-06,31.0,23.4,26.9,84,1.33,19.73,2.80
1998-12-07,30.5,23.0,26.6,82,1.01,21.04,1.90
1998-12-08,30.0,23.7,26.3,83,1.55,17.17,4.40
1998-12-09,30.9,22.7,26.8,82,1.30,19.57,0.00
1998-12-10,29.7,24.5,26.4,84,0.94,16.31,11.60
1998-12-11,30.2,23.2,26.3,83,1.25,17.41,0.00
1998-12-12,30.3,23.8,26.7,82,1.06,21.48,0.40
1998-12-13,30.5,24.3,27.2,83,1.04,21.36,0.00
1998-12-14,30.1,24.3,26.5,84,1.23,17.23,3.80
1998-12-15,29.9,23.5,26.1,84,1.38,20.04,7.00
1998-12-16,30.4,22.9,26.2,85,0.85,21.35,2.70
1998-12-17,30.0,23.3,26.5,85,1.03,20.37,4.00
1998-12-18,29.9,23.7,26.7,83,1.25,19.30,0.40
1998-12-19,29.5,23.7,26.1,87,1.13,19.53,3.50
1998-12-20,30.1,22.8,25.7,86,1.44,20.60,8.10
1998-12-21,27.9,22.9,25.0,88,1.13,15.00,7.50
1998-12-22,29.5,22.0,24.9,85,1.13,18.90,8.90
1998-12-23,28.6,22.8,24.7,87,0.79,15.50,9.60
1998-12-24,27.4,22.5,24.8,90,1.25,11.83,4.80
1998-12-25,29.1,22.4,24.9,90,1.16,14.76,15.50
1998-12-26,29.4,22.5,25.1,85,1.38,16.87,1.40
1998-12-27,30.0,22.1,25.5,84,1.74,21.52,3.20
1998-12-28,29.0,23.2,25.6,84,1.25,16.77,2.20
1998-12-29,27.9,22.7,24.9,87,1.38,12.11,5.50
1998-12-30,27.9,22.6,25.1,87,1.59,14.57,8.60
1998-12-31,29.9,22.9,25.7,86,1.54,19.50,9.30
1999-01-01,30.4,23.3,26.6,83,1.14,19.16,2.60
1999-01-02,29.8,23.3,25.9,86,1.14,16.71,8.40
1999-01-03,29.3,23.1,25.6,83,1.91,14.87,8.80
1999-01-04,30.0,23.2,26.1,83,1.03,19.12,1.60
1999-01-05,28.0,22.4,24.9,88,0.86,13.04,7.90
1999-01-06,26.4,23.1,24.4,91,1.02,10.20,11.00
1999-01-07,28.8,22.2,24.7,88,0.97,16.22,19.00
1999-01-08,28.8,22.6,25.2,87,1.02,16.47,4.10
1999-01-09,30.1,22.5,25.6,85,1.09,20.73,10.10
1999-01-10,28.1,22.4,24.9,86,1.03,13.69,2.70
1999-01-11,28.8,22.2,24.8,86,1.17,16.27,6.90
1999-01-12,28.3,22.2,24.8,87,1.33,14.32,7.00
1999-01-13,29.7,22.8,25.6,86,1.01,19.97,7.70
1999-01-14,24.7,22.3,23.4,93,1.57,5.61,27.60
1999-01-15,29.6,20.0,24.7,84,1.36,23.19,1.00
1999-01-16,29.2,22.9,25.4,86,1.10,17.38,4.20
1999-01-17,28.9,22.1,25.0,86,1.41,17.38,4.40
1999-01-18,28.8,22.2,24.9,86,1.58,16.57,3.90
1999-01-19,29.1,21.9,24.9,87,1.29,18.20,12.20
1999-01-20,28.7,22.1,24.8,85,1.63,15.32,3.60
1999-01-21,28.0,22.2,24.8,88,1.51,15.40,1.70
1999-01-22,28.9,22.8,25.5,85,1.24,16.09,1.80
1999-01-23,30.3,22.1,25.8,84,1.63,21.51,0.70
1999-01-24,29.7,22.8,25.8,84,1.69,19.40,2.60
1999-01-25,29.8,22.7,25.4,87,1.29,16.88,5.00
1999-01-26,28.8,22.4,24.9,87,1.45,15.18,10.20
1999-01-27,29.2,22.3,25.3,85,1.10,16.45,6.60
1999-01-28,28.2,22.6,25.2,87,1.21,14.69,1.30
1999-01-29,29.7,22.7,25.6,86,1.10,22.04,6.30
1999-01-30,28.9,22.4,25.5,88,0.97,17.89,12.00
1999-01-31,29.7,22.7,25.2,88,1.01,18.43,21.10
1999-02-01,29.5,22.9,25.3,87,1.47,19.79,8.20
1999-02-02,28.1,22.8,24.6,90,0.93,13.14,19.80
1999-02-03,27.3,22.7,24.6,91,1.28,13.25,9.20
1999-02-04,28.5,22.5,25.1,85,1.25,15.04,2.20
1999-02-05,26.5,22.5,24.2,91,1.38,10.06,12.40
1999-02-06,28.4,22.1,24.9,85,1.73,14.68,0.20
1999-02-07,30.3,21.9,25.8,82,1.99,21.88,1.20
1999-02-08,29.4,22.8,25.8,84,2.07,19.76,2.20
1999-02-09,28.7,22.6,24.9,87,1.67,14.53,8.50
1999-02-10,30.2,22.5,26.1,81,1.94,20.75,0.80
1999-02-11,30.0,23.2,26.2,82,1.54,17.64,0.40
1999-02-12,29.4,23.6,26.1,85,1.58,16.67,0.20
1999-02-13,28.5,23.7,25.8,85,1.59,15.66,9.10
1999-02-14,29.1,22.8,25.4,86,1.30,16.81,5.00
1999-02-15,29.9,23.1,25.8,84,1.78,19.95,1.10
1999-02-16,29.4,22.5,25.3,86,1.35,16.58,4.80
1999-02-17,29.5,22.7,25.7,85,1.47,20.47,8.90
1999-02-18,28.1,22.8,24.7,89,1.39,14.18,21.40
1999-02-19,29.3,22.1,25.2,87,1.28,17.78,6.20
1999-02-20,27.9,22.7,24.5,90,1.31,13.53,15.30
1999-02-21,29.6,22.6,25.4,86,1.12,18.36,0.50
1999-02-22,29.4,22.3,25.4,86,1.26,19.74,11.10
1999-02-23,27.4,22.9,24.0,92,1.73,9.72,19.40
1999-02-24,27.8,22.4,24.4,90,0.81,12.65,16.80
1999-02-25,28.1,22.7,24.8,91,0.87,13.30,16.90
1999-02-26,28.6,22.5,25.3,86,1.27,17.82,2.20
1999-02-27,28.6,22.5,25.0,87,1.45,15.31,9.00
1999-02-28,29.1,22.7,25.4,86,1.71,17.94,3.50
1999-03-01,27.6,23.0,25.3,86,1.37,14.07,17.80
1999-03-02,27.8,22.6,24.0,91,1.70,13.38,33.30
1999-03-03,29.0,22.5,25.0,86,1.07,16.86,7.30
1999-03-04,29.2,22.2,24.9,87,1.52,17.22,18.80
1999-03-05,28.6,22.0,24.8,87,1.23,16.03,5.10
1999-03-06,26.6,22.5,23.7,91,1.42,8.49,25.00
1999-03-07,28.5,21.9,24.7,88,0.92,17.19,6.40
1999-03-08,29.8,22.0,25.3,86,1.00,21.93,0.90
1999-03-09,29.5,22.3,24.9,86,1.39,17.77,11.30
1999-03-10,29.7,22.2,24.9,86,1.48,19.45,6.80
1999-03-11,29.1,22.5,25.4,86,1.28,19.85,4.30
1999-03-12,29.5,22.2,25.2,87,1.26,18.72,12.00
1999-03-13,27.7,23.1,24.8,88,1.49,13.41,23.90
1999-03-14,28.3,22.1,24.6,88,0.80,15.64,3.20
1999-03-15,29.0,22.2,25.2,85,1.23,16.57,1.30
1999-03-16,27.7,22.5,24.6,88,1.04,13.41,6.00
1999-03-17,26.8,22.2,23.9,91,1.19,11.17,8.90
1999-03-18,25.9,22.4,23.7,91,1.48,8.26,4.30
1999-03-19,26.8,22.1,23.8,91,0.80,11.45,28.80
1999-03-20,25.5,22.1,23.6,94,1.17,8.63,21.10
1999-03-21,29.8,21.9,25.4,84,1.82,20.85,4.10
1999-03-22,29.1,22.8,25.2,87,1.45,15.74,2.70
1999-03-23,28.7,22.8,25.2,87,1.31,16.48,3.80
1999-03-24,29.3,22.7,25.3,86,1.46,16.12,0.40
1999-03-25,29.7,22.7,25.6,86,1.44,18.08,7.20
1999-03-26,28.1,23.0,25.5,86,1.58,13.01,1.90
1999-03-27,28.8,23.1,25.4,86,1.66,15.82,2.50
1999-03-28,30.3,22.8,25.6,86,1.42,19.24,4.60
1999-03-29,29.5,22.8,25.5,88,1.26,17.69,2.60
1999-03-30,29.5,23.4,25.6,87,1.17,15.20,3.40
1999-03-31,29.1,22.6,25.2,89,1.40,17.44,7.60
1999-04-01,29.7,22.1,25.3,84,1.72,19.06,0.60
1999-04-02,30.3,22.5,25.9,84,1.56,21.52,2.30
1999-04-03,30.6,22.7,26.0,82,1.84,20.82,2.50
1999-04-04,28.9,23.4,25.5,85,1.57,13.82,4.20
1999-04-05,29.0,22.6,25.4,86,1.49,16.08,8.10
1999-04-06,30.0,23.2,26.1,84,2.15,18.05,0.50
1999-04-07,28.1,23.0,25.3,87,1.70,14.53,9.70
1999-04-08,28.7,23.0,25.3,87,1.64,16.34,7.60
1999-04-09,29.0,22.6,25.3,87,1.34,17.02,0.50
1999-04-10,28.9,22.8,25.3,85,1.57,18.05,2.00
1999-04-11,28.6,22.3,25.1,87,1.42,14.78,4.60
1999-04-12,28.7,23.1,25.1,88,1.53,15.25,3.50
1999-04-13,28.2,22.5,24.6,88,2.10,13.64,4.20
1999-04-14,29.2,22.7,25.5,86,1.59,16.30,3.60
1999-04-15,29.4,22.8,25.6,84,1.56,17.85,1.30
1999-04-16,29.3,22.8,25.8,84,1.01,19.84,0.50
1999-04-17,27.9,22.5,25.2,86,1.30,13.36,3.20
1999-04-18,30.6,22.2,26.2,82,1.43,21.90,0.40
1999-04-19,29.6,22.7,25.6,85,1.13,19.75,1.20
1999-04-20,28.4,22.3,25.0,86,1.29,15.37,1.40
1999-04-21,29.2,22.5,25.2,85,1.72,17.38,2.10
1999-04-22,29.0,22.4,25.3,86,1.53,15.97,0.60
1999-04-23,28.7,22.7,25.3,86,1.48,17.01,6.50
1999-04-24,29.0,22.7,25.3,87,1.15,15.49,11.70
1999-04-25,27.7,22.6,25.0,88,1.09,12.95,8.70
1999-04-26,28.7,22.6,25.2,88,1.03,14.59,4.60
1999-04-27,28.2,22.7,24.5,91,1.14,12.91,19.10
1999-04-28,27.3,22.2,24.2,89,1.19,12.87,12.10
1999-04-29,28.2,21.6,24.4,89,1.14,15.19,11.30
1999-04-30,27.7,22.0,24.7,89,1.31,12.96,10.90
1999-05-01,27.5,22.6,24.1,90,1.56,10.39,9.20
1999-05-02,28.5,22.5,24.5,88,2.08,13.11,1.80
1999-05-03,29.3,22.1,25.2,86,1.25,15.38,0.20
1999-05-04,28.7,22.0,25.0,86,1.69,15.80,4.00
1999-05-05,28.4,22.7,25.1,85,1.56,13.76,3.20
1999-05-06,28.0,22.2,24.5,88,1.27,11.64,6.50
1999-05-07,27.2,22.3,24.2,91,1.21,11.79,17.50
1999-05-08,28.4,22.1,24.6,89,1.07,14.58,8.40
1999-05-09,27.2,22.1,24.2,91,0.91,13.04,9.70
1999-05-10,28.5,22.1,24.8,89,1.06,15.61,12.50
1999-05-11,27.0,22.3,24.4,88,1.33,11.10,1.10
1999-05-12,28.8,22.3,24.9,88,1.17,15.40,1.90
1999-05-13,29.0,22.1,24.8,90,1.12,16.11,8.20
1999-05-14,27.1,22.0,24.3,90,0.94,11.60,5.00
1999-05-15,26.7,22.3,23.8,92,1.15,9.15,31.00
1999-05-16,27.2,22.2,24.0,88,1.38,9.36,14.00
1999-05-17,27.8,22.0,24.3,88,1.33,12.59,2.20
1999-05-18,29.1,21.8,24.8,86,1.83,18.37,4.10
1999-05-19,29.6,21.8,25.3,84,1.66,19.32,0.20
1999-05-20,28.9,22.3,25.3,85,1.28,15.60,0.30
1999-05-21,28.5,22.4,24.9,88,1.27,14.73,3.70
1999-05-22,28.6,22.8,24.9,90,1.02,14.61,3.90
1999-05-23,27.6,22.6,24.2,92,1.51,11.91,6.90
1999-05-24,26.9,21.5,24.2,90,1.57,10.75,4.90
1999-05-25,29.5,22.0,25.6,82,2.83,18.21,0.00
1999-05-26,29.9,21.6,25.6,75,2.54,19.50,0.00
1999-05-27,30.7,22.4,26.3,76,2.40,20.65,0.00
1999-05-28,29.8,22.6,26.1,81,2.12,18.63,0.00
1999-05-29,30.3,21.4,25.7,76,2.46,21.83,0.00
1999-05-30,30.8,19.8,25.1,74,1.64,21.93,0.00
1999-05-31,31.5,21.3,26.2,73,1.12,22.10,0.00
1999-06-01,29.6,22.1,25.8,80,1.34,17.73,0.00
1999-06-02,29.9,22.3,25.9,81,1.94,18.83,0.30
1999-06-03,30.6,21.4,26.0,76,2.41,20.32,0.00
1999-06-04,30.3,22.4,26.2,74,2.26,18.55,0.00
1999-06-05,29.9,23.4,26.3,78,1.83,17.06,0.30
1999-06-06,30.8,22.8,26.3,77,1.73,19.80,0.10
1999-06-07,30.6,22.4,26.2,76,2.01,19.29,0.00
1999-06-08,30.7,22.1,26.1,75,2.23,18.85,0.10
1999-06-09,31.2,21.7,26.2,71,2.97,20.40,0.00
1999-06-10,30.9,22.6,26.5,67,2.86,17.93,0.00
1999-06-11,31.7,22.7,26.7,67,2.66,17.60,0.00
1999-06-12,31.9,23.0,26.9,68,2.50,19.66,0.00
1999-06-13,32.1,22.6,27.0,63,2.50,19.24,0.00
1999-06-14,31.9,21.5,26.6,63,2.07,20.71,0.00
1999-06-15,31.5,21.4,26.5,64,1.32,18.72,0.00
1999-06-16,32.4,22.3,27.1,66,1.95,19.28,0.00
1999-06-17,31.5,22.8,26.8,72,2.30,19.06,0.10
1999-06-18,30.8,22.9,26.4,76,2.21,17.64,0.50
1999-06-19,30.5,23.2,26.5,77,1.73,15.25,1.50
1999-06-20,31.9,23.2,26.9,74,1.68,18.42,0.00
1999-06-21,32.6,23.1,27.5,70,2.28,19.67,0.00
1999-06-22,31.5,23.4,27.2,73,1.65,18.56,0.20
1999-06-23,31.3,23.6,27.1,76,1.22,18.30,0.20
1999-06-24,31.0,23.0,26.8,76,1.69,17.00,0.10
1999-06-25,32.8,23.0,27.6,70,1.98,19.37,0.20
1999-06-26,31.3,23.4,27.0,74,1.69,16.96,0.20
1999-06-27,30.5,23.3,26.3,72,2.24,15.03,0.00
1999-06-28,32.5,21.4,26.7,65,2.42,20.42,0.00
1999-06-29,32.5,22.1,27.3,59,2.64,18.37,0.00
1999-06-30,33.1,22.6,27.6,60,2.13,18.58,0.00
1999-07-01,32.8,22.1,27.3,64,2.11,19.16,0.00
1999-07-02,33.5,21.8,27.5,58,2.63,19.85,0.00
1999-07-03,33.7,21.7,27.4,55,2.31,21.51,0.00
1999-07-04,33.5,20.6,27.3,48,2.41,22.00,0.00
1999-07-05,34.2,21.7,28.1,47,2.03,22.17,0.00
1999-07-06,32.7,22.9,27.5,54,2.01,18.36,0.00
1999-07-07,32.9,20.8,26.9,54,2.79,21.11,0.00
1999-07-08,32.6,23.1,27.5,54,2.66,16.64,0.00
1999-07-09,33.3,22.5,27.4,56,2.01,22.00,0.00
1999-07-10,33.5,21.1,26.9,53,1.89,20.46,0.00
1999-07-11,32.6,22.4,27.3,51,2.72,20.76,0.00
1999-07-12,32.8,22.8,27.6,51,2.74,20.52,0.00
1999-07-13,33.2,22.8,27.6,52,2.89,20.06,0.00
1999-07-14,33.7,22.1,27.7,50,2.62,22.14,0.00
1999-07-15,34.1,22.3,27.8,46,2.74,22.51,0.00
1999-07-16,33.8,23.2,28.2,51,2.62,21.30,0.00
1999-07-17,34.4,22.3,28.2,56,2.31,21.12,0.00
1999-07-18,31.9,24.2,27.3,63,2.58,17.81,1.90
1999-07-19,32.0,23.3,27.0,67,2.28,16.94,0.00
1999-07-20,33.5,22.5,28.0,56,2.54,21.79,0.00
1999-07-21,33.7,24.0,28.6,53,2.33,19.32,0.00
1999-07-22,34.6,24.0,28.8,54,2.32,21.44,0.00
1999-07-23,33.9,23.0,28.4,49,2.38,22.77,0.00
1999-07-24,34.3,22.8,28.4,45,2.90,22.63,0.00
1999-07-25,34.4,23.6,28.8,46,3.05,21.05,0.00
1999-07-26,34.5,23.3,28.8,45,3.19,21.59,0.00
1999-07-27,33.8,24.0,28.5,45,3.21,22.77,0.00
1999-07-28,34.3,22.8,28.6,44,2.91,21.66,0.00
1999-07-29,34.3,23.7,28.9,42,2.80,23.30,0.00
1999-07-30,34.4,21.6,27.9,42,2.89,23.66,0.00
1999-07-31,33.8,20.7,27.4,41,2.91,21.45,0.00
1999-08-01,33.7,23.5,28.1,40,2.42,20.36,0.00
1999-08-02,34.5,23.9,28.8,39,2.80,22.07,0.00
1999-08-03,34.7,23.7,29.1,38,2.64,22.28,0.00
1999-08-04,35.0,23.6,29.1,41,2.16,21.29,0.00
1999-08-05,34.5,24.1,28.8,44,2.65,21.29,0.00
1999-08-06,34.4,24.9,29.1,39,3.09,23.46,0.00
1999-08-07,35.0,24.5,29.5,41,2.74,22.35,0.00
1999-08-08,34.3,25.1,29.4,44,2.86,20.06,0.00
1999-08-09,35.0,23.8,28.9,46,3.14,20.37,0.00
1999-08-10,35.2,23.8,29.2,45,3.27,21.67,0.00
1999-08-11,35.1,24.1,29.4,47,2.84,23.62,0.00
1999-08-12,34.7,24.0,29.1,53,2.20,21.56,0.00
1999-08-13,33.2,24.7,28.6,57,2.01,19.83,0.00
1999-08-14,34.6,23.6,29.1,53,2.11,21.84,0.00
1999-08-15,34.7,24.8,29.6,53,1.89,20.35,0.00
1999-08-16,33.3,24.9,29.2,57,1.82,20.17,0.00
1999-08-17,34.5,24.6,29.0,51,2.32,20.56,0.60
1999-08-18,34.7,24.7,29.3,41,2.55,22.67,0.00
1999-08-19,35.1,24.2,29.5,38,2.94,23.76,0.00
1999-08-20,35.6,23.3,29.5,36,2.57,23.64,0.00
1999-08-21,35.4,23.9,29.4,32,3.25,24.15,0.00
1999-08-22,34.0,23.5,28.7,40,3.25,21.87,0.00
1999-08-23,34.7,24.8,29.3,38,3.56,24.18,0.00
1999-08-24,34.2,23.6,28.7,39,3.42,24.13,0.00
1999-08-25,35.0,24.4,29.5,38,3.24,23.21,0.00
1999-08-26,35.4,24.2,29.7,42,2.75,23.78,0.00
1999-08-27,34.4,24.3,29.4,53,2.48,21.14,0.00
1999-08-28,34.9,25.4,29.7,48,2.27,21.09,0.00
1999-08-29,36.5,23.5,29.8,41,2.74,25.44,0.00
1999-08-30,35.8,23.9,29.6,43,2.64,23.39,0.00
1999-08-31,34.5,24.9,29.4,52,2.55,21.95,0.00
1999-09-01,34.8,23.8,29.1,51,2.90,23.24,0.00
1999-09-02,35.5,23.4,29.4,42,2.80,25.51,0.00
1999-09-03,36.0,23.9,29.9,42,2.96,24.76,0.00
1999-09-04,36.4,24.5,30.3,44,2.82,25.03,0.00
1999-09-05,34.8,24.9,29.5,54,2.20,20.83,0.10
1999-09-06,35.0,24.6,29.3,55,2.46,22.92,0.30
1999-09-07,35.9,24.2,29.6,50,2.42,23.77,0.00
1999-09-08,34.9,24.6,29.6,54,2.80,22.74,0.00
1999-09-09,35.3,25.0,29.9,53,2.63,22.00,0.00
1999-09-10,34.4,25.3,29.8,58,1.79,22.57,0.20
1999-09-11,32.4,25.5,28.8,62,1.59,19.23,2.40
1999-09-12,33.9,23.7,28.5,62,2.31,21.96,0.40
1999-09-13,33.8,24.3,28.1,66,1.92,22.32,0.90
1999-09-14,34.0,24.4,28.6,64,2.33,21.66,0.00
1999-09-15,32.7,24.6,27.7,72,1.94,19.68,6.40
1999-09-16,32.9,23.1,27.7,69,2.07,21.24,0.70
1999-09-17,32.9,24.1,28.0,64,1.89,21.59,0.20
1999-09-18,33.9,24.1,28.6,59,2.16,22.63,0.00
1999-09-19,33.6,24.3,28.6,65,1.94,22.86,0.00
1999-09-20,33.6,24.4,28.7,63,2.17,21.58,0.00
1999-09-21,33.4,24.2,28.8,63,1.68,22.28,0.20
1999-09-22,33.7,24.6,28.5,66,2.00,21.71,0.10
1999-09-23,32.2,24.1,27.4,72,1.69,19.62,3.00
1999-09-24,29.1,23.0,25.6,84,0.88,14.96,13.70
1999-09-25,28.7,22.4,24.7,86,1.99,12.70,6.90
1999-09-26,30.3,22.4,25.9,72,2.84,17.78,0.00
1999-09-27,31.7,22.7,27.0,65,3.09,22.50,0.00
1999-09-28,32.4,22.1,27.4,67,2.21,23.42,0.00
1999-09-29,31.9,23.4,27.7,67,2.26,20.47,0.00
1999-09-30,33.6,22.9,28.2,67,1.76,23.68,0.10
1999-10-01,34.3,24.1,28.7,65,1.66,24.75,0.50
1999-10-02,32.3,24.7,28.1,69,1.34,20.33,0.40
1999-10-03,33.8,24.2,28.7,66,1.64,22.94,0.00
1999-10-04,32.9,23.4,27.0,76,1.88,21.22,18.50
1999-10-05,31.9,21.9,26.5,71,2.01,21.67,0.10
1999-10-06,32.4,20.1,26.5,53,2.93,26.74,0.00
1999-10-07,33.3,21.1,27.1,54,3.35,25.19,0.00
1999-10-08,33.9,21.3,27.8,54,2.59,26.68,0.00
1999-10-09,32.8,23.0,28.0,62,1.93,22.53,0.10
1999-10-10,34.0,24.3,29.1,60,2.39,23.50,0.00
1999-10-11,34.1,24.3,29.1,61,2.62,22.68,0.00
1999-10-12,34.6,24.7,29.1,61,2.67,22.49,0.40
1999-10-13,35.1,23.7,29.5,53,2.77,23.01,0.10
1999-10-14,35.0,24.8,30.0,48,2.91,23.63,0.00
1999-10-15,35.3,24.3,29.7,50,2.36,25.43,0.00
1999-10-16,32.5,24.8,28.7,59,1.25,21.19,0.40
1999-10-17,34.2,24.7,29.4,57,1.74,22.86,0.00
1999-10-18,34.7,25.0,29.7,57,1.81,23.47,0.00
1999-10-19,34.7,25.3,29.8,58,1.95,23.59,0.20
1999-10-20,35.1,25.5,30.2,57,2.05,23.98,0.00
1999-10-21,36.0,26.0,30.3,56,1.77,23.31,0.30
1999-10-22,34.4,25.4,29.4,59,2.49,20.66,0.10
1999-10-23,34.3,25.3,29.5,57,1.89,23.68,0.20
1999-10-24,35.4,25.5,30.5,51,1.40,25.51,0.00
1999-10-25,33.0,25.8,29.0,57,1.15,21.23,1.10
1999-10-26,32.4,24.1,27.6,71,1.74,19.68,5.10
1999-10-27,29.0,23.1,25.6,84,1.19,14.49,5.70
1999-10-28,28.9,23.2,25.4,85,1.73,12.92,2.50
1999-10-29,29.3,23.9,26.4,80,1.77,13.79,2.20
1999-10-30,30.1,23.1,25.7,84,0.96,16.26,4.20
1999-10-31,29.0,23.3,25.6,85,1.06,14.41,5.00
1999-11-01,27.8,22.7,24.5,88,1.86,11.72,15.00
1999-11-02,29.6,22.3,25.3,82,2.03,18.35,7.60
1999-11-03,30.6,23.1,26.4,79,2.44,21.68,0.30
1999-11-04,31.2,23.5,27.3,74,2.22,22.53,0.40
1999-11-05,32.2,24.0,28.0,73,1.90,22.99,0.30
1999-11-06,30.7,24.4,27.2,75,2.14,18.21,0.10
1999-11-07,30.8,24.2,26.8,74,2.14,19.54,0.00
1999-11-08,33.4,22.5,27.8,65,2.17,26.74,0.00
1999-11-09,32.3,24.2,28.1,70,1.29,20.91,0.00
1999-11-10,31.0,24.4,27.2,80,1.28,17.84,1.70
1999-11-11,30.6,23.6,26.7,82,1.83,17.99,3.60
1999-11-12,30.6,22.7,26.2,81,1.46,19.59,2.10
1999-11-13,31.3,23.1,27.0,77,1.12,21.00,0.20
1999-11-14,30.4,23.5,26.7,82,1.31,18.30,5.40
1999-11-15,30.5,23.9,26.4,83,1.07,18.22,5.70
1999-11-16,29.4,23.1,25.3,88,1.21,14.34,7.20
1999-11-17,31.4,22.9,26.4,84,1.80,22.96,5.20
1999-11-18,31.0,23.1,26.4,84,1.52,19.99,3.70
1999-11-19,30.3,23.8,26.6,82,1.22,18.50,16.80
1999-11-20,27.9,23.0,24.8,90,0.74,11.86,7.30
1999-11-21,30.2,22.6,26.2,82,1.68,21.18,0.60
1999-11-22,31.7,23.8,27.0,81,1.83,23.25,2.80
1999-11-23,30.6,23.1,26.3,83,1.37,20.49,5.30
1999-11-24,29.2,22.6,24.8,87,1.63,18.93,11.20
1999-11-25,28.8,22.0,25.3,84,1.27,17.66,1.70
1999-11-26,29.8,23.0,26.4,81,1.19,20.69,0.10
1999-11-27,29.4,23.1,25.8,84,0.90,18.33,7.30
1999-11-28,29.8,22.7,25.9,79,1.69,16.90,2.20
1999-11-29,30.9,23.1,26.7,82,1.27,23.41,0.70
1999-11-30,31.3,23.4,26.9,79,1.37,23.22,5.70
1999-12-01,30.9,23.5,26.7,80,1.15,19.50,1.00
1999-12-02,29.3,23.5,25.9,86,1.13,17.17,6.10
1999-12-03,26.3,22.7,24.1,91,1.30,10.17,11.20
1999-12-04,26.2,22.4,23.9,91,1.48,7.84,15.70
1999-12-05,27.7,22.7,24.3,90,1.27,10.77,9.20
1999-12-06,30.7,22.1,26.2,79,1.51,21.06,0.20
1999-12-07,30.0,23.5,26.7,82,1.25,19.48,2.80
1999-12-08,31.7,22.9,27.1,79,1.91,22.85,0.60
1999-12-09,32.5,23.3,27.6,72,2.28,24.42,0.00
1999-12-10,31.6,23.2,27.4,77,1.49,23.99,0.30
1999-12-11,31.3,23.2,26.8,80,1.43,22.19,0.80
1999-12-12,30.1,24.1,26.6,79,1.72,20.31,4.60
1999-12-13,30.5,23.6,26.7,79,1.45,19.11,0.80
1999-12-14,29.5,23.3,25.6,85,0.82,14.48,2.30
1999-12-15,30.6,23.6,26.6,81,1.05,19.47,1.00
1999-12-16,29.5,22.9,25.6,87,0.89,16.10,1.80
1999-12-17,30.7,23.8,26.4,83,1.47,19.08,1.90
1999-12-18,30.4,23.4,26.6,82,1.00,20.50,13.10
1999-12-19,26.7,22.9,24.2,92,1.44,8.24,13.90
1999-12-20,28.6,22.9,25.1,88,1.17,14.86,10.90
1999-12-21,26.4,22.5,24.0,92,1.42,8.17,24.70
1999-12-22,25.6,22.3,23.9,92,1.09,7.08,13.80
1999-12-23,25.6,22.0,23.4,92,0.75,8.11,26.40
1999-12-24,25.9,22.2,23.9,91,1.19,8.55,16.40
1999-12-25,29.8,22.6,25.6,82,1.82,16.12,0.30
1999-12-26,30.7,22.7,26.1,83,1.78,19.16,15.80
1999-12-27,31.0,22.7,26.5,82,1.22,22.29,2.00
1999-12-28,26.3,23.0,23.9,92,1.42,8.58,24.40
1999-12-29,25.1,22.4,23.5,92,1.37,5.85,7.30
1999-12-30,28.8,22.0,25.1,86,1.06,17.07,0.00
1999-12-31,28.9,23.6,25.3,88,0.87,16.03,3.70
2000-01-01,29.0,22.9,25.1,89,1.28,14.14,14.90
2000-01-02,27.9,22.7,24.8,86,1.52,12.28,6.30
2000-01-03,29.2,22.5,24.5,88,1.29,15.23,11.50
2000-01-04,26.8,22.2,24.2,90,1.12,10.48,7.80
2000-01-05,28.5,22.3,24.8,84,1.76,15.92,4.00
2000-01-06,29.2,23.1,25.2,85,1.49,17.34,3.50
2000-01-07,28.5,21.9,24.8,87,1.48,15.94,7.90
2000-01-08,26.7,22.1,23.8,92,1.26,10.94,13.30
2000-01-09,28.8,22.1,24.5,88,1.42,17.80,10.60
2000-01-10,29.1,22.0,25.0,87,1.36,18.13,5.90
2000-01-11,30.8,22.5,25.9,86,1.46,21.12,3.50
2000-01-12,27.9,22.4,24.2,90,1.65,12.32,16.20
2000-01-13,28.8,22.3,24.7,88,1.24,16.68,12.10
2000-01-14,27.7,21.9,24.7,87,1.34,13.82,8.30
2000-01-15,28.5,22.0,24.6,87,1.19,15.29,3.70
2000-01-16,27.9,23.1,24.8,87,1.40,12.90,7.10
2000-01-17,29.4,22.1,25.3,84,1.23,19.71,1.50
2000-01-18,27.6,21.8,24.6,86,1.08,15.48,10.50
2000-01-19,28.4,22.7,24.7,86,1.25,15.31,17.60
2000-01-20,28.5,21.2,24.7,87,1.41,18.04,3.00
2000-01-21,28.7,22.7,25.0,86,1.71,16.39,2.20
2000-01-22,28.2,22.0,24.5,88,1.48,16.88,14.30
2000-01-23,28.5,22.4,24.9,87,1.07,15.80,5.80
2000-01-24,28.0,22.8,24.8,87,0.92,12.98,8.80
2000-01-25,27.4,22.1,24.7,88,0.94,13.58,10.00
2000-01-26,30.8,21.9,26.2,79,1.69,24.27,0.00
2000-01-27,30.9,23.4,26.8,79,0.91,23.67,0.00
2000-01-28,30.8,23.2,26.5,84,1.09,21.86,1.80
2000-01-29,28.6,23.3,25.2,87,1.58,14.61,3.20
2000-01-30,30.1,22.5,26.2,83,1.72,21.02,0.10
2000-01-31,30.7,22.8,26.8,81,1.57,20.49,0.30
2000-02-01,30.4,23.4,26.0,84,1.20,20.39,6.20
2000-02-02,28.8,23.3,25.4,85,1.32,15.19,3.50
2000-02-03,28.5,23.0,25.3,86,1.12,14.64,6.90
2000-02-04,29.1,22.7,25.5,84,1.47,16.60,1.50
2000-02-05,28.8,22.7,25.2,86,0.76,16.83,7.40
2000-02-06,28.3,22.5,24.7,87,1.18,13.41,8.30
2000-02-07,27.4,22.2,24.2,89,0.92,10.47,4.70
2000-02-08,29.0,22.2,25.1,87,1.29,20.04,6.60
2000-02-09,27.7,22.3,24.6,87,1.08,13.56,13.90
2000-02-10,28.2,22.0,24.3,89,0.80,15.15,8.20
2000-02-11,28.9,21.9,25.2,88,1.06,18.04,3.10
2000-02-12,27.8,22.5,24.6,87,1.24,13.82,19.50
2000-02-13,28.2,21.8,23.9,89,1.16,16.84,15.80
2000-02-14,27.6,21.5,23.9,88,1.35,15.34,3.10
2000-02-15,28.5,21.2,24.6,86,0.97,17.96,6.00
2000-02-16,28.2,21.9,24.5,87,1.27,16.32,4.40
2000-02-17,27.2,21.7,24.1,88,1.67,13.81,17.00
2000-02-18,26.3,21.8,23.4,93,1.50,10.03,23.70
2000-02-19,28.7,22.0,24.7,87,1.05,20.37,10.30
2000-02-20,29.5,22.0,24.8,87,1.57,19.49,7.70
2000-02-21,28.8,22.2,25.2,84,1.58,18.98,3.60
2000-02-22,28.2,22.0,24.5,87,0.93,14.63,3.70
2000-02-23,26.7,21.9,23.9,90,0.72,11.47,7.50
2000-02-24,28.3,21.8,24.6,88,0.66,14.64,3.30
2000-02-25,28.7,22.0,25.1,86,1.43,16.75,3.70
2000-02-26,29.0,22.5,25.3,86,1.13,18.58,0.90
2000-02-27,28.7,22.3,25.2,86,0.84,17.13,7.50
2000-02-28,26.8,22.2,23.8,92,1.28,9.72,17.00
2000-02-29,29.1,21.9,25.0,86,1.52,17.85,1.30
2000-03-01,29.8,22.3,25.8,85,1.17,19.22,0.70
2000-03-02,28.2,22.3,24.7,89,1.29,13.58,10.60
2000-03-03,27.3,22.5,24.4,89,1.18,11.65,14.00
2000-03-04,28.8,22.3,25.1,86,1.35,17.22,3.50
2000-03-05,29.0,22.0,25.2,86,1.04,15.38,6.20
2000-03-06,28.5,22.3,24.9,87,1.38,13.51,3.30
2000-03-07,28.9,22.9,25.4,86,0.96,16.03,3.70
2000-03-08,28.2,22.6,25.0,87,1.15,15.41,15.50
2000-03-09,28.3,22.7,24.7,87,1.19,15.14,9.90
2000-03-10,27.2,22.1,24.2,91,1.34,11.84,4.90
2000-03-11,28.6,22.3,24.7,88,1.32,15.49,9.40
2000-03-12,28.6,22.2,24.4,89,0.93,14.16,11.50
2000-03-13,27.9,22.7,24.7,88,0.97,14.05,4.70
2000-03-14,27.1,22.5,24.7,88,1.20,11.61,12.80
2000-03-15,29.3,22.4,25.3,84,1.86,19.00,11.60
2000-03-16,27.2,22.3,24.4,88,1.35,13.33,11.00
2000-03-17,28.0,22.1,24.5,87,0.96,13.52,5.40
2000-03-18,29.2,22.1,24.9,87,1.12,18.36,1.10
2000-03-19,28.1,22.3,24.6,87,1.23,14.95,18.90
2000-03-20,28.1,22.0,24.8,87,1.09,15.76,7.60
2000-03-21,28.1,22.5,24.9,87,1.18,17.44,10.50
2000-03-22,29.3,22.2,25.3,86,1.64,18.39,13.30
2000-03-23,29.3,22.6,25.4,85,1.74,18.97,10.00
2000-03-24,29.6,22.5,25.6,84,1.74,20.02,2.90
2000-03-25,29.3,22.5,25.4,85,1.94,17.79,13.80
2000-03-26,28.2,22.7,24.8,88,1.77,14.73,8.30
2000-03-27,28.4,22.6,24.5,90,1.56,14.28,7.40
2000-03-28,28.1,22.3,24.8,88,1.12,14.09,4.50
2000-03-29,27.6,22.4,24.5,88,1.29,12.02,6.70
2000-03-30,28.3,22.0,24.7,87,0.97,15.17,1.90
2000-03-31,29.0,22.3,25.3,86,1.06,18.03,3.50
2000-04-01,28.8,22.5,24.7,87,1.26,15.41,6.00
2000-04-02,27.5,22.4,24.4,89,1.08,12.94,3.00
2000-04-03,28.2,22.0,25.2,87,1.21,15.39,6.50
2000-04-04,29.4,22.5,25.5,85,1.44,16.65,3.90
2000-04-05,29.8,22.3,25.8,83,1.82,19.56,0.90
2000-04-06,29.9,22.7,26.2,82,1.60,19.59,1.10
2000-04-07,29.6,23.1,25.8,83,1.55,16.89,0.40
2000-04-08,29.3,22.8,25.8,85,1.57,17.28,0.10
2000-04-09,30.0,22.9,25.9,84,1.32,19.39,0.80
2000-04-10,28.2,22.1,24.6,88,1.38,12.27,11.60
2000-04-11,28.6,22.6,25.0,87,1.69,14.98,3.40
2000-04-12,29.2,22.4,25.2,87,1.20,16.79,3.50
2000-04-13,28.2,22.8,25.0,88,0.95,13.19,4.90
2000-04-14,27.9,22.3,24.5,92,1.02,11.85,9.70
2000-04-15,28.6,22.3,24.7,89,1.08,15.19,9.30
2000-04-16,30.0,22.1,25.9,84,1.18,21.20,0.30
2000-04-17,28.2,22.8,24.8,89,0.79,13.47,17.60
2000-04-18,27.2,22.6,24.5,90,1.20,12.30,12.70
2000-04-19,28.1,22.6,24.9,86,1.16,13.37,4.20
2000-04-20,25.9,22.6,23.9,92,0.84,7.42,17.30
2000-04-21,28.6,22.2,24.6,89,1.01,15.12,5.70
2000-04-22,28.0,22.1,24.8,90,1.06,12.96,0.70
2000-04-23,30.1,22.7,25.6,86,1.19,18.68,2.70
2000-04-24,29.1,23.1,25.4,87,1.05,14.54,4.90
2000-04-25,28.4,22.5,24.6,89,1.62,12.40,5.30
2000-04-26,28.9,22.5,25.3,84,1.70,16.47,0.40
2000-04-27,29.9,22.1,25.9,82,1.68,19.06,0.60
2000-04-28,30.4,23.1,26.0,83,1.69,19.49,3.70
2000-04-29,28.7,22.0,25.2,86,1.41,14.55,0.80
2000-04-30,30.1,23.0,25.7,86,1.46,17.16,5.10
2000-05-01,30.2,22.2,26.2,82,1.95,19.66,0.30
2000-05-02,30.7,23.1,26.8,77,2.01,21.34,0.00
2000-05-03,30.4,22.6,26.5,78,2.12,21.08,0.10
2000-05-04,29.9,23.4,26.4,82,2.04,18.33,0.00
2000-05-05,30.5,23.3,26.5,78,2.06,17.32,0.10
2000-05-06,31.0,23.5,26.8,79,1.86,20.65,0.10
2000-05-07,30.6,23.5,26.5,83,1.14,19.16,1.70
2000-05-08,28.6,23.1,25.4,86,1.60,12.24,2.50
2000-05-09,28.4,22.8,24.9,89,1.43,12.68,3.60
2000-05-10,29.7,21.8,25.8,83,1.15,18.39,0.80
2000-05-11,29.8,22.7,25.9,86,1.34,16.76,1.30
2000-05-12,29.8,23.1,26.1,84,2.01,19.14,3.90
2000-05-13,30.8,23.0,26.4,78,2.46,20.67,0.00
2000-05-14,30.7,22.5,26.5,73,2.25,20.16,0.00
2000-05-15,30.8,22.1,26.4,72,2.17,20.02,0.00
2000-05-16,31.8,22.8,27.1,72,1.77,19.20,0.00
2000-05-17,31.6,23.6,27.3,75,1.51,19.27,0.00
2000-05-18,30.1,23.8,26.5,84,1.11,15.98,0.60
2000-05-19,26.3,23.0,24.3,91,1.27,9.87,14.20
2000-05-20,28.6,22.2,25.0,89,0.76,14.75,0.20
2000-05-21,29.8,22.3,25.1,89,1.07,15.88,3.60
2000-05-22,29.1,22.5,25.5,84,2.44,16.77,1.00
2000-05-23,29.1,22.8,25.7,83,2.45,18.24,0.50
2000-05-24,29.9,22.8,25.9,77,2.79,19.37,0.00
2000-05-25,30.8,21.6,25.9,69,2.71,21.51,0.00
2000-05-26,31.5,21.9,26.2,70,2.33,22.53,0.00
2000-05-27,31.3,20.9,26.0,73,2.12,19.36,0.00
2000-05-28,31.9,21.4,26.2,73,1.42,20.99,0.00
2000-05-29,31.6,22.0,26.3,74,1.85,20.35,0.00
2000-05-30,30.6,22.6,26.4,78,1.32,18.79,0.10
2000-05-31,30.4,23.0,26.3,79,2.03,17.11,0.00
2000-06-01,30.1,23.1,26.2,79,1.79,15.18,0.20
2000-06-02,30.1,23.5,26.5,81,1.69,16.80,1.00
2000-06-03,30.8,23.6,26.7,80,1.82,17.65,0.00
2000-06-04,32.1,22.4,26.6,66,2.90,22.56,0.00
2000-06-05,31.9,22.0,26.4,65,2.73,20.89,0.00
2000-06-06,30.6,22.5,26.3,66,3.10,18.47,0.00
2000-06-07,31.5,21.6,26.6,64,2.94,20.03,0.00
2000-06-08,32.4,22.0,27.0,61,2.66,18.54,0.00
2000-06-09,31.7,23.2,27.2,67,2.59,17.77,0.00
2000-06-10,31.8,23.7,27.3,69,2.25,19.07,0.00
2000-06-11,33.5,23.4,28.0,62,2.30,18.62,0.00
2000-06-12,32.8,22.8,27.7,63,2.59,19.66,0.00
2000-06-13,33.7,23.1,28.0,61,2.71,20.16,0.00
2000-06-14,33.1,22.8,27.8,61,2.87,18.55,0.00
2000-06-15,32.3,22.5,27.4,64,2.84,17.05,0.10
2000-06-16,31.1,24.6,27.4,66,2.93,14.59,0.00
2000-06-17,32.0,23.0,27.5,67,2.34,18.14,0.00
2000-06-18,32.1,23.8,27.9,67,2.07,18.52,0.10
2000-06-19,30.8,23.4,26.8,75,1.45,15.87,0.80
2000-06-20,29.5,22.8,26.0,78,1.61,16.02,1.80
2000-06-21,30.6,22.8,26.5,75,1.50,16.81,0.80
2000-06-22,30.8,22.5,26.6,75,2.05,17.74,0.70
2000-06-23,32.0,23.2,27.3,72,2.21,18.44,0.00
2000-06-24,32.5,23.0,27.4,65,2.70,18.72,0.00
2000-06-25,31.9,22.5,27.0,57,3.40,18.23,0.00
2000-06-26,32.4,22.2,27.2,57,2.80,17.87,0.00
2000-06-27,32.9,23.5,27.7,59,2.98,20.07,0.00
2000-06-28,32.0,24.4,27.9,60,2.72,15.90,0.00
2000-06-29,32.4,24.1,27.9,62,2.55,18.62,0.00
2000-06-30,33.0,24.0,28.1,62,2.31,19.43,0.00
2000-07-01,32.8,24.0,28.1,59,2.80,18.64,0.00
2000-07-02,30.6,22.6,26.7,68,2.64,17.39,0.40
2000-07-03,32.9,24.4,28.0,58,2.53,14.12,0.00
2000-07-04,33.9,24.3,28.8,51,2.50,19.83,0.00
2000-07-05,32.7,24.9,28.2,50,2.26,15.91,0.00
2000-07-06,32.8,24.0,28.2,49,2.74,17.28,0.00
2000-07-07,33.3,23.3,28.5,44,2.30,19.31,0.00
2000-07-08,33.2,24.6,28.4,52,1.94,18.27,0.00
2000-07-09,32.8,23.2,27.8,59,2.19,19.45,0.00
2000-07-10,33.2,23.3,28.1,57,2.64,14.58,0.00
2000-07-11,31.7,25.0,27.9,63,2.04,14.30,0.20
2000-07-12,32.3,23.5,26.9,72,2.60,15.85,3.50
2000-07-13,32.0,22.8,27.4,69,2.27,18.55,0.10
2000-07-14,32.0,23.3,27.4,66,2.02,17.98,0.20
2000-07-15,32.1,22.8,27.1,67,1.77,17.60,0.00
2000-07-16,31.4,23.0,26.5,74,2.18,16.37,8.80
2000-07-17,29.4,22.2,25.3,82,1.55,15.70,0.90
2000-07-18,28.7,22.6,25.1,83,1.32,14.73,8.90
2000-07-19,27.8,22.0,23.8,89,1.56,10.84,12.90
2000-07-20,28.9,20.8,24.7,84,1.36,18.13,0.30
2000-07-21,28.9,22.1,25.0,82,2.06,16.33,1.10
2000-07-22,30.1,22.1,25.6,78,2.65,18.13,0.70
2000-07-23,30.1,21.7,25.9,77,1.89,18.54,0.30
2000-07-24,30.9,22.2,26.1,77,1.70,19.11,0.00
2000-07-25,30.8,22.0,26.0,75,1.96,17.67,0.20
2000-07-26,32.5,21.9,26.8,67,2.55,21.35,0.00
2000-07-27,30.0,21.4,25.9,73,2.16,18.12,0.00
2000-07-28,31.7,22.8,26.7,69,2.56,18.67,0.10
2000-07-29,32.3,21.2,26.7,62,2.93,21.59,0.00
2000-07-30,33.0,21.7,27.1,57,2.93,22.45,0.00
2000-07-31,33.6,21.3,27.5,52,2.98,23.06,0.00
2000-08-01,33.8,21.6,27.8,56,3.05,20.68,0.00
2000-08-02,33.1,23.7,28.3,57,3.22,20.12,0.00
2000-08-03,32.8,24.4,28.1,58,2.82,19.05,0.00
2000-08-04,33.9,22.4,28.1,58,2.66,19.39,0.00
2000-08-05,32.8,24.0,28.0,62,2.18,17.78,0.00
2000-08-06,34.3,23.5,28.7,57,3.26,21.65,0.00
2000-08-07,33.9,23.3,28.2,53,3.32,22.05,0.20
2000-08-08,33.9,23.4,28.3,58,2.96,21.21,0.10
2000-08-09,32.6,23.7,27.6,65,2.95,19.34,0.00
2000-08-10,33.6,23.9,28.1,64,2.53,21.02,0.30
2000-08-11,33.5,22.7,27.9,62,2.07,20.15,0.00
2000-08-12,32.6,23.8,27.8,64,1.82,19.19,0.40
2000-08-13,30.9,24.2,27.0,67,2.47,16.45,1.10
2000-08-14,32.8,22.3,27.2,65,2.76,19.83,0.30
2000-08-15,33.8,23.0,28.2,56,2.97,23.76,0.00
2000-08-16,34.0,22.3,28.2,49,2.77,24.32,0.00
2000-08-17,34.6,22.0,28.6,46,2.87,24.14,0.00
2000-08-18,34.7,23.2,28.9,44,3.17,23.11,0.00
2000-08-19,35.2,22.8,29.1,43,2.73,23.50,0.00
2000-08-20,34.4,23.1,29.1,47,2.89,20.56,0.00
2000-08-21,34.6,24.5,29.2,53,3.39,19.51,0.00
2000-08-22,35.6,25.6,30.0,45,3.35,21.88,0.00
2000-08-23,35.6,24.6,29.6,47,3.07,22.56,0.00
2000-08-24,35.1,23.5,29.2,49,3.41,23.50,0.00
2000-08-25,33.9,24.8,29.2,56,3.30,21.11,0.00
2000-08-26,34.7,25.5,29.8,52,3.18,22.28,0.00
2000-08-27,35.6,24.2,29.5,50,2.96,23.13,0.00
2000-08-28,35.7,24.4,29.8,50,2.19,23.75,0.00
2000-08-29,37.3,24.4,30.5,45,2.49,25.17,0.00
2000-08-30,35.4,24.2,29.8,54,2.60,21.92,0.10
2000-08-31,35.5,24.9,29.6,54,2.94,22.94,0.00
2000-09-01,35.4,23.7,29.4,51,2.80,24.46,0.00
2000-09-02,35.5,23.4,29.5,47,2.94,21.91,0.00
2000-09-03,35.5,24.5,29.9,47,2.02,21.73,0.00
2000-09-04,35.2,24.9,29.8,51,1.99,23.17,0.00
2000-09-05,34.3,25.6,29.4,61,2.67,20.77,0.10
2000-09-06,31.3,24.6,27.0,70,2.46,16.93,0.40
2000-09-07,30.9,24.1,26.8,74,1.08,16.01,1.50
2000-09-08,31.2,22.6,26.7,73,2.06,18.38,0.60
2000-09-09,32.3,23.9,27.6,70,2.35,19.81,0.90
2000-09-10,32.7,23.3,27.7,70,2.70,21.52,0.70
2000-09-11,31.8,24.1,27.6,69,2.87,17.06,0.60
2000-09-12,31.1,23.6,26.9,71,2.46,16.19,0.50
2000-09-13,31.4,23.6,27.1,71,2.34,16.02,0.40
2000-09-14,32.0,23.8,27.5,72,2.10,20.32,3.00
2000-09-15,31.8,23.4,27.4,69,3.02,19.18,0.00
2000-09-16,31.9,23.7,27.5,69,2.26,19.67,0.00
2000-09-17,31.2,23.1,26.4,77,1.92,18.91,7.60
2000-09-18,32.2,23.2,26.9,74,2.47,21.08,1.30
2000-09-19,32.0,22.5,27.2,71,2.42,21.40,0.10
2000-09-20,32.5,23.1,27.5,65,2.06,22.33,0.10
2000-09-21,33.9,22.7,28.1,61,2.26,23.07,0.00
2000-09-22,34.9,22.9,28.5,60,2.34,23.17,0.00
2000-09-23,33.8,24.0,28.2,66,2.07,23.12,0.40
2000-09-24,33.9,23.7,28.5,64,2.41,21.73,0.00
2000-09-25,34.7,24.5,28.0,69,2.03,21.57,4.70
2000-09-26,31.4,23.7,27.4,74,1.95,17.70,0.00
2000-09-27,32.5,23.6,27.4,71,2.03,17.40,1.10
2000-09-28,31.5,23.8,27.3,69,2.07,19.96,0.20
2000-09-29,30.8,23.4,26.8,69,2.22,18.52,1.00
2000-09-30,31.3,23.5,27.1,69,1.78,18.34,1.60
2000-10-01,31.8,24.0,27.3,70,1.97,19.21,3.70
2000-10-02,31.9,23.8,27.5,71,1.65,21.48,0.20
2000-10-03,33.0,23.7,27.9,71,1.52,23.32,0.30
2000-10-04,32.0,24.1,27.7,72,1.50,20.37,0.00
2000-10-05,31.7,23.6,27.3,73,1.03,21.79,0.80
2000-10-06,31.6,23.7,27.4,72,1.14,19.52,0.90
2000-10-07,32.6,24.3,27.5,72,1.52,23.06,2.50
2000-10-08,31.7,23.3,27.3,72,1.90,20.51,0.10
2000-10-09,32.7,23.7,28.1,67,1.89,22.05,0.00
2000-10-10,34.9,23.0,28.8,57,2.35,25.71,0.00
2000-10-11,34.8,23.2,28.9,55,2.26,24.36,0.00
2000-10-12,34.5,24.1,28.8,61,2.54,23.83,0.60
2000-10-13,34.8,24.0,29.2,60,2.43,23.73,0.10
2000-10-14,35.7,24.1,29.6,51,2.52,26.24,0.00
2000-10-15,36.0,24.5,29.9,51,2.37,25.26,0.00
2000-10-16,33.2,24.4,28.7,61,1.89,21.11,0.00
2000-10-17,33.9,24.1,29.0,61,2.33,23.79,0.00
2000-10-18,34.8,24.5,29.3,60,2.76,24.11,0.00
2000-10-19,32.7,23.9,28.6,64,2.12,20.26,0.20
2000-10-20,33.7,24.1,28.8,64,1.89,23.18,0.10
2000-10-21,34.3,24.7,29.2,64,2.18,24.20,0.90
2000-10-22,34.3,25.0,29.2,64,2.00,23.81,0.00
2000-10-23,33.2,25.2,28.8,62,1.42,21.81,0.10
2000-10-24,29.4,23.9,26.7,77,1.25,13.74,6.20
2000-10-25,32.5,24.2,28.3,70,1.40,20.73,0.10
2000-10-26,33.4,24.9,28.6,68,1.45,21.69,1.40
2000-10-27,32.9,24.5,28.5,66,1.80,20.57,0.00
2000-10-28,29.6,23.9,26.6,75,1.65,13.64,3.50
2000-10-29,31.5,24.2,27.0,74,0.96,18.78,2.90
2000-10-30,32.1,23.8,27.8,74,1.53,20.34,0.90
2000-10-31,29.8,24.3,26.8,80,1.57,15.06,2.70
2000-11-01,29.2,23.5,26.3,84,1.19,14.32,5.20
2000-11-02,31.2,23.8,26.7,82,0.97,18.97,7.20
2000-11-03,29.5,23.8,26.3,85,1.16,16.25,3.30
2000-11-04,29.7,24.1,26.3,83,0.94,15.72,16.80
2000-11-05,30.0,23.1,26.3,82,1.52,18.37,2.10
2000-11-06,33.2,23.3,28.1,69,2.05,24.55,0.40
2000-11-07,32.2,23.7,27.8,71,1.43,25.33,0.00
2000-11-08,32.0,24.3,28.0,74,1.40,20.70,0.40
2000-11-09,28.8,23.3,25.9,85,1.68,14.86,10.50
2000-11-10,30.0,23.0,25.8,80,1.31,17.14,7.60
2000-11-11,32.1,23.0,27.4,74,1.03,23.84,0.00
2000-11-12,32.2,24.3,27.7,77,1.48,22.86,2.80
2000-11-13,32.1,24.3,27.6,78,1.62,23.88,0.70
2000-11-14,32.4,23.9,27.9,72,1.74,24.91,0.00
2000-11-15,30.9,24.4,27.8,73,1.22,20.41,0.10
2000-11-16,31.8,24.2,27.8,76,1.06,21.47,1.30
2000-11-17,31.7,23.6,27.3,75,1.98,21.89,0.40
2000-11-18,32.5,23.2,28.0,67,2.20,23.07,0.00
2000-11-19,32.8,24.1,28.3,65,1.77,22.58,0.00
2000-11-20,32.5,24.2,27.7,72,1.37,21.15,1.90
2000-11-21,31.5,23.5,27.3,75,1.43,18.54,1.90
2000-11-22,31.8,24.1,27.3,74,1.37,19.31,0.70
2000-11-23,31.9,23.7,27.7,72,1.80,21.29,0.60
2000-11-24,32.4,23.8,27.9,67,1.98,22.24,0.00
2000-11-25,32.5,24.0,28.0,66,1.47,22.78,1.00
2000-11-26,33.2,24.1,28.4,65,1.75,23.62,0.00
2000-11-27,32.3,24.7,28.2,67,1.51,18.76,0.30
2000-11-28,30.3,24.5,27.1,73,1.55,14.17,1.00
2000-11-29,32.6,24.2,28.1,68,1.56,20.97,0.20
2000-11-30,33.1,24.4,28.9,66,1.21,21.20,0.00
2000-12-01,33.5,25.0,29.1,65,1.54,23.10,0.20
2000-12-02,33.0,25.5,28.9,66,0.89,21.10,0.60
2000-12-03,33.8,24.7,29.3,64,1.33,23.52,0.10
2000-12-04,33.4,25.7,29.7,61,1.34,20.19,0.00
2000-12-05,33.7,26.8,29.8,58,0.96,20.89,0.00
2000-12-06,33.5,25.5,29.2,64,0.88,21.64,0.00
2000-12-07,34.5,26.3,30.1,58,1.60,22.86,0.00
2000-12-08,33.6,24.1,28.8,64,1.76,19.04,12.80
2000-12-09,26.6,23.7,24.8,91,0.98,6.52,14.70
2000-12-10,31.5,23.8,27.2,79,0.91,20.62,0.80
2000-12-11,30.5,24.3,26.9,75,1.26,18.18,5.40
2000-12-12,29.3,24.3,26.7,76,1.59,16.07,0.20
2000-12-13,30.8,23.9,26.7,76,1.46,13.69,1.80
2000-12-14,27.8,23.1,24.9,89,1.32,12.39,14.10
2000-12-15,26.4,22.6,23.8,92,1.62,8.15,26.90
2000-12-16,26.4,22.5,23.4,92,2.31,7.03,23.40
2000-12-17,27.2,22.2,24.1,90,1.93,11.72,11.30
2000-12-18,29.5,22.2,25.3,84,1.63,16.59,6.80
2000-12-19,29.0,22.8,25.6,84,1.04,17.31,6.20
2000-12-20,26.6,22.4,24.0,90,1.19,10.78,14.80
2000-12-21,30.2,21.8,25.7,84,1.00,22.90,0.50
2000-12-22,31.1,22.1,26.8,78,1.94,23.04,0.10
2000-12-23,29.6,23.7,26.3,80,2.14,20.17,0.60
2000-12-24,27.7,22.1,24.8,84,2.40,14.90,1.40
2000-12-25,29.6,23.1,25.7,83,1.91,19.39,1.80
2000-12-26,30.2,22.5,26.2,80,1.81,19.41,0.20
2000-12-27,30.3,23.4,26.5,78,2.00,21.45,0.40
2000-12-28,31.3,23.2,26.5,80,2.22,23.09,0.60
2000-12-29,30.8,23.0,26.5,80,2.15,22.20,1.50
2000-12-30,31.0,22.9,26.8,77,1.85,22.70,0.20
2000-12-31,30.3,23.4,26.0,85,0.99,19.22,10.70
2001-01-01,26.8,22.6,24.7,90,1.04,11.87,13.20
2001-01-02,29.1,22.4,25.4,83,1.68,16.95,2.50
2001-01-03,28.9,22.5,25.2,84,1.33,17.37,1.10
2001-01-04,29.6,22.1,25.5,83,1.43,20.40,0.80
2001-01-05,29.6,23.0,25.2,85,1.34,17.21,6.10
2001-01-06,28.8,22.9,25.2,87,1.16,15.08,9.60
2001-01-07,30.0,23.0,26.0,84,1.21,18.60,1.10
2001-01-08,28.4,23.1,25.5,84,1.50,14.89,3.60
2001-01-09,28.5,22.4,24.7,86,1.65,14.48,11.60
2001-01-10,27.6,22.2,24.5,88,1.19,14.33,4.40
2001-01-11,29.5,22.0,25.0,87,1.39,18.70,6.90
2001-01-12,28.0,22.2,24.4,87,1.41,14.68,13.90
2001-01-13,28.7,21.9,24.6,87,2.32,18.40,7.40
2001-01-14,29.5,22.2,25.5,83,1.89,20.17,1.70
2001-01-15,29.0,22.0,25.4,83,1.67,18.14,2.30
2001-01-16,29.1,22.1,25.0,82,2.02,15.92,1.40
2001-01-17,28.6,21.8,24.9,83,1.73,14.71,3.80
2001-01-18,29.8,22.6,25.7,83,1.60,20.17,2.50
2001-01-19,29.7,22.3,25.8,82,1.61,19.53,0.00
2001-01-20,29.4,22.7,25.7,83,1.21,19.21,6.30
2001-01-21,26.6,22.6,24.0,90,1.17,9.67,11.60
2001-01-22,28.6,22.3,24.3,88,1.30,16.88,3.70
2001-01-23,28.6,22.1,24.8,86,1.04,16.65,3.70
2001-01-24,27.8,22.2,24.6,87,1.07,15.49,9.10
2001-01-25,28.7,22.2,24.9,86,1.54,17.77,7.00
2001-01-26,29.2,22.4,25.3,86,1.06,20.00,7.00
2001-01-27,28.9,22.3,25.3,84,1.63,17.47,0.90
2001-01-28,29.1,22.6,25.5,82,1.97,17.20,0.10
2001-01-29,28.9,22.7,25.0,86,1.32,16.78,4.30
2001-01-30,28.6,21.6,24.6,86,1.18,16.86,3.40
2001-01-31,27.4,22.2,23.9,89,1.24,13.77,15.70
2001-02-01,27.9,21.4,24.2,87,1.15,15.23,3.80
2001-02-02,25.4,21.7,23.1,90,1.67,8.32,6.50
2001-02-03,28.7,20.8,24.4,85,1.19,17.89,2.10
2001-02-04,28.4,22.2,24.7,85,1.38,15.96,0.70
2001-02-05,28.4,22.6,25.0,86,0.91,17.43,2.40
2001-02-06,29.4,22.0,25.6,83,1.38,19.40,0.10
2001-02-07,29.7,22.6,25.7,82,1.72,20.69,1.80
2001-02-08,29.9,22.8,25.9,84,1.44,20.85,0.90
2001-02-09,28.7,22.5,25.6,85,1.40,17.94,2.50
2001-02-10,28.1,22.3,24.6,87,1.56,14.56,8.70
2001-02-11,28.8,22.3,25.1,85,1.59,17.71,6.90
2001-02-12,28.4,22.9,25.4,86,1.63,17.00,1.50
2001-02-13,29.0,22.3,25.2,84,1.28,18.53,6.80
2001-02-14,27.1,22.5,24.3,90,1.10,12.04,19.50
2001-02-15,26.2,22.3,23.7,92,0.82,7.45,27.60
2001-02-16,27.6,22.1,24.4,87,1.23,12.36,4.50
2001-02-17,27.1,22.3,24.6,87,1.13,12.83,0.60
2001-02-18,28.0,21.8,24.7,88,1.02,16.35,9.10
2001-02-19,28.9,22.4,24.9,85,1.40,18.65,5.00
2001-02-20,29.2,22.3,25.3,84,1.38,19.88,3.80
2001-02-21,27.5,22.3,24.8,87,1.30,14.27,3.50
2001-02-22,29.0,22.3,24.9,87,1.50,16.54,11.00
2001-02-23,29.0,21.5,25.1,85,1.50,17.48,3.50
2001-02-24,28.8,22.3,25.2,87,1.50,16.05,1.70
2001-02-25,29.3,23.0,25.6,85,1.24,19.89,6.50
2001-02-26,26.2,22.2,23.8,92,1.31,10.03,11.00
2001-02-27,26.2,22.0,23.8,91,1.19,11.15,9.00
2001-02-28,28.6,22.0,25.0,85,1.07,18.07,2.80
2001-03-01,28.2,22.5,24.6,88,0.96,15.07,13.10
2001-03-02,29.8,22.8,25.4,87,1.28,16.88,4.10
2001-03-03,29.1,23.0,25.6,85,1.73,17.24,5.90
2001-03-04,30.7,22.7,26.2,83,1.30,21.30,2.30
2001-03-05,30.1,23.0,26.0,82,1.39,21.05,1.70
2001-03-06,29.9,23.2,25.7,84,1.47,18.78,2.30
2001-03-07,30.2,22.8,26.0,84,1.02,21.30,2.30
2001-03-08,30.0,23.2,25.9,83,1.50,18.05,1.90
2001-03-09,29.4,23.3,25.5,86,1.83,18.69,17.90
2001-03-10,28.3,22.7,24.7,87,1.16,13.67,11.50
2001-03-11,25.2,22.4,23.5,92,1.33,6.97,24.10
2001-03-12,24.1,22.4,23.2,94,1.42,3.93,12.60
2001-03-13,26.8,22.1,24.1,88,1.18,11.77,5.10
2001-03-14,25.5,22.2,23.4,92,1.28,6.79,10.70
2001-03-15,28.8,21.7,24.2,89,1.50,15.52,7.20
2001-03-16,27.8,21.8,24.0,89,1.46,14.23,18.50
2001-03-17,28.1,21.9,24.6,89,1.28,15.93,3.20
2001-03-18,28.7,22.3,25.1,85,1.20,18.21,0.70
2001-03-19,28.9,21.8,25.2,84,1.30,17.07,3.50
2001-03-20,29.2,22.4,24.8,88,1.88,17.00,8.60
2001-03-21,30.1,22.3,25.5,85,2.02,20.78,1.10
2001-03-22,28.4,22.8,25.4,85,1.85,17.79,14.90
2001-03-23,28.3,22.4,25.0,87,1.63,14.81,6.70
2001-03-24,29.0,22.8,25.0,88,1.17,14.70,6.10
2001-03-25,29.1,22.7,25.1,87,0.87,16.32,2.80
2001-03-26,28.8,22.0,25.0,88,1.29,13.82,1.10
2001-03-27,28.4,22.6,25.0,87,1.44,13.94,3.40
2001-03-28,28.6,22.6,25.3,87,1.02,13.38,5.20
2001-03-29,26.9,22.9,24.3,91,1.46,10.44,9.50
2001-03-30,28.3,22.2,24.4,88,1.08,14.28,4.20
2001-03-31,29.1,22.3,25.0,87,1.21,15.90,2.10
2001-04-01,29.0,21.7,24.9,87,1.16,16.68,10.00
2001-04-02,28.9,22.0,24.7,89,1.40,16.08,14.60
2001-04-03,27.7,22.4,24.4,90,0.86,12.56,4.80
2001-04-04,29.0,22.5,25.3,86,1.54,16.69,3.70
2001-04-05,28.2,22.6,25.0,87,1.30,15.08,11.00
2001-04-06,29.9,22.4,25.8,85,1.60,18.93,0.30
2001-04-07,29.8,23.6,26.2,83,1.96,18.96,0.10
2001-04-08,29.5,23.6,26.2,83,1.57,17.30,0.00
2001-04-09,30.3,23.0,26.0,83,1.30,20.74,5.10
2001-04-10,27.7,22.7,24.7,86,2.13,12.28,0.00
2001-04-11,28.4,23.1,25.0,85,1.22,15.18,2.80
2001-04-12,30.3,22.5,25.9,85,1.04,20.49,0.60
2001-04-13,28.7,22.8,25.3,89,1.37,17.54,9.40
2001-04-14,28.1,22.7,24.5,89,1.10,11.12,10.40
2001-04-15,29.2,22.3,25.3,85,1.24,18.44,1.20
2001-04-16,28.8,22.2,25.2,87,1.17,18.03,5.30
2001-04-17,28.4,22.7,25.0,87,1.48,14.32,5.10
2001-04-18,28.0,23.0,24.8,88,1.11,13.02,10.20
2001-04-19,24.5,22.8,23.4,95,1.37,3.87,115.40
2001-04-20,28.0,22.2,24.3,89,1.25,12.78,5.90
2001-04-21,27.6,22.2,24.8,86,1.00,13.44,0.00
2001-04-22,29.0,22.4,25.4,86,1.53,16.98,1.00
2001-04-23,29.6,22.0,25.8,86,1.30,20.25,0.20
2001-04-24,30.9,22.8,26.6,78,1.95,22.05,0.10
2001-04-25,30.2,21.5,25.6,78,1.99,19.02,0.00
2001-04-26,30.9,22.5,26.4,75,1.95,22.02,0.00
2001-04-27,30.7,22.9,26.4,77,2.06,21.21,0.20
2001-04-28,28.0,23.0,25.2,85,2.56,12.96,3.40
2001-04-29,30.3,22.4,25.9,82,2.08,20.47,0.60
2001-04-30,30.3,22.6,26.4,79,1.88,20.62,0.10
2001-05-01,29.8,23.1,26.3,80,2.16,17.64,0.70
2001-05-02,30.9,23.2,26.7,80,2.08,21.43,0.00
2001-05-03,31.1,23.0,26.9,77,2.17,21.22,0.00
2001-05-04,31.1,23.1,27.1,76,1.93,21.15,0.00
2001-05-05,30.7,23.7,27.0,77,1.72,18.54,0.20
2001-05-06,31.1,23.5,26.8,79,1.76,20.68,0.00
2001-05-07,30.5,24.0,26.9,80,2.11,18.23,0.20
2001-05-08,30.3,24.4,26.6,84,1.66,14.94,0.20
2001-05-09,30.9,23.2,26.9,80,1.67,18.35,0.20
2001-05-10,29.9,23.7,26.0,84,1.09,15.96,5.10
2001-05-11,29.9,22.8,25.6,85,0.74,17.15,6.10
2001-05-12,29.9,22.6,25.9,85,1.16,16.65,1.40
2001-05-13,30.9,22.9,26.5,81,1.81,20.10,0.50
2001-05-14,31.3,22.9,26.8,79,2.00,20.60,0.00
2001-05-15,31.8,23.4,27.2,76,1.96,20.68,0.20
2001-05-16,32.1,22.9,27.2,73,2.05,21.45,0.00
2001-05-17,31.7,22.4,27.0,74,1.74,21.02,0.00
2001-05-18,32.2,23.7,27.4,72,1.70,20.65,0.00
2001-05-19,31.4,23.7,27.4,76,1.70,20.10,0.00
2001-05-20,31.5,24.2,27.2,78,1.60,18.92,0.20
2001-05-21,29.0,22.9,25.6,84,1.49,14.01,15.40
2001-05-22,29.8,22.7,25.6,84,1.23,15.81,1.20
2001-05-23,30.7,22.7,26.5,82,1.17,19.84,0.40
2001-05-24,29.4,23.4,26.0,83,1.39,14.43,4.60
2001-05-25,29.7,23.0,25.4,84,1.44,14.75,1.40
2001-05-26,29.4,22.7,25.5,84,1.73,16.66,3.80
2001-05-27,30.1,22.3,25.7,83,1.23,17.85,1.70
2001-05-28,29.9,22.1,25.7,84,1.09,16.33,2.00
2001-05-29,30.7,23.0,26.3,83,1.57,17.76,0.30
2001-05-30,30.8,23.3,26.5,81,1.62,18.94,1.50
2001-05-31,29.3,22.8,25.1,87,1.25,15.52,7.40
2001-06-01,28.3,22.3,24.8,86,1.56,14.23,6.60
2001-06-02,28.3,22.3,24.7,85,2.06,14.02,1.90
2001-06-03,30.1,22.9,25.8,78,2.11,18.33,0.00
2001-06-04,29.4,22.7,25.2,84,1.39,15.54,2.50
2001-06-05,28.8,22.0,25.1,85,1.55,16.33,0.10
2001-06-06,29.4,22.4,25.6,78,2.03,16.55,0.30
2001-06-07,29.9,23.0,25.9,79,1.58,16.24,0.80
2001-06-08,29.1,22.8,25.5,82,2.31,14.69,1.70
2001-06-09,30.2,21.8,25.8,75,2.68,18.02,0.00
2001-06-10,30.8,22.4,26.2,72,2.10,18.22,0.00
2001-06-11,30.8,22.6,26.5,71,2.50,18.65,0.10
2001-06-12,31.0,22.4,26.2,67,2.84,18.36,0.00
2001-06-13,31.7,21.3,26.2,64,2.75,19.98,0.00
2001-06-14,32.3,23.1,26.9,64,2.21,16.81,0.00
2001-06-15,29.9,22.9,25.9,75,1.90,16.76,0.60
2001-06-16,32.3,22.9,26.9,68,2.19,19.79,0.00
2001-06-17,33.3,22.3,27.2,64,2.62,21.18,0.00
2001-06-18,32.7,22.2,27.4,62,2.27,19.32,0.00
2001-06-19,33.7,23.4,27.8,62,2.15,19.14,0.00
2001-06-20,32.4,23.3,27.3,64,1.75,18.66,0.10
2001-06-21,31.8,22.1,26.9,69,1.88,18.27,0.00
2001-06-22,30.5,23.1,27.0,70,1.33,17.67,0.30
2001-06-23,29.4,23.4,26.0,77,1.84,15.40,10.50
2001-06-24,29.9,22.5,25.6,80,1.56,16.76,0.50
2001-06-25,31.0,22.4,26.2,72,2.03,18.07,0.00
2001-06-26,31.5,22.1,26.3,69,1.95,16.63,0.00
2001-06-27,31.8,21.8,26.5,68,1.88,17.29,0.00
2001-06-28,29.9,24.2,26.0,79,2.30,13.61,1.00
2001-06-29,28.4,22.4,25.0,83,1.67,12.22,5.70
2001-06-30,31.9,21.9,26.4,71,2.77,19.85,0.00
2001-07-01,32.3,21.6,26.8,62,3.05,20.92,0.00
2001-07-02,29.8,23.0,26.2,74,2.02,13.74,0.10
2001-07-03,31.5,22.7,26.6,75,1.82,17.56,2.00
2001-07-04,31.5,22.6,26.9,74,2.40,19.20,0.10
2001-07-05,31.5,23.4,27.2,71,1.94,17.93,0.20
2001-07-06,34.2,23.1,28.3,59,2.74,20.01,0.00
2001-07-07,32.7,24.1,27.8,57,3.07,18.31,0.00
2001-07-08,33.0,22.6,27.6,56,3.01,18.45,0.00
2001-07-09,34.2,22.9,28.2,51,2.92,20.58,0.00
2001-07-10,34.4,22.4,28.1,53,2.70,19.91,0.00
2001-07-11,34.6,24.1,28.9,52,1.99,20.93,0.00
2001-07-12,34.7,22.8,28.6,56,2.05,20.73,0.00
2001-07-13,32.0,23.2,27.8,65,1.55,17.82,0.00
2001-07-14,31.5,23.4,27.1,69,2.35,14.57,0.30
2001-07-15,33.5,23.4,27.8,62,2.68,18.32,0.00
2001-07-16,33.4,23.3,27.9,53,3.26,20.21,0.00
2001-07-17,34.1,23.5,28.5,52,3.10,21.09,0.00
2001-07-18,32.7,23.6,28.1,56,2.82,18.26,0.00
2001-07-19,34.4,22.9,28.2,60,2.65,21.12,0.00
2001-07-20,33.7,23.8,28.5,56,3.05,20.31,0.00
2001-07-21,33.3,23.5,28.2,59,2.63,18.92,0.00
2001-07-22,32.6,23.3,27.6,66,2.17,18.49,0.70
2001-07-23,32.3,22.5,26.8,72,1.53,18.38,0.60
2001-07-24,32.1,22.8,27.3,67,1.83,19.18,0.00
2001-07-25,33.4,22.4,27.6,59,2.26,21.75,0.00
2001-07-26,33.4,22.3,27.7,57,2.24,20.17,0.00
2001-07-27,33.7,23.8,28.4,52,1.66,18.75,0.00
2001-07-28,33.9,24.3,28.5,45,1.63,21.91,0.00
2001-07-29,35.1,22.3,28.5,41,2.33,23.50,0.00
2001-07-30,34.7,23.1,28.8,44,2.85,22.35,0.00
2001-07-31,34.8,22.8,28.7,44,3.17,21.96,0.00
2001-08-01,34.2,22.5,28.2,41,3.13,23.51,0.00
2001-08-02,34.3,21.9,28.1,41,2.96,23.43,0.00
2001-08-03,33.9,22.2,27.9,38,3.11,23.71,0.00
2001-08-04,34.1,23.6,28.2,40,3.22,23.19,0.00
2001-08-05,33.7,21.2,27.5,42,2.90,23.76,0.00
2001-08-06,34.6,21.7,28.4,45,2.41,23.69,0.00
2001-08-07,34.2,24.6,28.6,43,2.92,23.46,0.00
2001-08-08,33.4,22.3,27.7,41,3.18,22.95,0.00
2001-08-09,33.9,22.0,28.1,49,2.87,23.19,0.00
2001-08-10,34.4,23.7,28.7,47,2.70,22.06,0.00
2001-08-11,34.3,23.5,28.6,47,2.52,22.02,0.00
2001-08-12,34.3,22.8,28.3,46,2.75,21.98,0.00
2001-08-13,34.0,23.9,28.5,47,3.29,22.73,0.00
2001-08-14,34.3,23.2,28.4,44,3.16,24.20,0.00
2001-08-15,34.2,22.3,28.1,46,3.38,23.55,0.00
2001-08-16,33.6,23.8,28.4,47,3.46,21.72,0.00
2001-08-17,35.0,23.2,28.9,44,3.03,23.80,0.00
2001-08-18,34.9,23.6,28.9,42,3.13,23.55,0.00
2001-08-19,35.5,23.7,29.2,43,3.54,22.92,0.00
2001-08-20,34.6,23.7,28.8,45,3.44,21.81,0.00
2001-08-21,34.7,24.2,29.1,45,3.13,20.81,0.00
2001-08-22,35.7,23.8,29.5,45,2.79,23.74,0.00
2001-08-23,35.7,23.9,29.5,48,2.88,23.54,0.00
2001-08-24,35.4,23.7,29.3,51,2.71,23.89,0.00
2001-08-25,35.3,24.2,29.4,51,2.77,24.03,0.00
2001-08-26,34.8,24.3,29.2,52,2.96,23.05,0.00
2001-08-27,35.0,23.7,29.0,54,2.71,22.16,0.00
2001-08-28,35.0,23.9,28.9,54,2.42,22.02,0.00
2001-08-29,33.6,23.9,28.8,56,2.38,20.61,0.00
2001-08-30,35.0,24.5,29.3,57,2.66,22.17,0.00
2001-08-31,34.5,24.0,28.9,58,2.69,22.52,0.00
2001-09-01,33.1,23.9,28.3,57,2.99,21.27,0.00
2001-09-02,34.7,23.0,28.6,54,2.92,22.50,0.00
2001-09-03,33.1,23.9,28.4,59,2.88,21.71,0.00
2001-09-04,34.6,24.0,28.9,57,2.53,22.67,0.00
2001-09-05,35.2,24.9,29.7,58,2.24,22.21,0.00
2001-09-06,31.7,24.9,28.2,66,1.93,17.66,0.40
2001-09-07,31.9,24.6,28.0,67,1.61,18.48,1.70
2001-09-08,32.8,24.5,28.5,65,1.53,19.48,0.00
2001-09-09,33.8,24.3,28.9,64,1.59,22.38,0.40
2001-09-10,34.6,24.4,29.5,58,1.81,22.16,0.10
2001-09-11,34.8,25.0,29.3,62,2.07,23.12,0.30
2001-09-12,33.6,24.8,28.9,65,2.95,22.20,0.10
2001-09-13,33.9,24.4,28.8,61,2.72,21.40,0.00
2001-09-14,34.2,24.1,29.2,54,2.12,22.84,0.00
2001-09-15,34.7,24.8,29.6,48,2.03,21.79,0.00
2001-09-16,34.6,24.3,29.6,52,1.61,22.33,0.00
2001-09-17,34.1,25.9,29.2,58,1.87,22.44,1.10
2001-09-18,30.0,22.5,25.7,80,1.82,17.55,7.60
2001-09-19,29.4,23.3,26.0,78,2.54,17.26,7.20
2001-09-20,32.1,23.1,27.2,65,3.06,24.33,0.00
2001-09-21,32.9,21.8,27.5,61,2.74,24.34,0.00
2001-09-22,31.4,23.2,26.9,68,2.58,19.61,0.80
2001-09-23,33.0,22.9,27.9,63,2.50,22.46,0.10
2001-09-24,33.1,23.5,28.1,65,2.30,23.13,0.00
2001-09-25,34.6,23.0,28.6,62,2.39,24.14,0.00
2001-09-26,34.7,23.8,29.0,60,2.49,23.94,0.00
2001-09-27,35.9,24.6,29.7,56,2.39,24.94,0.00
2001-09-28,35.8,24.5,29.7,54,2.80,25.35,0.00
2001-09-29,34.1,24.9,29.3,57,2.88,23.35,0.30
2001-09-30,34.5,24.2,29.2,54,2.35,23.27,0.00
2001-10-01,36.1,24.7,30.0,50,2.20,25.33,0.00
2001-10-02,35.5,24.2,29.6,52,2.70,24.69,0.00
2001-10-03,35.4,24.3,29.7,51,2.46,24.63,0.00
2001-10-04,35.1,24.6,29.9,49,2.00,23.49,0.00
2001-10-05,34.8,24.5,29.6,50,1.99,23.74,0.00
2001-10-06,34.3,24.7,29.5,56,1.88,24.22,0.10
2001-10-07,34.4,25.1,29.8,56,2.10,23.75,0.00
2001-10-08,33.6,24.9,29.5,58,1.55,21.54,0.30
2001-10-09,34.3,25.9,29.6,60,1.17,21.18,0.10
2001-10-10,32.1,24.1,28.1,69,1.12,18.17,1.30
2001-10-11,33.8,25.2,29.2,64,2.03,22.95,0.30
2001-10-12,32.3,25.0,28.7,66,2.23,19.78,0.30
2001-10-13,31.6,24.1,27.0,74,1.31,13.87,5.90
2001-10-14,30.6,23.3,26.0,81,1.35,12.47,5.60
2001-10-15,30.4,24.2,26.9,78,1.62,16.84,7.20
2001-10-16,31.4,23.8,27.4,71,1.39,20.93,0.00
2001-10-17,31.5,23.4,27.5,73,1.87,22.39,0.50
2001-10-18,32.4,24.3,28.3,69,1.30,22.20,0.00
2001-10-19,32.7,24.7,28.5,70,1.39,22.58,0.30
2001-10-20,32.9,24.8,27.7,76,1.12,22.85,9.20
2001-10-21,33.2,23.7,28.3,75,1.15,25.02,0.30
2001-10-22,33.5,25.4,28.7,73,0.77,23.66,1.80
2001-10-23,32.2,24.6,28.3,74,1.25,21.84,0.00
2001-10-24,32.8,25.4,29.2,68,0.90,23.31,0.00
2001-10-25,31.0,24.3,26.3,81,1.50,14.74,5.30
2001-10-26,31.0,22.6,26.7,78,1.77,20.60,0.20
2001-10-27,31.4,23.5,27.0,74,1.71,22.19,2.50
2001-10-28,32.4,24.2,28.0,70,2.41,23.92,0.00
2001-10-29,32.6,24.5,28.4,69,2.43,22.77,2.90
2001-10-30,32.8,24.0,28.0,72,2.32,22.56,2.70
2001-10-31,32.9,24.5,28.6,72,1.11,21.88,0.50
2001-11-01,32.8,25.2,27.9,75,1.70,20.49,1.60
2001-11-02,30.9,23.4,26.3,82,1.52,19.33,4.50
2001-11-03,30.6,23.4,26.5,83,1.27,17.03,3.40
2001-11-04,32.3,23.3,27.3,77,1.65,22.68,1.20
2001-11-05,32.7,24.0,28.5,70,1.70,24.59,0.10
2001-11-06,33.8,24.5,29.1,64,2.02,25.04,0.00
2001-11-07,32.7,25.6,28.7,69,1.70,19.46,0.40
2001-11-08,31.6,24.6,27.9,71,1.86,19.21,0.30
2001-11-09,32.5,24.3,28.5,71,1.47,22.03,0.40
2001-11-10,33.4,24.7,28.8,68,1.38,23.26,0.30
2001-11-11,34.3,25.1,28.8,66,1.33,21.79,3.70
2001-11-12,33.4,25.0,28.8,67,1.77,22.60,0.30
2001-11-13,33.7,24.8,29.0,67,1.90,22.53,1.40
2001-11-14,33.4,25.0,28.9,65,1.77,23.29,0.00
2001-11-15,32.9,25.6,28.9,64,1.05,22.50,0.70
2001-11-16,32.7,24.4,28.1,73,1.04,20.43,3.70
2001-11-17,33.1,25.5,29.0,69,1.40,22.86,0.00
2001-11-18,32.6,25.4,28.9,64,1.93,21.51,0.00
2001-11-19,31.9,25.4,28.6,70,1.07,18.80,0.80
2001-11-20,32.5,25.4,29.0,67,0.89,20.78,0.00
2001-11-21,32.0,25.0,27.4,75,0.94,17.43,5.40
2001-11-22,30.3,23.6,26.7,81,1.13,17.16,5.80
2001-11-23,30.7,24.5,27.4,79,1.09,17.37,4.10
2001-11-24,28.4,23.7,25.7,86,0.91,12.50,5.00
2001-11-25,30.4,23.0,26.4,82,1.40,18.45,4.50
2001-11-26,28.7,23.2,24.9,90,0.93,11.91,21.00
2001-11-27,28.2,23.6,25.3,88,1.29,11.92,17.70
2001-11-28,27.7,23.5,25.1,90,0.90,11.11,12.60
2001-11-29,28.2,22.9,25.1,89,1.51,13.11,22.20
2001-11-30,29.7,22.8,25.7,84,1.52,15.76,2.30
2001-12-01,31.0,23.2,27.0,76,1.80,23.18,0.00
2001-12-02,30.8,23.7,27.3,79,1.77,20.71,0.60
2001-12-03,26.5,23.5,24.8,90,1.43,6.52,35.10
2001-12-04,26.8,22.5,24.2,90,1.82,10.29,16.70
2001-12-05,29.7,22.6,25.7,80,1.60,18.80,0.20
2001-12-06,31.6,22.9,26.8,80,1.49,23.49,0.60
2001-12-07,31.4,23.8,27.2,80,1.73,21.43,0.10
2001-12-08,30.0,24.2,26.6,83,1.63,19.11,3.70
2001-12-09,29.8,23.0,26.3,84,1.66,18.10,1.10
2001-12-10,30.1,23.8,26.6,82,1.38,17.88,1.10
2001-12-11,29.9,23.6,26.5,83,1.51,18.08,2.80
2001-12-12,30.0,22.9,26.0,85,1.50,17.67,3.30
2001-12-13,29.6,22.8,25.6,85,1.36,15.51,2.70
2001-12-14,30.2,23.8,26.6,82,1.36,17.43,0.60
2001-12-15,30.3,23.4,26.9,82,1.40,18.07,0.00
2001-12-16,30.3,23.8,26.9,82,1.70,17.06,4.50
2001-12-17,30.3,24.2,26.7,82,1.30,15.76,1.80
2001-12-18,29.5,23.9,26.3,86,1.11,16.30,3.50
2001-12-19,30.8,24.1,27.2,84,1.07,19.67,0.00
2001-12-20,31.6,24.7,27.1,80,1.63,19.36,0.80
2001-12-21,29.9,23.7,26.3,85,1.45,15.92,5.40
2001-12-22,29.8,24.2,26.4,85,1.58,17.99,4.00
2001-12-23,28.9,23.7,25.8,87,0.99,12.37,3.90
2001-12-24,30.7,23.7,26.8,83,1.60,19.49,0.60
2001-12-25,31.3,24.6,27.6,80,1.31,20.38,0.90
2001-12-26,31.0,24.2,27.2,81,1.19,21.14,2.00
2001-12-27,26.9,23.5,25.0,90,1.19,10.63,26.80
2001-12-28,29.0,22.7,25.1,89,1.82,14.12,2.00
2001-12-29,30.3,23.4,26.3,83,1.65,19.99,3.80
2001-12-30,30.0,24.3,26.7,81,1.48,19.73,4.60
2001-12-31,30.6,23.7,26.4,83,1.45,18.96,4.50
2002-01-01,28.7,23.5,25.9,86,1.18,14.42,5.40
2002-01-02,26.8,23.5,24.8,92,0.91,7.82,11.80
2002-01-03,29.2,23.4,25.9,86,1.63,15.33,7.00
2002-01-04,27.4,23.2,25.0,89,1.13,8.89,10.00
2002-01-05,29.0,22.8,25.7,87,1.10,15.50,4.80
2002-01-06,25.2,22.9,23.9,92,1.61,5.91,22.70
2002-01-07,26.1,22.1,23.9,90,1.37,8.58,9.40
2002-01-08,27.2,22.7,23.9,93,1.89,8.39,16.20
2002-01-09,28.1,21.4,24.2,84,1.54,15.01,13.30
2002-01-10,26.3,22.2,24.0,91,1.16,8.59,3.80
2002-01-11,27.0,22.5,24.4,90,1.55,11.95,3.10
2002-01-12,27.8,22.1,24.3,90,2.13,15.81,6.30
2002-01-13,28.8,22.1,24.9,86,1.97,16.57,3.50
2002-01-14,29.0,22.3,25.1,86,1.07,17.16,20.60
2002-01-15,28.0,22.2,24.4,91,1.08,15.71,17.60
2002-01-16,28.0,22.5,24.7,89,1.34,14.37,14.80
2002-01-17,27.1,22.5,23.9,92,0.99,9.50,22.10
2002-01-18,28.2,22.6,24.7,90,1.92,14.32,4.70
2002-01-19,28.7,22.7,25.4,86,0.99,15.72,6.00
2002-01-20,26.3,22.7,24.0,94,1.06,9.35,23.40
2002-01-21,29.1,22.0,25.1,87,1.44,19.90,3.40
2002-01-22,28.9,21.8,24.8,85,1.72,15.74,2.60
2002-01-23,30.1,21.7,25.3,84,1.74,21.48,4.50
2002-01-24,29.3,22.7,25.4,85,1.75,18.86,6.70
2002-01-25,28.5,23.2,25.1,86,1.55,14.63,1.90
2002-01-26,28.4,22.6,25.3,86,2.17,16.11,8.20
2002-01-27,29.0,23.3,25.3,84,2.30,16.20,0.70
2002-01-28,28.5,22.4,25.5,85,1.43,17.69,5.80
2002-01-29,29.4,22.9,25.5,85,1.49,18.39,2.60
2002-01-30,30.7,22.1,26.1,82,2.15,22.24,1.70
2002-01-31,29.9,22.5,25.6,85,1.83,19.41,5.60
2002-02-01,28.7,22.5,24.8,90,1.40,14.41,14.90
2002-02-02,29.5,22.8,25.7,86,1.02,18.33,2.40
2002-02-03,28.4,23.8,25.6,84,2.06,17.12,5.40
2002-02-04,29.7,23.1,26.0,79,1.85,19.89,2.70
2002-02-05,30.0,22.7,25.9,83,1.49,20.04,1.00
2002-02-06,28.5,23.2,25.3,87,0.97,14.19,4.50
2002-02-07,29.6,22.8,25.4,85,2.00,19.02,10.10
2002-02-08,29.4,22.3,25.3,87,1.30,16.56,17.30
2002-02-09,25.1,22.5,23.6,95,1.35,6.67,17.70
2002-02-10,29.5,22.2,25.0,87,1.57,19.44,2.60
2002-02-11,26.9,22.5,24.4,91,1.02,11.22,15.20
2002-02-12,26.7,21.9,24.0,89,1.51,10.94,10.30
2002-02-13,28.6,22.2,25.0,86,1.88,16.70,3.00
2002-02-14,29.0,22.9,25.5,84,1.83,19.13,6.10
2002-02-15,29.7,23.2,25.8,86,1.51,18.86,8.50
2002-02-16,29.2,22.8,25.6,85,1.54,16.53,0.40
2002-02-17,29.9,22.6,25.9,84,1.45,16.68,1.60
2002-02-18,30.1,22.8,25.9,86,1.08,15.38,8.20
2002-02-19,29.7,23.4,26.1,86,1.39,17.58,5.10
2002-02-20,30.6,23.3,26.3,85,1.40,18.95,6.00
2002-02-21,31.6,23.3,27.1,82,1.57,23.07,1.00
2002-02-22,31.8,23.9,27.6,78,1.89,25.69,0.00
2002-02-23,31.9,24.2,27.9,78,1.46,25.25,0.70
2002-02-24,31.6,24.2,27.9,82,1.41,24.29,0.70
2002-02-25,29.7,24.3,26.5,84,1.76,17.54,1.80
2002-02-26,30.4,23.2,26.2,83,2.21,21.51,1.10
2002-02-27,30.8,22.7,26.2,82,1.70,22.29,2.80
2002-02-28,30.8,23.1,26.8,80,1.98,22.39,0.90
2002-03-01,31.2,23.9,26.9,81,1.59,23.28,4.10
2002-03-02,29.8,23.2,26.1,85,1.38,18.31,0.30
2002-03-03,27.6,22.3,24.7,89,1.17,10.64,13.70
2002-03-04,27.1,22.8,24.1,92,1.05,9.31,29.30
2002-03-05,27.9,22.0,24.0,90,1.28,13.95,24.90
2002-03-06,28.6,22.3,24.9,86,1.29,16.00,0.60
2002-03-07,28.1,22.7,25.2,87,1.28,13.71,2.20
2002-03-08,28.6,23.0,25.0,87,1.09,13.70,4.40
2002-03-09,29.6,22.5,25.9,82,1.52,19.40,0.90
2002-03-10,29.5,23.4,26.1,83,1.73,17.58,1.20
2002-03-11,28.3,23.2,25.1,89,1.18,15.44,4.30
2002-03-12,30.0,22.5,26.0,85,1.47,18.47,3.00
2002-03-13,31.0,23.2,26.5,85,1.70,22.72,0.80
2002-03-14,30.3,23.1,26.5,79,2.65,21.79,1.20
2002-03-15,31.2,23.3,27.1,80,1.52,24.81,0.00
2002-03-16,30.7,23.7,26.9,79,1.88,22.00,0.80
2002-03-17,29.0,23.1,25.5,85,1.29,16.34,8.70
2002-03-18,29.4,22.6,25.6,86,1.33,18.80,4.40
2002-03-19,29.4,22.9,25.7,88,1.22,17.28,4.20
2002-03-20,30.3,23.3,25.8,85,1.51,18.41,1.20
2002-03-21,30.6,22.4,26.2,83,1.77,20.93,3.20
2002-03-22,29.9,23.1,25.9,86,1.27,17.79,1.70
2002-03-23,30.0,23.4,26.0,84,1.06,18.70,3.20
2002-03-24,29.3,22.9,24.9,89,0.87,13.01,11.40
2002-03-25,27.9,23.2,24.9,88,0.93,12.72,10.80
2002-03-26,24.6,22.7,23.6,94,0.93,5.18,31.90
2002-03-27,29.6,22.0,25.2,87,1.13,20.64,0.60
2002-03-28,30.4,23.3,26.4,80,2.29,21.08,1.00
2002-03-29,31.0,22.8,26.7,78,2.56,23.26,2.00
2002-03-30,30.9,22.9,26.3,82,2.25,20.96,2.10
2002-03-31,30.6,23.3,26.2,83,1.85,19.19,0.30
2002-04-01,29.4,24.1,26.3,85,1.32,15.19,0.70
2002-04-02,29.6,23.4,25.8,85,1.68,15.38,2.80
2002-04-03,30.2,23.0,25.9,86,1.57,14.90,3.60
2002-04-04,29.3,23.4,25.9,84,1.63,15.04,2.50
2002-04-05,28.2,22.7,25.0,88,1.42,13.87,4.40
2002-04-06,28.1,22.6,25.0,92,1.34,13.92,12.40
2002-04-07,28.1,22.8,25.0,87,0.99,13.36,9.50
2002-04-08,29.8,22.7,26.1,85,1.18,20.83,3.30
2002-04-09,29.8,22.9,25.5,87,1.25,15.28,8.60
2002-04-10,27.5,23.0,24.5,89,1.50,11.11,9.20
2002-04-11,25.2,22.5,23.6,93,1.90,4.54,9.80
2002-04-12,29.4,22.1,25.4,84,1.00,18.08,0.70
2002-04-13,30.4,22.8,26.3,80,1.11,20.32,0.10
2002-04-14,29.9,22.9,25.9,84,1.43,17.96,5.70
2002-04-15,28.6,22.9,25.3,89,0.79,13.46,13.00
2002-04-16,28.0,22.6,24.7,88,1.30,13.50,12.10
2002-04-17,29.7,22.0,25.5,85,1.44,20.57,0.30
2002-04-18,30.4,22.0,26.3,80,2.00,21.72,0.20
2002-04-19,28.5,23.8,25.8,83,2.10,13.98,8.30
2002-04-20,29.9,23.5,26.2,84,2.21,20.44,0.20
2002-04-21,31.1,22.6,26.7,77,2.17,21.91,0.00
2002-04-22,29.9,23.7,26.2,82,2.26,15.11,3.20
2002-04-23,29.2,22.9,26.0,82,2.08,14.86,0.20
2002-04-24,29.9,22.6,26.4,81,1.43,20.77,0.20
2002-04-25,30.0,23.1,26.3,82,1.46,19.03,0.30
2002-04-26,30.4,23.3,26.2,84,1.76,19.48,2.40
2002-04-27,29.4,23.7,25.9,86,1.20,16.50,2.30
2002-04-28,29.1,22.4,25.8,86,1.46,17.18,0.50
2002-04-29,29.5,23.2,26.0,84,1.84,18.39,0.40
2002-04-30,29.5,23.2,26.0,84,1.80,18.12,2.00
2002-05-01,30.3,22.8,26.3,84,1.48,20.52,0.40
2002-05-02,28.2,23.6,25.3,88,1.76,11.81,7.90
2002-05-03,29.0,22.8,25.6,87,1.68,17.25,0.30
2002-05-04,29.0,23.4,25.6,85,1.44,16.35,4.30
2002-05-05,29.1,22.5,25.5,86,1.49,17.74,1.10
2002-05-06,29.6,22.5,25.6,85,1.06,17.02,0.80
2002-05-07,30.0,22.1,26.0,84,1.68,19.96,0.00
2002-05-08,27.9,23.3,25.0,87,1.56,10.81,6.30
2002-05-09,28.9,23.0,25.3,87,1.13,14.81,7.90
2002-05-10,30.4,22.8,26.3,84,1.38,20.06,0.10
2002-05-11,30.6,23.4,26.5,82,2.14,20.91,0.70
2002-05-12,29.7,24.0,26.5,83,2.19,16.25,0.40
2002-05-13,30.2,22.7,26.0,84,1.47,18.38,2.90
2002-05-14,30.9,21.8,26.3,77,2.55,22.24,0.00
2002-05-15,31.7,23.3,27.0,73,2.21,18.77,0.00
2002-05-16,31.3,23.9,27.1,78,1.74,19.16,1.70
2002-05-17,29.8,23.8,26.2,85,1.43,14.54,0.70
2002-05-18,28.3,23.0,25.3,89,1.87,11.65,5.10
2002-05-19,29.5,23.1,26.3,85,1.63,15.58,5.40
2002-05-20,30.6,23.4,26.6,82,1.70,19.60,0.60
2002-05-21,30.8,23.4,26.7,81,1.56,18.02,0.00
2002-05-22,30.3,23.0,26.4,82,0.93,15.46,2.70
2002-05-23,29.6,22.9,25.9,85,0.98,17.05,11.80
2002-05-24,28.0,23.1,24.7,91,1.04,12.08,17.60
2002-05-25,27.5,22.6,24.2,90,0.96,10.20,15.90
2002-05-26,28.4,22.2,24.9,87,2.01,16.77,1.60
2002-05-27,30.0,22.4,26.0,79,2.43,18.64,0.10
2002-05-28,30.1,22.7,26.2,77,2.34,18.45,0.20
2002-05-29,30.5,22.5,26.4,76,2.23,19.47,0.00
2002-05-30,30.3,23.1,26.5,77,2.16,17.78,0.20
2002-05-31,30.1,23.6,26.5,80,1.89,18.94,0.00
2002-06-01,30.0,23.6,26.2,82,1.89,17.97,2.20
2002-06-02,28.2,23.1,25.2,89,1.53,12.01,5.30
2002-06-03,29.5,23.0,26.0,82,2.01,18.10,0.00
2002-06-04,30.0,22.8,26.2,82,1.59,19.52,0.20
2002-06-05,30.1,23.2,26.2,82,1.80,18.82,0.30
2002-06-06,30.2,22.4,26.0,81,2.00,18.88,0.00
2002-06-07,29.3,22.4,25.7,81,2.13,16.10,0.20
2002-06-08,29.4,22.8,25.4,85,1.45,15.90,4.10
2002-06-09,29.8,22.7,25.8,80,2.11,18.13,0.20
2002-06-10,30.0,22.7,26.2,79,1.81,18.54,0.00
2002-06-11,29.9,21.9,25.7,82,1.68,19.00,0.40
2002-06-12,30.4,22.1,26.0,77,2.08,18.38,0.00
2002-06-13,28.8,23.5,25.3,83,1.56,12.57,1.40
2002-06-14,25.7,22.2,23.9,92,1.84,7.84,14.10
2002-06-15,29.9,20.9,25.1,82,2.25,18.35,0.00
2002-06-16,29.6,21.6,25.7,78,2.79,18.96,0.10
2002-06-17,29.6,22.1,25.5,77,2.20,18.44,0.00
2002-06-18,30.3,21.4,25.7,71,2.58,21.52,0.00
2002-06-19,30.9,21.7,26.1,68,2.60,20.17,0.00
2002-06-20,31.0,22.9,26.5,69,2.64,19.98,0.00
2002-06-21,31.1,22.5,26.5,70,2.67,20.28,0.00
2002-06-22,31.4,22.9,26.9,71,2.30,19.29,0.00
2002-06-23,31.3,23.3,26.7,70,2.49,19.03,0.10
2002-06-24,31.2,22.0,26.2,70,2.46,18.22,0.00
2002-06-25,31.4,22.6,26.5,69,2.37,17.34,0.00
2002-06-26,31.8,22.8,26.8,69,2.47,17.49,0.00
2002-06-27,31.5,23.0,27.0,67,2.91,18.42,0.00
2002-06-28,31.9,22.6,26.9,59,2.87,21.31,0.00
2002-06-29,32.7,20.7,26.6,60,2.80,21.42,0.00
2002-06-30,32.3,21.3,26.6,63,3.02,19.19,0.00
2002-07-01,32.7,22.1,27.0,63,2.93,20.29,0.00
2002-07-02,32.5,23.7,27.5,60,2.91,18.72,0.00
2002-07-03,32.7,23.4,27.6,57,2.80,19.98,0.00
2002-07-04,32.9,20.7,26.8,55,3.00,22.08,0.00
2002-07-05,33.2,21.5,27.3,59,2.77,20.68,0.00
2002-07-06,32.6,23.6,27.7,57,2.76,18.24,0.00
2002-07-07,33.9,21.7,28.0,57,1.86,19.72,0.00
2002-07-08,33.5,22.7,27.8,55,1.90,17.68,0.00
2002-07-09,33.3,22.3,27.7,62,2.06,19.25,0.00
2002-07-10,32.2,23.1,27.5,67,2.82,18.82,0.00
2002-07-11,31.0,23.5,26.9,72,2.50,15.91,0.20
2002-07-12,31.6,23.7,27.3,70,1.97,18.13,0.00
2002-07-13,32.4,22.9,27.5,67,1.71,17.98,0.00
2002-07-14,32.4,23.6,27.7,66,2.39,18.23,0.00
2002-07-15,31.9,23.5,27.5,68,2.33,18.71,0.30
2002-07-16,33.0,23.3,27.9,66,2.42,19.15,0.00
2002-07-17,33.6,22.9,28.3,61,2.60,20.35,0.00
2002-07-18,33.1,23.4,27.7,67,2.12,19.46,0.30
2002-07-19,31.6,23.6,27.5,69,2.35,19.27,0.30
2002-07-20,33.6,22.7,27.7,61,2.52,21.36,0.00
2002-07-21,33.5,22.6,27.9,54,2.66,22.37,0.00
2002-07-22,33.2,22.9,28.1,57,2.15,19.49,0.00
2002-07-23,33.5,22.6,28.1,60,2.34,19.72,0.00
2002-07-24,33.4,23.6,28.2,60,2.52,18.40,0.00
2002-07-25,33.2,23.8,27.7,66,2.21,18.26,0.60
2002-07-26,32.7,24.1,27.5,70,1.81,17.56,0.90
2002-07-27,32.9,23.9,27.9,65,2.45,19.19,0.10
2002-07-28,32.0,24.0,27.6,70,1.86,18.58,0.20
2002-07-29,32.4,23.5,27.9,67,2.11,18.94,0.10
2002-07-30,33.7,23.6,28.1,62,2.85,20.51,0.10
2002-07-31,32.8,22.5,27.6,62,2.44,20.23,0.00
2002-08-01,33.5,22.5,28.0,53,2.39,20.26,0.00
2002-08-02,34.2,22.5,28.2,55,2.23,21.01,0.00
2002-08-03,33.1,23.5,28.2,61,2.34,19.78,0.00
2002-08-04,32.1,23.9,27.8,66,2.45,18.59,0.00
2002-08-05,34.1,23.3,28.5,58,2.22,20.89,0.00
2002-08-06,34.4,23.1,28.4,55,2.49,21.76,0.00
2002-08-07,35.1,22.9,28.8,51,2.72,22.38,0.00
2002-08-08,34.3,23.4,28.5,51,2.76,20.74,0.00
2002-08-09,34.8,22.2,28.5,47,2.96,24.04,0.00
2002-08-10,34.4,22.5,28.4,47,2.84,20.66,0.00
2002-08-11,34.7,23.2,28.9,50,2.40,22.35,0.00
2002-08-12,35.0,23.1,29.1,48,2.89,23.82,0.00
2002-08-13,34.1,23.5,28.9,51,2.57,20.49,0.00
2002-08-14,33.7,23.5,28.5,56,2.73,20.36,0.00
2002-08-15,34.1,23.3,28.4,55,2.98,20.64,0.00
2002-08-16,33.6,22.7,28.2,58,2.84,21.23,0.00
2002-08-17,34.1,24.0,28.8,52,3.09,21.19,0.00
2002-08-18,34.5,23.1,28.7,44,3.26,23.36,0.00
2002-08-19,34.8,23.3,28.8,46,2.94,23.30,0.00
2002-08-20,34.0,24.3,28.6,43,3.40,21.64,0.00
2002-08-21,34.8,24.6,29.2,42,3.60,22.10,0.00
2002-08-22,34.8,23.8,29.2,43,3.51,23.51,0.00
2002-08-23,34.0,24.7,29.1,47,3.25,20.87,0.00
2002-08-24,35.2,23.9,29.3,44,3.21,24.86,0.00
2002-08-25,35.2,23.3,29.1,40,2.78,25.26,0.00
2002-08-26,34.7,23.3,29.0,42,2.43,23.22,0.00
2002-08-27,34.0,23.4,28.7,46,2.42,21.22,0.00
2002-08-28,33.7,23.3,28.3,50,2.52,19.15,0.20
2002-08-29,35.1,23.3,29.0,50,2.88,24.98,0.00
2002-08-30,34.5,24.1,29.0,56,2.80,22.18,0.00
2002-08-31,35.2,24.2,29.6,52,2.34,23.39,0.00
2002-09-01,35.9,24.5,29.8,49,2.45,22.95,0.00
2002-09-02,34.8,24.5,29.5,53,1.75,21.54,0.00
2002-09-03,34.4,24.6,29.4,55,1.63,22.85,0.00
2002-09-04,30.1,23.7,26.7,74,1.45,16.93,17.70
2002-09-05,29.9,22.6,26.0,80,1.77,18.46,0.70
2002-09-06,31.3,22.6,26.8,73,2.06,22.02,0.10
2002-09-07,32.6,22.0,27.3,65,1.91,23.84,0.00
2002-09-08,32.4,22.9,27.7,64,2.02,22.35,0.00
2002-09-09,32.0,23.4,27.4,68,2.11,20.55,0.40
2002-09-10,33.1,22.5,27.7,62,2.67,22.80,0.00
2002-09-11,33.4,23.1,27.8,54,3.36,22.71,0.00
2002-09-12,33.7,22.5,28.0,51,2.84,23.95,0.00
2002-09-13,34.4,23.1,28.7,54,2.46,24.26,0.00
2002-09-14,35.1,23.8,29.3,56,1.90,23.43,0.00
2002-09-15,33.9,24.6,28.7,63,2.45,22.19,0.40
2002-09-16,32.7,24.0,28.0,65,3.01,21.28,0.40
2002-09-17,33.9,23.3,28.2,60,2.80,23.83,0.00
2002-09-18,33.3,23.8,28.4,54,2.68,21.23,0.00
2002-09-19,35.1,22.9,29.2,46,2.24,24.04,0.00
2002-09-20,33.7,23.8,28.7,53,2.07,22.90,0.00
2002-09-21,34.6,23.5,28.9,55,2.03,24.51,0.00
2002-09-22,35.2,24.0,29.5,54,2.24,24.11,0.00
2002-09-23,34.9,24.6,29.6,58,2.87,24.21,0.00
2002-09-24,32.4,24.8,28.5,63,2.33,19.67,0.00
2002-09-25,35.3,24.8,29.7,56,1.71,25.63,0.00
2002-09-26,34.9,24.9,30.0,51,1.46,24.03,0.00
2002-09-27,32.4,25.8,28.9,60,1.65,20.32,0.50
2002-09-28,30.8,25.0,27.6,67,1.72,14.83,0.50
2002-09-29,31.8,24.4,27.8,67,2.01,17.22,0.50
2002-09-30,33.6,24.0,28.7,61,2.14,22.21,0.10
2002-10-01,32.8,23.8,28.5,63,1.65,22.22,0.00
2002-10-02,34.3,24.4,29.2,56,2.24,23.92,0.20
2002-10-03,33.4,24.6,28.9,59,2.49,23.55,0.00
2002-10-04,33.7,24.4,28.5,63,2.25,22.93,0.00
2002-10-05,33.2,24.2,28.4,65,2.08,22.61,0.10
2002-10-06,32.7,24.5,28.3,64,2.40,22.44,0.50
2002-10-07,33.5,24.6,28.8,58,2.75,23.63,0.00
2002-10-08,34.1,24.0,28.7,56,2.64,24.22,0.00
2002-10-09,33.8,24.7,29.1,57,2.44,23.05,0.00
2002-10-10,34.0,25.1,29.4,58,2.72,23.85,0.10
2002-10-11,35.1,24.6,29.5,56,2.39,24.89,0.00
2002-10-12,34.6,25.6,29.7,56,1.95,24.15,0.40
2002-10-13,33.9,25.3,29.3,59,2.32,22.63,0.00
2002-10-14,33.1,25.0,28.9,63,2.19,22.03,0.10
2002-10-15,33.0,24.9,28.8,64,2.01,20.01,0.40
2002-10-16,33.7,25.0,29.2,60,2.11,22.85,0.00
2002-10-17,34.4,25.3,29.3,61,1.83,24.00,0.30
2002-10-18,31.7,24.1,27.4,74,1.45,18.82,3.40
2002-10-19,32.0,23.8,27.9,70,2.39,20.41,0.20
2002-10-20,32.2,24.4,28.1,64,1.94,22.13,0.20
2002-10-21,33.8,23.9,28.9,60,1.95,23.58,0.00
2002-10-22,34.0,24.8,29.5,59,1.39,24.57,0.00
2002-10-23,33.8,25.2,29.2,60,1.92,23.81,0.30
2002-10-24,32.7,25.7,28.4,66,1.97,20.99,0.60
2002-10-25,33.1,24.0,28.4,67,1.72,22.57,0.40
2002-10-26,33.3,24.6,29.0,62,1.59,22.86,0.00
2002-10-27,33.4,24.8,28.9,64,1.80,22.68,0.00
2002-10-28,33.2,24.8,28.9,64,1.85,22.49,0.40
2002-10-29,33.1,25.0,28.7,64,2.16,22.59,0.20
2002-10-30,33.4,24.6,28.8,63,1.73,23.29,0.20
2002-10-31,33.9,25.4,29.5,59,1.33,23.48,0.00
2002-11-01,33.7,25.7,29.7,59,1.47,23.38,0.00
2002-11-02,33.6,25.7,29.8,62,1.13,21.78,0.00
2002-11-03,31.7,24.0,28.0,70,1.34,17.77,9.30
2002-11-04,30.4,23.5,26.4,80,1.27,14.88,3.80
2002-11-05,32.3,23.9,27.8,71,1.06,22.35,0.00
2002-11-06,31.9,23.5,27.6,76,0.86,23.03,0.00
2002-11-07,31.6,24.8,28.1,75,1.33,19.79,0.30
2002-11-08,30.0,23.3,25.8,83,1.54,16.12,12.10
2002-11-09,28.8,22.4,25.1,85,1.49,13.93,11.60
2002-11-10,29.7,22.5,25.5,85,1.39,17.05,1.50
2002-11-11,30.9,22.3,26.7,80,1.44,21.64,1.00
2002-11-12,31.8,23.5,27.6,76,1.84,23.54,0.30
2002-11-13,31.8,24.3,27.6,74,2.07,21.71,0.20
2002-11-14,31.6,23.8,27.3,74,1.76,22.63,0.90
2002-11-15,32.0,23.3,27.7,73,1.78,24.10,0.10
2002-11-16,31.6,24.1,27.8,72,1.66,20.74,0.20
2002-11-17,31.8,23.8,27.9,70,2.52,22.30,0.00
2002-11-18,32.8,23.9,28.3,68,1.99,24.42,0.30
2002-11-19,33.3,24.5,28.5,67,1.87,24.17,0.40
2002-11-20,32.6,24.7,28.7,66,1.88,22.67,0.00
2002-11-21,33.2,25.0,28.9,64,1.94,23.62,0.00
2002-11-22,32.6,24.8,28.7,65,2.09,19.86,0.00
2002-11-23,32.3,24.9,28.4,65,1.86,22.13,0.20
2002-11-24,31.0,24.4,27.5,74,0.98,17.77,2.20
2002-11-25,29.0,23.0,25.9,84,1.92,13.31,12.30
2002-11-26,29.8,23.7,26.4,80,1.50,15.85,0.50
2002-11-27,32.1,23.9,27.5,76,1.65,21.26,0.10
2002-11-28,32.8,23.7,28.0,74,1.62,23.15,0.40
2002-11-29,31.8,24.3,27.6,75,2.36,19.87,1.60
2002-11-30,31.6,24.1,27.2,78,1.43,17.40,2.50
2002-12-01,31.6,24.0,27.2,77,1.73,20.96,1.50
2002-12-02,31.7,24.2,27.0,78,1.66,21.92,2.30
2002-12-03,31.3,23.3,27.0,76,1.45,20.59,2.00
2002-12-04,31.7,24.1,27.7,74,1.69,20.92,0.10
2002-12-05,32.7,24.0,28.1,73,1.85,22.96,0.90
2002-12-06,32.1,24.8,28.3,73,1.52,20.88,0.50
2002-12-07,32.2,24.6,28.0,73,2.01,21.50,0.60
2002-12-08,29.4,23.7,25.8,84,1.17,13.21,11.90
2002-12-09,26.9,23.1,24.4,90,1.50,10.12,14.40
2002-12-10,30.5,23.0,26.3,82,1.32,20.30,3.90
2002-12-11,29.8,23.1,26.0,83,1.23,15.91,7.80
2002-12-12,31.0,23.6,26.7,83,1.11,18.78,0.50
2002-12-13,30.5,24.0,26.8,83,1.38,16.43,8.20
2002-12-14,30.7,24.0,27.0,80,1.71,16.88,0.70
2002-12-15,30.7,23.9,27.0,81,1.28,16.33,0.00
2002-12-16,30.4,24.1,27.0,81,1.39,16.23,1.70
2002-12-17,29.4,23.8,25.9,87,1.06,13.22,4.40
2002-12-18,27.9,23.7,25.2,88,1.42,10.32,5.60
2002-12-19,28.3,23.2,25.6,86,1.05,14.03,6.40
2002-12-20,25.5,22.6,23.8,93,1.37,6.39,25.60
2002-12-21,30.3,22.1,25.9,83,1.35,21.17,0.00
2002-12-22,29.5,23.7,26.0,83,1.77,18.19,7.90
2002-12-23,30.8,22.0,26.3,81,1.59,24.12,0.50
2002-12-24,29.6,23.6,26.1,83,1.35,19.19,5.00
2002-12-25,29.2,22.9,26.0,81,1.88,16.54,4.60
2002-12-26,30.2,22.5,26.6,78,1.73,20.56,0.30
2002-12-27,29.4,23.4,26.1,80,1.30,16.42,1.00
2002-12-28,28.1,23.2,24.9,89,1.19,12.30,14.20
2002-12-29,28.7,23.0,25.6,83,1.75,13.09,7.60
2002-12-30,29.5,23.2,25.9,84,1.04,17.66,3.10
2002-12-31,30.0,23.5,25.8,87,1.57,17.17,4.70
2003-01-01,28.9,23.3,25.7,88,1.03,17.28,11.60
2003-01-02,29.5,22.8,25.7,85,1.05,16.19,4.10
2003-01-03,30.3,22.9,26.4,82,1.75,21.15,0.00
2003-01-04,31.3,22.2,26.9,77,1.54,24.42,0.00
2003-01-05,31.2,23.0,27.2,76,1.87,23.33,0.10
2003-01-06,31.4,23.8,27.4,81,1.46,22.52,0.70
2003-01-07,30.5,24.3,27.2,80,1.38,18.05,1.20
2003-01-08,31.7,24.2,27.7,77,1.71,22.92,0.20
2003-01-09,31.6,24.9,27.5,76,2.08,22.39,0.10
2003-01-10,30.6,24.4,27.0,79,1.72,20.23,1.90
2003-01-11,30.7,23.8,26.5,83,1.83,20.21,8.30
2003-01-12,30.9,23.5,26.9,80,1.43,21.82,0.80
2003-01-13,30.1,24.3,26.9,80,1.30,20.35,1.10
2003-01-14,29.5,24.3,25.9,84,1.38,15.34,6.40
2003-01-15,29.1,23.8,26.0,87,1.12,14.30,2.90
2003-01-16,30.5,23.1,26.9,78,1.59,21.76,0.30
2003-01-17,30.8,23.8,27.1,74,1.82,22.37,0.20
2003-01-18,29.4,24.4,26.4,81,1.62,14.69,2.60
2003-01-19,26.8,23.6,24.8,89,1.15,9.19,40.40
2003-01-20,29.5,22.8,25.9,84,1.13,20.60,8.80
2003-01-21,27.9,23.0,25.1,85,1.13,14.61,16.50
2003-01-22,26.8,22.8,24.4,89,1.76,11.46,29.50
2003-01-23,30.1,22.4,25.3,86,1.83,18.37,6.90
2003-01-24,28.8,22.5,25.3,86,2.11,16.75,6.00
2003-01-25,30.1,22.4,26.0,84,1.63,20.14,1.90
2003-01-26,29.3,23.2,25.0,88,1.23,11.78,4.70
2003-01-27,27.8,22.4,24.3,90,1.41,11.72,13.40
2003-01-28,25.3,23.0,23.9,92,1.30,6.51,14.50
2003-01-29,29.7,22.5,25.6,83,1.87,17.64,2.20
2003-01-30,29.8,22.6,25.5,85,1.68,16.86,2.20
2003-01-31,27.9,22.8,25.0,88,1.66,12.60,18.70
2003-02-01,28.3,22.2,24.9,87,1.67,14.14,12.80
2003-02-02,28.6,22.6,25.0,88,2.10,13.11,1.00
2003-02-03,28.9,22.6,25.1,88,2.00,12.90,14.40
2003-02-04,30.7,22.4,26.5,83,1.53,22.58,0.40
2003-02-05,29.6,23.5,26.1,83,1.82,19.80,13.10
2003-02-06,28.2,23.0,25.1,87,2.11,15.51,6.80
2003-02-07,30.7,22.9,26.4,83,1.60,21.45,0.10
2003-02-08,29.9,23.6,26.4,82,1.85,17.14,0.10
2003-02-09,29.8,23.6,26.3,83,1.55,19.29,1.20
2003-02-10,28.8,23.4,25.4,87,1.51,15.17,4.80
2003-02-11,29.2,22.7,25.8,83,1.23,16.97,0.20
2003-02-12,28.6,23.6,25.8,84,1.38,15.42,2.60
2003-02-13,28.8,23.2,25.5,87,1.34,14.91,15.00
2003-02-14,29.5,23.2,25.5,86,0.92,17.29,12.00
2003-02-15,29.3,22.9,25.9,81,1.07,17.63,2.70
2003-02-16,29.2,23.7,26.2,81,1.19,16.09,3.20
2003-02-17,26.6,23.0,24.4,93,1.02,8.45,18.70
2003-02-18,29.8,22.3,25.8,85,1.18,19.79,1.80
2003-02-19,29.2,23.2,25.4,87,1.13,16.90,10.10
2003-02-20,28.5,22.7,24.8,90,1.45,14.75,12.80
2003-02-21,29.2,23.0,25.5,86,1.07,15.14,12.90
2003-02-22,29.1,23.0,25.3,89,1.22,16.16,11.00
2003-02-23,27.3,23.3,24.6,93,1.11,8.53,13.40
2003-02-24,26.7,23.0,24.5,92,1.23,10.65,12.90
2003-02-25,28.0,22.5,24.5,90,1.04,13.82,8.10
2003-02-26,28.9,22.4,24.9,89,1.79,17.13,3.70
2003-02-27,28.8,22.5,25.0,89,1.67,16.02,15.20
2003-02-28,29.2,22.9,25.3,87,1.83,14.10,11.90
2003-03-01,28.6,22.9,25.1,87,1.76,14.36,17.40
2003-03-02,30.1,22.5,26.0,85,1.34,19.85,1.40
2003-03-03,29.6,23.4,25.7,86,1.38,16.98,6.20
2003-03-04,29.4,22.9,25.6,85,1.89,17.42,8.10
2003-03-05,29.2,22.8,25.7,87,1.23,16.62,3.90
2003-03-06,28.5,23.2,25.3,87,1.27,12.74,7.40
2003-03-07,29.0,22.4,24.8,89,1.02,15.09,12.40
2003-03-08,29.8,22.6,25.3,87,1.13,17.83,2.60
2003-03-09,29.6,22.6,25.7,86,1.47,17.82,4.20
2003-03-10,30.6,23.3,26.4,83,2.05,20.93,4.00
2003-03-11,30.2,23.7,26.5,81,2.04,19.31,0.80
2003-03-12,29.2,23.7,25.8,85,1.61,14.56,6.40
2003-03-13,28.0,23.1,24.8,90,1.01,9.97,12.30
2003-03-14,27.8,23.2,24.9,88,1.14,10.14,9.00
2003-03-15,28.6,23.0,24.8,89,1.47,14.76,11.10
2003-03-16,28.6,22.4,24.7,87,1.73,14.01,4.80
2003-03-17,28.9,22.5,25.1,86,1.37,18.37,8.80
2003-03-18,28.7,22.4,25.3,84,0.99,18.12,10.50
2003-03-19,25.4,22.3,23.7,91,1.16,8.47,20.00
2003-03-20,29.7,22.7,25.8,85,0.86,19.59,0.90
2003-03-21,29.5,23.2,25.9,83,1.42,19.05,1.80
2003-03-22,27.9,22.8,24.4,91,1.57,13.89,19.40
2003-03-23,26.1,22.8,23.9,92,1.38,7.80,15.50
2003-03-24,28.7,21.9,25.0,86,1.96,17.06,1.90
2003-03-25,30.1,23.0,26.1,82,2.00,19.91,3.40
2003-03-26,29.3,22.9,25.0,88,1.41,16.48,9.40
2003-03-27,29.5,22.6,25.5,87,1.40,17.69,9.00
2003-03-28,29.4,22.8,25.5,88,1.35,15.45,1.30
2003-03-29,28.2,23.5,25.2,88,1.17,10.74,6.10
2003-03-30,28.4,22.2,24.9,88,1.67,13.59,8.20
2003-03-31,28.4,22.9,25.0,90,1.12,14.40,11.70
2003-04-01,27.9,22.5,24.9,89,1.20,13.62,10.00
2003-04-02,27.9,22.8,24.6,90,1.77,13.14,22.00
2003-04-03,29.6,21.8,25.5,88,1.18,17.10,0.10
2003-04-04,30.1,23.2,26.2,85,1.12,17.27,2.80
2003-04-05,30.3,23.8,26.4,83,1.68,18.36,2.80
2003-04-06,28.5,23.2,25.3,87,1.10,14.38,7.70
2003-04-07,27.2,22.6,24.5,90,1.18,12.11,11.40
2003-04-08,28.3,22.6,25.3,87,1.08,15.69,4.30
2003-04-09,28.0,23.0,24.8,89,1.44,11.20,8.60
2003-04-10,29.9,22.3,26.1,83,1.44,19.21,1.80
2003-04-11,29.3,23.5,25.7,86,1.52,14.45,7.90
2003-04-12,30.6,22.4,26.1,86,1.53,20.44,1.50
2003-04-13,29.6,23.5,25.9,85,1.20,16.26,6.00
2003-04-14,28.6,22.9,25.4,89,1.35,16.20,8.60
2003-04-15,28.5,22.9,25.4,86,1.06,14.41,2.30
2003-04-16,28.9,22.8,25.2,87,1.47,16.40,1.90
2003-04-17,29.0,22.6,25.4,85,1.20,17.09,0.90
2003-04-18,30.7,22.7,26.5,81,1.95,22.57,0.00
2003-04-19,29.7,23.4,26.3,83,2.01,17.80,0.40
2003-04-20,29.8,23.3,26.0,83,2.49,17.64,0.10
2003-04-21,30.4,22.6,26.5,82,1.86,20.66,0.00
2003-04-22,29.8,24.0,26.8,81,2.18,18.49,0.30
2003-04-23,31.0,23.5,26.9,78,2.28,22.10,4.90
2003-04-24,30.7,22.7,26.7,79,1.86,21.43,0.00
2003-04-25,30.9,23.5,26.9,78,1.63,20.42,0.20
2003-04-26,29.3,24.0,26.1,82,1.74,11.03,0.00
2003-04-27,30.3,23.3,26.0,84,1.31,19.38,17.80
2003-04-28,27.3,23.0,24.6,90,1.62,7.41,5.40
2003-04-29,28.4,22.8,25.2,89,1.60,11.47,2.40
2003-04-30,29.4,22.8,25.7,85,1.34,15.36,0.80
2003-05-01,29.5,23.1,26.1,85,1.35,17.46,0.10
2003-05-02,29.9,22.8,26.1,83,1.19,18.97,0.50
2003-05-03,28.0,23.3,25.3,87,1.71,11.93,4.50
2003-05-04,28.5,22.8,25.1,87,1.59,14.05,5.20
2003-05-05,27.9,22.8,24.8,89,1.63,11.43,7.40
2003-05-06,27.2,22.5,24.3,90,2.07,9.52,5.50
2003-05-07,29.7,22.1,26.1,83,1.07,19.27,0.80
2003-05-08,30.2,22.5,26.2,85,1.30,20.41,0.30
2003-05-09,30.9,22.7,26.5,82,1.10,20.14,0.60
2003-05-10,29.2,23.3,25.7,86,1.56,16.62,2.10
2003-05-11,30.0,22.0,25.8,84,2.09,18.90,0.10
2003-05-12,30.9,22.2,26.3,78,2.61,22.60,0.00
2003-05-13,30.1,23.0,26.3,78,2.10,19.75,0.20
2003-05-14,30.6,23.8,26.6,82,1.73,19.15,0.30
2003-05-15,31.4,22.8,26.9,77,2.43,20.88,0.30
2003-05-16,31.6,23.1,26.9,72,2.45,21.84,0.00
2003-05-17,31.5,23.1,26.8,71,2.72,19.17,0.00
2003-05-18,32.3,23.4,27.3,69,2.66,20.82,0.00
2003-05-19,32.5,23.0,27.4,68,2.89,22.24,0.00
2003-05-20,31.4,24.8,27.2,72,2.77,16.32,0.00
2003-05-21,32.3,23.0,27.6,69,2.38,21.31,0.00
2003-05-22,32.3,24.3,27.9,70,2.04,19.77,0.00
2003-05-23,33.0,23.9,28.0,70,2.38,20.67,0.00
2003-05-24,32.3,24.0,27.7,76,1.73,20.15,0.70
2003-05-25,32.3,24.1,27.3,80,1.00,19.26,3.20
2003-05-26,30.0,23.3,26.5,82,1.22,15.16,1.00
2003-05-27,27.9,23.3,25.0,89,1.25,11.24,10.30
2003-05-28,29.4,22.0,25.5,86,1.38,17.58,1.30
2003-05-29,30.0,22.6,25.9,83,1.24,17.16,0.60
2003-05-30,29.6,22.9,25.8,83,1.46,15.26,1.10
2003-05-31,29.0,23.1,25.8,84,1.94,15.43,0.70
2003-06-01,29.6,22.9,26.1,81,1.87,17.29,0.10
2003-06-02,30.7,23.7,26.7,78,2.05,17.32,0.00
2003-06-03,30.6,23.2,26.6,78,1.89,19.27,0.00
2003-06-04,31.8,22.9,27.0,73,2.01,20.16,0.00
2003-06-05,30.9,23.3,26.5,78,1.85,17.58,1.10
2003-06-06,31.5,23.3,27.2,72,2.14,18.76,0.10
2003-06-07,32.1,23.2,27.2,70,2.23,19.79,0.00
2003-06-08,31.4,22.2,26.8,70,1.80,17.76,0.00
2003-06-09,32.4,23.4,27.3,66,1.87,18.84,0.20
2003-06-10,32.5,22.5,27.3,61,2.33,20.39,0.00
2003-06-11,31.9,22.6,27.3,64,2.33,17.48,0.00
2003-06-12,32.4,23.1,27.6,67,1.93,18.35,0.00
2003-06-13,32.4,24.2,27.7,70,2.19,18.77,0.10
2003-06-14,33.9,23.6,28.1,63,2.21,21.41,0.00
2003-06-15,33.6,22.6,28.0,63,2.63,20.20,0.00
2003-06-16,31.7,24.3,27.3,71,2.52,18.20,1.40
2003-06-17,30.6,23.9,26.6,75,2.30,14.71,0.60
2003-06-18,31.9,24.3,27.2,68,1.92,14.64,0.00
2003-06-19,33.7,22.8,27.9,62,1.95,19.66,0.00
2003-06-20,32.4,23.3,27.8,66,2.21,18.01,0.00
2003-06-21,32.2,24.3,27.0,74,2.06,16.11,0.90
2003-06-22,31.1,23.3,26.4,78,1.63,16.16,1.10
2003-06-23,31.0,23.4,26.6,76,1.96,14.52,0.00
2003-06-24,32.0,23.2,27.3,70,1.98,18.11,0.00
2003-06-25,33.1,22.6,27.6,64,2.11,19.27,0.00
2003-06-26,32.8,22.6,27.6,62,2.18,18.64,0.00
2003-06-27,33.7,22.4,27.9,59,2.48,20.48,0.00
2003-06-28,33.7,22.6,27.9,52,2.32,22.04,0.00
2003-06-29,33.5,22.3,27.9,52,2.31,21.34,0.00
2003-06-30,34.6,22.3,28.4,52,2.32,20.15,0.00
2003-07-01,32.2,22.5,27.6,60,2.70,18.48,0.00
2003-07-02,32.6,24.3,27.4,61,2.52,11.42,0.00
2003-07-03,33.3,22.6,27.6,58,1.62,17.11,0.00
2003-07-04,34.0,23.0,28.6,56,1.99,19.93,0.00
2003-07-05,33.6,24.1,28.5,56,2.13,19.04,0.00
2003-07-06,34.4,22.7,28.4,46,2.69,22.12,0.00
2003-07-07,34.7,21.5,28.2,44,2.06,21.56,0.00
2003-07-08,34.1,23.1,28.4,58,3.04,19.01,0.00
2003-07-09,34.9,23.1,28.8,53,2.41,19.93,0.00
2003-07-10,34.7,23.4,28.8,47,2.84,22.59,0.00
2003-07-11,34.8,21.3,28.2,42,2.34,22.62,0.00
2003-07-12,34.0,22.3,28.1,50,2.31,19.76,0.00
2003-07-13,33.7,24.3,28.6,54,3.10,20.31,0.10
2003-07-14,33.1,23.5,28.1,47,2.90,19.17,0.00
2003-07-15,34.0,22.8,28.1,44,3.07,22.30,0.00
2003-07-16,34.0,22.4,28.2,46,3.08,22.20,0.00
2003-07-17,32.4,24.0,27.9,50,2.82,16.97,0.00
2003-07-18,32.8,22.5,27.6,53,2.91,19.49,0.00
2003-07-19,34.2,21.5,28.1,50,2.63,22.29,0.00
2003-07-20,33.5,23.4,28.4,49,2.86,20.48,0.00
2003-07-21,33.8,23.6,28.4,50,2.80,22.39,0.00
2003-07-22,34.4,22.6,28.5,47,2.68,22.65,0.00
2003-07-23,33.8,23.5,28.5,48,3.01,22.44,0.00
2003-07-24,33.5,22.3,27.8,49,3.40,20.15,0.00
2003-07-25,33.9,23.6,28.7,51,2.88,17.66,0.00
2003-07-26,35.4,25.4,29.8,44,2.86,20.22,0.00
2003-07-27,34.7,24.2,29.1,47,2.61,20.13,0.00
2003-07-28,34.4,23.9,28.9,47,2.62,22.13,0.00
2003-07-29,34.6,23.2,28.9,45,3.09,22.03,0.00
2003-07-30,34.0,23.3,29.0,47,2.65,20.59,0.00
2003-07-31,34.0,23.7,28.5,55,2.46,19.13,0.00
2003-08-01,33.9,23.8,28.5,55,2.72,19.22,0.00
2003-08-02,35.2,23.4,29.1,48,2.95,22.28,0.00
2003-08-03,34.7,22.8,28.8,46,3.00,22.75,0.00
2003-08-04,34.4,23.0,28.5,48,2.84,22.77,0.00
2003-08-05,34.5,23.0,28.7,49,2.64,23.44,0.00
2003-08-06,35.0,23.2,29.1,46,2.82,22.96,0.00
2003-08-07,35.2,22.8,29.0,47,2.79,22.98,0.00
2003-08-08,34.0,23.4,28.7,54,2.36,20.66,0.00
2003-08-09,34.2,23.5,28.7,56,2.31,19.99,0.00
2003-08-10,33.3,23.5,28.5,55,2.10,19.95,0.00
2003-08-11,32.7,23.8,28.3,60,2.01,20.31,0.00
2003-08-12,33.5,24.0,28.6,59,2.54,20.54,0.00
2003-08-13,33.6,24.1,28.9,57,2.31,20.69,0.00
2003-08-14,33.8,24.4,29.0,58,2.22,20.44,0.00
2003-08-15,33.3,24.0,28.7,58,2.20,19.92,0.00
2003-08-16,33.2,24.2,28.7,61,1.82,20.08,0.30
2003-08-17,31.5,23.7,27.4,73,1.14,16.84,1.20
2003-08-18,31.8,24.2,27.0,76,1.61,18.25,5.50
2003-08-19,30.9,22.6,26.0,74,2.28,17.10,4.40
2003-08-20,31.9,22.3,26.6,65,2.51,20.61,0.00
2003-08-21,33.0,22.7,27.6,55,2.78,22.59,0.00
2003-08-22,33.4,23.5,28.3,52,2.56,21.91,0.00
2003-08-23,34.2,22.5,28.6,51,2.68,22.00,0.00
2003-08-24,34.3,23.4,28.7,54,2.77,23.30,0.00
2003-08-25,34.2,23.6,28.6,56,1.59,20.23,0.00
2003-08-26,34.6,23.7,29.1,55,1.75,21.34,0.00
2003-08-27,33.5,24.3,29.0,60,2.38,21.58,0.00
2003-08-28,33.1,24.5,28.7,62,2.37,20.89,0.00
2003-08-29,31.6,23.5,27.0,73,1.12,16.43,4.00
2003-08-30,30.3,23.1,26.3,78,1.38,15.40,1.70
2003-08-31,29.5,23.4,25.8,79,1.74,14.64,7.40
2003-09-01,30.7,21.5,25.9,80,1.03,19.30,0.10
2003-09-02,31.5,22.8,27.0,74,1.50,19.76,0.00
2003-09-03,32.8,23.1,27.6,64,2.15,20.99,0.00
2003-09-04,33.9,23.4,28.1,57,3.11,23.31,0.00
2003-09-05,34.1,23.0,28.4,51,2.95,22.90,0.00
2003-09-06,34.1,23.6,28.7,51,3.13,22.39,0.00
2003-09-07,34.6,23.4,28.8,50,3.04,25.05,0.00
2003-09-08,35.1,24.7,29.5,44,2.94,25.29,0.00
2003-09-09,34.6,23.5,29.1,45,2.99,22.90,0.00
2003-09-10,35.9,23.2,29.7,48,2.49,23.64,0.00
2003-09-11,35.0,23.7,29.5,53,2.21,22.25,0.00
2003-09-12,34.1,24.4,29.1,60,2.29,22.58,0.30
2003-09-13,34.5,24.7,28.8,63,1.90,20.98,1.00
2003-09-14,34.4,24.6,29.2,62,2.09,22.41,0.40
2003-09-15,34.3,24.9,29.4,59,2.58,22.62,0.00
2003-09-16,33.3,24.7,28.6,62,2.49,19.93,0.70
2003-09-17,33.5,23.9,28.6,62,1.75,21.27,0.00
2003-09-18,35.5,24.2,29.6,56,2.42,23.36,0.00
2003-09-19,35.4,25.0,30.0,54,2.49,23.69,0.00
2003-09-20,36.1,24.7,30.0,51,3.27,25.55,0.00
2003-09-21,36.2,24.0,29.9,45,2.79,25.73,0.00
2003-09-22,36.0,24.3,30.0,43,2.43,26.23,0.00
2003-09-23,35.7,24.6,30.1,45,1.88,24.34,0.00
2003-09-24,34.3,24.8,29.7,58,2.10,22.85,0.00
2003-09-25,34.0,24.6,29.4,57,2.13,22.23,0.00
2003-09-26,35.1,24.5,29.6,57,2.62,22.61,0.00
2003-09-27,35.4,25.6,30.1,56,2.41,23.37,0.00
2003-09-28,34.9,25.5,30.2,55,1.75,24.34,0.00
2003-09-29,34.9,25.6,30.1,56,1.82,22.37,0.30
2003-09-30,34.2,24.8,29.5,62,1.44,23.12,0.50
2003-10-01,33.7,26.0,29.4,64,1.11,21.53,0.30
2003-10-02,34.1,25.7,29.6,64,1.80,21.43,0.30
2003-10-03,34.0,25.3,29.3,60,2.36,21.87,0.00
2003-10-04,34.7,25.3,29.7,55,2.37,21.21,0.00
2003-10-05,36.0,24.7,30.1,50,2.32,25.24,0.00
2003-10-06,36.3,25.5,30.5,49,2.69,24.59,0.00
2003-10-07,34.7,25.4,30.1,54,2.36,23.64,0.00
2003-10-08,34.8,25.6,30.0,56,2.35,23.33,0.00
2003-10-09,34.3,25.1,29.5,57,2.88,22.36,0.00
2003-10-10,35.4,24.8,29.9,54,2.32,24.00,0.00
2003-10-11,35.0,25.2,30.0,52,2.15,23.73,0.00
2003-10-12,35.0,25.4,30.3,54,1.66,23.43,0.00
2003-10-13,32.7,25.5,28.5,67,1.87,18.92,1.10
2003-10-14,32.8,24.2,28.2,70,1.21,21.19,1.90
2003-10-15,31.4,24.0,27.4,75,1.32,19.01,1.60
2003-10-16,33.1,24.6,28.5,70,1.45,20.59,0.50
2003-10-17,32.2,25.0,28.3,68,2.24,19.51,0.20
2003-10-18,32.9,24.0,28.1,71,1.76,20.41,0.30
2003-10-19,34.8,23.6,29.2,64,2.32,22.99,0.20
2003-10-20,33.1,24.9,29.1,63,2.20,20.81,0.00
2003-10-21,34.3,25.0,29.7,60,2.32,23.62,0.00
2003-10-22,34.0,25.4,29.7,59,2.09,23.31,0.00
2003-10-23,33.3,25.3,29.4,59,1.89,21.06,0.00
2003-10-24,33.5,24.9,29.0,64,1.97,21.81,0.10
2003-10-25,33.8,25.1,29.7,59,1.56,22.31,0.00
2003-10-26,30.9,26.3,28.4,68,1.55,17.49,7.00
2003-10-27,31.7,24.2,27.6,75,1.75,20.84,1.30
2003-10-28,31.0,24.1,27.1,76,1.52,15.77,0.70
2003-10-29,32.3,24.7,28.5,67,1.63,22.00,0.20
2003-10-30,33.2,23.7,28.6,66,1.62,23.25,0.00
2003-10-31,32.1,24.5,28.0,72,1.25,19.36,1.20
2003-11-01,30.9,23.4,26.6,80,1.71,17.69,6.90
2003-11-02,30.5,23.4,26.5,81,0.92,19.95,11.10
2003-11-03,29.0,23.0,25.8,85,1.10,14.22,8.60
2003-11-04,28.4,22.8,25.0,88,1.20,12.14,17.10
2003-11-05,29.6,23.5,25.9,84,1.22,16.69,3.30
2003-11-06,29.1,23.0,26.0,83,0.90,18.46,6.10
2003-11-07,31.4,22.9,27.1,80,1.47,23.22,0.20
2003-11-08,29.0,24.1,26.1,81,1.96,16.17,13.40
2003-11-09,30.9,23.9,26.9,79,1.72,22.08,1.80
2003-11-10,30.9,23.5,27.0,81,0.76,20.65,0.70
2003-11-11,31.6,24.3,27.3,80,1.08,22.91,2.60
2003-11-12,31.8,24.4,27.7,76,2.07,23.10,0.80
2003-11-13,32.4,23.9,27.3,78,1.82,22.79,2.00
2003-11-14,31.1,23.5,27.1,78,1.82,21.68,0.10
2003-11-15,31.7,23.7,27.8,77,1.12,22.37,0.00
2003-11-16,31.3,24.2,27.8,77,1.37,20.72,0.00
2003-11-17,31.2,24.2,27.3,77,1.65,19.38,0.80
2003-11-18,30.6,24.5,27.2,83,1.16,18.67,5.60
2003-11-19,29.2,23.5,26.3,86,1.45,16.38,9.90
2003-11-20,30.0,23.7,26.5,85,1.26,18.89,4.00
2003-11-21,31.2,23.5,27.0,83,1.26,21.78,0.80
2003-11-22,31.4,23.8,27.6,76,1.74,23.90,0.20
2003-11-23,31.2,23.8,27.5,77,1.40,22.99,0.20
2003-11-24,31.1,23.9,27.1,78,1.61,20.46,0.90
2003-11-25,30.8,23.6,26.6,81,1.23,19.18,2.60
2003-11-26,31.5,24.0,27.3,80,1.30,21.64,0.60
2003-11-27,31.6,24.3,27.8,76,1.76,22.68,1.00
2003-11-28,31.4,23.5,27.7,77,1.20,23.34,0.90
2003-11-29,31.0,24.2,27.4,78,1.28,19.68,0.60
2003-11-30,30.7,23.8,26.4,82,1.16,17.68,13.10
2003-12-01,30.1,23.6,26.3,83,1.01,18.95,2.90
2003-12-02,31.0,23.7,27.0,81,0.94,18.39,0.00
2003-12-03,30.4,24.1,26.9,83,1.00,20.20,1.50
2003-12-04,30.9,23.7,27.1,83,0.94,19.41,0.60
2003-12-05,31.2,24.6,27.8,79,1.18,20.98,1.10
2003-12-06,31.1,24.6,27.3,79,1.32,20.75,2.00
2003-12-07,29.9,23.1,26.5,81,1.00,16.30,0.50
2003-12-08,32.3,23.5,27.8,74,1.64,23.49,0.20
2003-12-09,32.6,24.6,28.0,73,1.69,23.13,0.30
2003-12-10,31.4,24.0,27.5,78,1.72,20.01,0.70
2003-12-11,32.0,24.0,27.7,74,1.68,23.01,0.40
2003-12-12,30.3,24.2,26.8,79,1.48,17.08,1.00
2003-12-13,29.0,22.5,25.3,83,1.74,12.99,7.50
2003-12-14,30.7,22.9,26.2,82,1.37,21.56,3.20
2003-12-15,29.9,22.6,25.4,85,1.23,16.43,5.30
2003-12-16,29.9,23.3,26.1,81,1.48,20.25,5.90
2003-12-17,30.9,22.4,26.4,79,1.64,21.97,0.10
2003-12-18,31.0,23.4,26.8,78,1.76,22.00,1.00
2003-12-19,30.6,23.3,26.4,80,1.83,21.33,7.90
2003-12-20,30.5,23.1,25.9,84,1.92,20.95,12.80
2003-12-21,30.7,22.4,26.1,82,1.85,20.99,2.50
2003-12-22,30.8,23.6,26.8,80,1.63,21.22,0.30
2003-12-23,31.0,23.5,26.8,80,1.26,21.70,0.70
2003-12-24,30.6,23.8,27.1,79,0.97,21.22,0.10
2003-12-25,31.7,24.1,27.6,79,1.37,20.82,0.30
2003-12-26,30.7,23.6,26.4,83,1.24,20.22,11.30
2003-12-27,28.6,22.6,25.0,87,1.48,13.59,7.80
2003-12-28,26.7,22.8,24.7,87,0.95,9.39,3.90
2003-12-29,29.3,23.4,25.3,86,1.83,14.69,9.30
2003-12-30,30.0,22.3,26.0,82,2.05,19.30,0.40
2003-12-31,32.1,23.3,27.6,78,1.78,23.41,0.20
2004-01-01,30.3,24.2,26.7,82,2.07,17.81,7.80
2004-01-02,28.9,23.6,25.7,88,0.98,14.51,22.90
2004-01-03,28.7,23.6,25.8,88,1.07,11.56,3.60
2004-01-04,30.5,23.1,26.4,85,1.33,20.50,1.30
2004-01-05,31.1,23.5,26.7,83,1.42,18.28,4.40
2004-01-06,30.7,23.7,26.9,85,1.34,19.30,3.20
2004-01-07,31.1,23.9,26.8,84,1.06,19.63,8.90
2004-01-08,30.4,24.0,26.1,88,1.63,19.48,11.00
2004-01-09,28.1,22.9,25.4,87,1.30,12.71,9.70
2004-01-10,29.0,23.3,25.4,89,0.90,13.82,11.60
2004-01-11,27.5,23.3,25.1,89,1.08,9.91,6.50
2004-01-12,29.4,23.6,26.3,85,1.07,17.76,5.00
2004-01-13,29.6,24.0,26.0,86,1.28,14.37,1.90
2004-01-14,25.0,23.4,24.0,95,0.92,4.62,37.80
2004-01-15,30.1,22.9,25.8,87,1.60,18.71,9.20
2004-01-16,30.6,23.9,26.4,85,1.42,18.69,11.50
2004-01-17,25.6,23.4,24.3,93,1.92,5.39,14.80
2004-01-18,29.5,23.0,25.6,85,2.04,15.72,5.90
2004-01-19,29.6,22.9,25.8,84,1.78,18.33,5.40
2004-01-20,29.0,23.2,25.6,87,1.41,13.97,2.50
2004-01-21,28.2,23.2,25.4,88,1.32,14.97,13.40
2004-01-22,29.3,23.2,25.5,87,1.35,15.93,6.00
2004-01-23,26.8,22.8,24.4,91,1.59,7.99,7.60
2004-01-24,28.7,22.9,24.7,89,1.68,13.60,14.40
2004-01-25,29.0,22.7,25.3,85,1.63,16.21,3.90
2004-01-26,29.0,22.9,25.4,86,1.60,15.69,8.20
2004-01-27,28.2,22.9,24.9,89,1.21,11.77,15.10
2004-01-28,25.2,22.8,23.7,93,0.99,6.38,24.70
2004-01-29,26.8,22.5,24.2,91,0.87,10.37,5.40
2004-01-30,26.7,22.4,24.5,89,0.70,11.72,1.80
2004-01-31,28.8,22.3,25.0,87,1.22,16.81,3.80
2004-02-01,28.6,22.4,25.1,87,1.27,15.88,19.80
2004-02-02,25.9,22.9,24.2,91,1.34,8.06,9.10
2004-02-03,27.7,23.0,24.9,88,0.97,13.33,10.90
2004-02-04,28.4,23.0,24.5,92,1.26,10.38,20.30
2004-02-05,26.5,22.7,24.2,92,1.47,11.03,10.70
2004-02-06,27.5,22.7,24.5,91,1.05,11.68,28.10
2004-02-07,27.6,22.9,24.7,89,1.42,12.81,13.20
2004-02-08,27.2,22.6,24.5,90,1.16,12.62,18.10
2004-02-09,26.9,22.7,24.0,91,1.51,10.28,22.10
2004-02-10,27.6,22.5,24.8,88,1.37,12.59,6.00
2004-02-11,29.5,22.8,25.1,87,1.10,15.26,4.10
2004-02-12,29.8,22.9,25.7,85,1.22,16.48,1.70
2004-02-13,30.8,22.8,26.1,84,1.53,20.99,9.30
2004-02-14,29.0,22.9,24.9,89,2.00,16.02,12.30
2004-02-15,27.9,22.9,24.7,90,1.42,13.22,10.40
2004-02-16,28.1,22.8,24.7,90,0.88,12.09,16.70
2004-02-17,29.0,23.3,25.1,89,1.20,15.59,11.70
2004-02-18,28.8,22.8,25.3,87,1.71,16.15,11.60
2004-02-19,29.9,22.6,25.2,89,1.03,16.26,7.50
2004-02-20,28.3,22.9,25.1,87,1.18,12.90,2.30
2004-02-21,28.2,22.4,25.1,87,1.06,12.57,3.80
2004-02-22,28.0,22.8,24.7,89,1.20,12.81,15.90
2004-02-23,27.9,22.4,24.1,92,1.35,11.78,15.90
2004-02-24,28.2,21.7,24.7,87,0.95,16.11,6.00
2004-02-25,30.8,22.2,25.3,89,1.63,14.84,5.90
2004-02-26,25.8,22.7,23.9,95,0.92,7.40,25.40
2004-02-27,29.5,22.1,24.9,90,1.36,15.36,10.40
2004-02-28,28.6,22.9,25.5,87,1.05,15.53,1.40
2004-02-29,29.6,22.9,25.6,87,1.09,17.10,16.80
2004-03-01,28.2,23.0,25.1,89,1.06,13.19,10.10
2004-03-02,29.4,22.6,25.9,84,1.19,15.50,0.70
2004-03-03,29.8,22.7,26.1,84,1.31,18.74,3.50
2004-03-04,29.8,23.3,25.9,86,1.08,17.05,4.30
2004-03-05,29.7,23.7,26.0,83,1.28,17.05,4.60
2004-03-06,28.3,22.9,25.1,87,1.55,14.77,15.10
2004-03-07,28.3,22.9,24.8,89,1.33,15.20,5.10
2004-03-08,29.9,22.4,25.3,87,1.25,19.13,7.10
2004-03-09,29.7,22.9,26.0,82,2.76,19.93,0.40
2004-03-10,28.5,23.6,25.5,86,1.49,12.14,0.70
2004-03-11,29.9,23.5,25.9,85,1.60,18.04,2.40
2004-03-12,29.6,23.0,25.8,86,1.32,17.78,2.70
2004-03-13,30.4,23.8,26.2,82,1.66,19.20,1.80
2004-03-14,29.5,23.0,25.7,85,1.27,17.85,10.40
2004-03-15,30.1,22.0,26.0,84,1.55,21.41,1.90
2004-03-16,29.4,23.1,25.9,84,1.59,15.91,1.00
2004-03-17,29.3,23.3,25.3,87,1.31,13.29,12.50
2004-03-18,25.9,22.6,24.2,93,1.02,9.49,9.80
2004-03-19,30.3,22.6,25.8,83,1.30,19.59,3.90
2004-03-20,29.1,23.1,25.8,86,1.10,14.45,3.00
2004-03-21,30.9,23.7,26.8,84,1.65,20.00,0.90
2004-03-22,30.4,24.1,26.7,82,1.60,19.66,2.70
2004-03-23,28.2,23.5,25.4,89,1.17,13.49,19.80
2004-03-24,27.4,22.9,24.3,93,1.22,9.09,27.50
2004-03-25,28.8,23.3,25.5,88,1.39,15.53,11.60
2004-03-26,28.1,23.0,25.1,89,1.25,12.41,11.50
2004-03-27,29.9,23.0,26.0,83,2.17,19.04,1.60
2004-03-28,29.6,22.9,25.7,87,1.02,18.27,10.70
2004-03-29,29.5,23.1,25.9,85,1.14,18.62,3.20
2004-03-30,32.2,22.6,27.1,77,1.91,24.19,0.00
2004-03-31,30.5,23.4,27.0,81,1.80,21.94,0.40
2004-04-01,30.8,23.9,26.6,85,1.80,20.82,4.70
2004-04-02,29.8,22.8,26.0,85,1.58,18.64,0.40
2004-04-03,29.4,23.1,25.8,86,1.85,16.14,2.10
2004-04-04,30.8,23.5,26.7,83,1.86,20.74,0.40
2004-04-05,29.8,24.3,26.2,86,2.01,17.58,3.10
2004-04-06,29.4,23.3,25.9,87,1.56,16.86,10.30
2004-04-07,28.1,23.3,25.3,91,1.36,12.61,8.20
2004-04-08,29.2,23.2,25.6,88,1.55,11.93,2.50
2004-04-09,29.8,23.4,26.0,85,1.76,16.72,0.30
2004-04-10,30.6,23.8,26.4,86,1.50,18.36,10.00
2004-04-11,29.5,23.3,25.8,87,0.88,14.55,17.10
2004-04-12,29.7,23.1,26.1,85,1.09,16.80,6.80
2004-04-13,29.2,23.3,25.7,87,1.55,15.06,8.30
2004-04-14,27.8,22.9,25.1,88,1.27,11.35,6.10
2004-04-15,30.0,23.7,26.3,85,1.57,19.07,0.80
2004-04-16,29.9,23.1,26.1,86,1.57,20.28,0.80
2004-04-17,29.9,23.2,26.1,84,1.73,18.63,3.00
2004-04-18,30.7,23.1,26.4,83,1.83,19.13,0.30
2004-04-19,30.1,23.8,26.5,83,1.68,19.16,2.90
2004-04-20,31.0,23.8,26.9,79,1.77,20.86,0.00
2004-04-21,29.9,23.9,26.5,82,2.36,17.62,1.20
2004-04-22,31.1,23.2,27.0,77,2.08,20.74,0.00
2004-04-23,30.1,24.6,26.6,82,1.40,17.39,0.20
2004-04-24,30.3,23.6,26.5,81,1.52,19.27,0.00
2004-04-25,29.0,23.4,25.9,84,1.85,16.25,0.50
2004-04-26,27.9,23.3,25.2,87,1.35,12.51,9.40
2004-04-27,28.5,23.4,25.1,87,1.42,15.07,7.60
2004-04-28,29.2,22.5,25.6,84,2.01,16.25,0.20
2004-04-29,29.1,23.2,25.8,85,1.79,16.68,1.30
2004-04-30,29.8,22.8,25.9,85,1.49,18.70,1.40
2004-05-01,31.2,23.1,26.9,77,2.61,21.86,0.00
2004-05-02,30.7,23.9,26.9,76,2.36,20.47,0.30
2004-05-03,32.2,22.0,27.0,73,2.43,24.43,0.00
2004-05-04,31.7,22.5,26.9,70,2.10,20.60,0.00
2004-05-05,29.6,24.0,26.0,73,1.66,10.78,0.00
2004-05-06,32.3,24.3,27.6,73,2.09,19.72,0.00
2004-05-07,31.5,23.4,27.2,79,1.71,19.66,1.60
2004-05-08,30.8,24.5,26.7,83,1.42,17.79,3.90
2004-05-09,30.5,23.2,26.5,84,1.49,17.04,0.20
2004-05-10,29.8,23.6,26.0,88,1.34,17.21,5.70
2004-05-11,30.7,23.8,27.0,82,1.50,19.59,0.10
2004-05-12,30.4,24.3,26.7,82,1.99,17.93,3.70
2004-05-13,31.1,23.6,26.7,81,2.03,20.30,1.80
2004-05-14,31.1,24.2,27.3,79,1.05,19.47,0.20
2004-05-15,31.8,23.7,27.6,75,1.73,20.10,0.20
2004-05-16,31.9,24.3,27.8,77,1.92,20.74,0.40
2004-05-17,31.7,24.0,27.5,77,1.57,18.98,0.00
2004-05-18,31.4,24.2,27.2,74,2.04,19.58,0.10
2004-05-19,30.5,23.6,26.6,79,2.70,17.89,0.70
2004-05-20,32.2,23.9,27.6,71,2.63,19.97,0.00
2004-05-21,30.9,24.0,27.0,76,2.41,16.94,0.00
2004-05-22,32.3,23.7,27.3,70,2.02,20.86,0.00
2004-05-23,32.2,22.8,27.3,63,2.79,21.09,0.00
2004-05-24,31.7,22.5,27.0,69,2.38,19.11,0.00
2004-05-25,31.4,23.6,27.0,73,2.43,19.61,0.50
2004-05-26,32.1,23.3,27.4,74,1.93,19.65,0.00
2004-05-27,32.7,24.3,28.0,72,1.85,20.06,0.30
2004-05-28,32.9,24.3,28.2,72,2.77,20.12,0.00
2004-05-29,31.2,24.1,27.3,75,2.64,17.47,0.20
2004-05-30,32.5,23.8,27.7,67,2.76,19.21,0.10
2004-05-31,32.0,22.6,27.2,67,2.36,19.59,0.00
2004-06-01,31.4,23.2,27.2,70,2.20,19.22,0.00
2004-06-02,32.3,23.5,27.6,68,2.62,19.16,0.00
2004-06-03,32.5,24.2,28.0,66,2.31,19.24,0.00
2004-06-04,33.1,23.6,28.3,63,1.88,19.32,0.00
2004-06-05,31.7,24.6,27.4,71,1.36,17.66,0.70
2004-06-06,31.7,23.7,27.2,72,1.93,16.87,1.20
2004-06-07,32.0,23.2,27.5,69,2.78,18.32,0.00
2004-06-08,33.4,23.1,27.9,59,3.05,21.91,0.00
2004-06-09,33.2,22.6,27.6,54,2.96,22.09,0.00
2004-06-10,32.8,22.2,27.2,55,2.82,17.17,0.00
2004-06-11,33.5,21.5,27.4,58,2.90,19.90,0.00
2004-06-12,33.6,23.7,28.0,55,2.37,19.07,0.00
2004-06-13,33.4,21.9,27.5,54,2.27,20.06,0.00
2004-06-14,33.7,22.4,27.8,54,2.53,19.23,0.00
2004-06-15,33.7,24.3,28.3,58,2.96,20.06,0.00
2004-06-16,33.3,24.1,28.3,59,3.02,19.64,0.00
2004-06-17,33.3,23.6,28.3,60,2.74,17.41,0.00
2004-06-18,33.1,24.5,28.5,57,2.85,15.74,0.00
2004-06-19,30.8,25.0,27.2,66,2.97,14.89,2.50
2004-06-20,31.9,23.5,27.4,56,2.88,18.82,0.00
2004-06-21,33.0,22.9,27.7,54,3.28,20.77,0.00
2004-06-22,31.9,23.7,27.7,55,3.27,16.78,0.00
2004-06-23,32.5,24.3,28.1,57,2.32,18.00,0.00
2004-06-24,33.7,23.5,28.3,53,2.71,21.14,0.00
2004-06-25,33.6,23.7,28.5,50,2.90,21.29,0.00
2004-06-26,33.4,23.7,28.1,55,2.48,17.23,0.00
2004-06-27,32.4,23.9,28.0,59,2.80,18.06,0.00
2004-06-28,33.4,24.4,28.5,57,2.70,19.43,0.00
2004-06-29,33.1,24.6,28.1,58,3.04,17.18,0.00
2004-06-30,33.3,23.8,28.4,53,2.86,18.75,0.00
2004-07-01,32.9,24.3,28.4,55,3.18,19.49,0.00
2004-07-02,32.5,23.6,27.9,60,2.58,18.49,0.00
2004-07-03,32.1,22.7,27.5,63,2.30,18.44,0.20
2004-07-04,31.9,22.9,27.5,64,2.70,19.16,0.10
2004-07-05,32.0,24.6,27.3,60,2.21,11.22,0.00
2004-07-06,33.4,22.5,28.1,56,2.14,19.21,0.00
2004-07-07,32.9,23.2,27.9,60,2.22,19.44,0.10
2004-07-08,32.1,23.7,27.5,66,2.17,17.35,0.20
2004-07-09,31.4,23.8,26.8,71,2.23,15.31,0.10
2004-07-10,32.6,22.9,27.4,69,2.12,18.85,0.00
2004-07-11,31.8,23.9,27.7,68,1.63,17.91,0.70
2004-07-12,31.4,23.4,27.0,70,2.34,16.16,0.40
2004-07-13,33.1,23.0,27.3,60,2.78,21.24,0.00
2004-07-14,33.2,21.4,27.1,53,3.36,19.81,0.00
2004-07-15,32.9,23.6,27.8,55,3.12,17.19,0.00
2004-07-16,33.2,23.5,27.9,54,2.74,18.39,0.00
2004-07-17,32.5,23.7,27.5,61,2.79,18.26,0.00
2004-07-18,31.4,23.7,26.6,72,1.63,16.36,1.70
2004-07-19,30.8,22.4,26.5,74,1.33,17.87,0.10
2004-07-20,32.1,22.8,27.3,66,1.76,18.26,0.10
2004-07-21,33.2,22.4,27.7,60,1.77,19.87,0.00
2004-07-22,32.6,23.3,27.3,65,1.83,18.74,0.20
2004-07-23,32.5,23.5,27.7,59,2.42,19.47,0.00
2004-07-24,33.3,22.1,27.6,48,2.65,22.07,0.00
2004-07-25,33.2,22.5,27.6,45,3.27,22.94,0.00
2004-07-26,33.1,23.7,28.2,47,3.27,19.24,0.00
2004-07-27,33.7,24.1,28.6,45,3.27,22.07,0.00
2004-07-28,32.8,22.4,27.8,44,3.15,22.50,0.00
2004-07-29,33.4,23.2,28.2,44,3.28,22.90,0.00
2004-07-30,32.4,22.6,27.8,49,3.15,18.55,0.00
2004-07-31,33.4,23.2,28.2,49,3.07,20.69,0.00
2004-08-01,34.1,22.7,28.4,48,2.28,20.21,0.00
2004-08-02,32.0,22.4,27.5,57,2.31,18.32,0.00
2004-08-03,33.7,22.9,27.9,59,2.89,20.08,0.00
2004-08-04,34.1,22.1,27.8,50,3.05,23.19,0.00
2004-08-05,33.7,21.1,27.4,47,2.69,23.82,0.00
2004-08-06,34.3,21.7,28.0,49,2.68,22.37,0.00
2004-08-07,32.5,23.8,28.0,56,2.50,18.30,0.00
2004-08-08,34.3,23.7,28.6,56,2.50,21.02,0.00
2004-08-09,33.5,23.7,28.4,57,1.93,19.41,0.10
2004-08-10,33.5,24.1,28.5,58,2.36,19.72,0.00
2004-08-11,33.8,23.6,28.5,56,2.77,21.43,0.00
2004-08-12,34.5,23.7,28.9,47,2.51,23.68,0.00
2004-08-13,34.2,23.2,28.6,48,2.26,22.68,0.00
2004-08-14,33.8,23.8,28.2,47,3.01,22.00,0.00
2004-08-15,33.5,23.0,27.9,46,2.90,21.14,0.00
2004-08-16,34.3,23.5,28.9,48,2.79,19.78,0.00
2004-08-17,34.9,23.7,29.3,46,3.06,23.23,0.00
2004-08-18,35.1,24.1,29.4,46,2.72,23.23,0.00
2004-08-19,35.3,23.3,29.0,49,2.31,22.68,0.00
2004-08-20,34.4,23.7,28.8,53,2.71,22.44,0.00
2004-08-21,34.1,23.7,28.8,53,2.38,20.84,0.00
2004-08-22,34.2,23.0,28.4,56,2.28,22.36,0.00
2004-08-23,32.9,23.8,28.3,61,2.13,20.66,0.10
2004-08-24,34.8,24.0,29.1,58,2.46,22.57,0.00
2004-08-25,33.3,24.3,28.9,58,2.40,21.95,0.00
2004-08-26,33.9,25.3,29.3,57,1.61,21.29,0.00
2004-08-27,33.7,24.8,29.0,60,1.55,20.49,0.00
2004-08-28,33.2,24.7,29.0,62,1.44,20.53,0.10
2004-08-29,34.3,24.8,29.4,58,1.76,21.65,0.10
2004-08-30,33.9,24.7,29.2,61,2.23,21.62,0.20
2004-08-31,34.2,24.8,28.5,66,1.93,20.40,0.30
2004-09-01,32.9,24.3,28.1,66,1.72,18.37,0.00
2004-09-02,34.3,22.7,28.4,53,3.01,24.96,0.00
2004-09-03,34.7,23.7,28.8,46,3.04,21.13,0.00
2004-09-04,35.8,23.5,29.6,43,2.52,25.43,0.00
2004-09-05,35.6,23.5,29.3,46,2.53,23.99,0.00
2004-09-06,34.3,23.1,28.7,50,2.08,22.88,0.00
2004-09-07,33.9,24.0,29.0,51,2.57,21.37,0.00
2004-09-08,35.2,24.1,29.4,51,2.20,23.12,0.00
2004-09-09,34.8,24.1,29.2,50,2.28,23.90,0.00
2004-09-10,34.2,24.1,28.9,55,2.51,22.26,0.00
2004-09-11,34.0,24.2,28.9,56,1.90,21.91,0.00
2004-09-12,33.9,24.8,28.9,60,1.88,22.78,0.00
2004-09-13,32.4,24.0,28.2,66,1.73,19.68,0.40
2004-09-14,33.7,23.5,28.3,62,2.44,21.39,0.30
2004-09-15,35.5,23.7,29.1,52,2.42,24.44,0.00
2004-09-16,34.0,23.6,28.5,56,1.64,19.81,0.00
2004-09-17,33.8,23.6,28.7,58,2.09,22.64,0.00
2004-09-18,34.0,23.4,28.6,59,2.53,22.41,0.00
2004-09-19,34.1,23.8,28.8,60,2.15,23.40,0.00
2004-09-20,34.9,24.4,29.4,56,1.93,23.77,0.00
2004-09-21,34.7,24.7,29.5,56,2.39,22.51,0.00
2004-09-22,34.9,24.8,29.5,56,2.68,23.44,0.00
2004-09-23,35.6,24.8,29.6,59,2.55,23.81,0.00
2004-09-24,35.0,24.9,29.6,59,1.99,24.07,0.00
2004-09-25,34.8,24.8,29.5,57,2.46,22.67,0.00
2004-09-26,34.1,24.6,29.0,59,2.57,22.54,0.00
2004-09-27,34.7,24.3,29.3,56,1.98,22.82,0.10
2004-09-28,33.4,24.5,29.0,60,2.43,22.15,0.00
2004-09-29,33.2,24.6,28.4,66,2.10,21.99,0.30
2004-09-30,34.5,24.8,29.1,64,1.93,23.53,0.50
2004-10-01,33.4,25.3,29.1,62,2.36,21.37,0.00
2004-10-02,33.9,24.6,29.2,60,2.03,22.63,0.00
2004-10-03,34.1,24.8,29.3,60,1.65,23.26,0.00
2004-10-04,33.3,25.6,29.0,65,1.82,21.46,0.00
2004-10-05,32.7,25.1,28.8,68,1.70,20.82,0.20
2004-10-06,33.0,24.8,28.4,69,1.99,20.03,6.00
2004-10-07,30.9,24.1,27.2,77,1.23,17.22,2.30
2004-10-08,32.4,25.1,28.5,70,1.32,22.36,0.00
2004-10-09,32.5,24.6,28.4,65,2.07,22.79,0.10
2004-10-10,34.1,24.3,29.1,61,1.98,24.78,0.00
2004-10-11,35.2,24.8,29.9,52,2.60,24.22,0.00
2004-10-12,35.8,25.3,30.2,50,2.25,24.39,0.00
2004-10-13,34.7,25.3,29.7,53,1.49,23.76,0.00
2004-10-14,34.8,24.7,29.8,54,1.99,24.06,0.00
2004-10-15,35.5,25.4,30.1,52,2.37,23.97,0.00
2004-10-16,34.1,25.6,29.7,57,2.48,23.10,0.00
2004-10-17,33.9,25.0,29.3,61,2.17,23.10,0.00
2004-10-18,32.9,25.0,29.0,65,2.00,21.78,0.00
2004-10-19,34.2,25.3,29.5,61,1.64,23.97,0.70
2004-10-20,33.6,25.6,29.0,65,1.68,21.10,2.10
2004-10-21,32.8,25.2,28.1,70,1.98,21.41,0.50
2004-10-22,32.7,23.7,28.2,71,1.52,23.23,0.70
2004-10-23,32.7,24.0,28.3,66,1.67,22.00,0.10
2004-10-24,32.0,24.0,28.1,67,1.83,20.72,0.30
2004-10-25,32.8,24.2,28.4,67,2.28,22.38,0.20
2004-10-26,28.5,23.7,25.6,84,1.57,11.53,41.80
2004-10-27,30.5,22.8,26.0,81,1.55,21.09,20.40
2004-10-28,31.0,23.8,26.6,84,1.47,22.12,10.60
2004-10-29,31.6,23.6,27.1,83,1.34,21.99,1.70
2004-10-30,29.9,23.4,25.7,85,1.36,17.36,10.10
2004-10-31,30.4,22.8,26.4,83,1.15,21.50,0.30
2004-11-01,30.7,24.1,27.1,77,1.57,21.09,0.00
2004-11-02,31.1,23.8,27.3,78,1.75,21.64,0.00
2004-11-03,30.7,24.0,27.2,77,2.09,19.47,0.20
2004-11-04,31.8,23.8,27.7,72,2.30,22.31,0.10
2004-11-05,32.0,24.1,27.9,71,2.04,23.77,0.00
2004-11-06,32.8,23.4,27.9,69,1.98,24.85,0.00
2004-11-07,31.6,24.1,27.9,71,1.79,23.77,0.00
2004-11-08,30.7,24.0,27.1,77,1.32,18.72,1.70
2004-11-09,30.1,23.6,26.2,83,1.67,17.36,9.70
2004-11-10,31.1,22.8,27.1,79,1.49,23.41,0.10
2004-11-11,30.9,23.2,27.1,73,2.12,21.93,0.00
2004-11-12,31.4,23.9,27.6,72,1.85,23.48,0.00
2004-11-13,32.1,24.4,28.2,72,1.62,22.28,0.00
2004-11-14,31.9,24.5,28.1,73,1.21,22.35,0.10
2004-11-15,29.7,24.2,26.4,82,1.36,14.64,4.20
2004-11-16,30.9,23.0,26.8,81,1.56,21.51,0.50
2004-11-17,32.4,23.7,27.9,72,1.91,24.49,0.00
2004-11-18,33.3,24.1,28.7,65,2.15,24.94,0.00
2004-11-19,32.7,25.4,28.8,67,1.90,23.21,0.30
2004-11-20,31.9,24.9,28.0,75,1.55,20.86,1.70
2004-11-21,31.0,24.4,27.2,79,0.96,17.04,2.00
2004-11-22,32.3,23.7,27.9,74,1.34,23.79,0.70
2004-11-23,31.2,23.0,26.9,79,1.90,18.93,2.10
2004-11-24,32.5,23.8,27.8,72,1.82,21.75,0.90
2004-11-25,32.0,24.0,27.7,74,1.48,19.56,4.00
2004-11-26,26.0,23.4,24.2,92,1.73,7.18,54.10
2004-11-27,28.5,23.1,25.4,84,1.36,13.22,18.50
2004-11-28,30.3,23.6,26.4,82,1.60,18.93,7.50
2004-11-29,31.7,23.2,27.1,82,1.49,22.65,1.80
2004-11-30,31.2,23.1,27.4,78,1.61,22.78,0.00
2004-12-01,31.2,24.5,27.6,79,1.32,22.09,0.30
2004-12-02,30.3,23.8,26.5,86,1.47,18.13,16.10
2004-12-03,29.9,23.2,25.9,87,1.33,17.61,7.30
2004-12-04,30.9,23.2,26.9,81,1.72,21.50,0.10
2004-12-05,31.0,23.5,27.3,82,1.25,23.47,0.90
2004-12-06,31.2,24.4,27.5,77,1.59,23.35,0.50
2004-12-07,30.8,24.5,27.1,79,1.65,21.56,0.70
2004-12-08,31.9,23.9,27.4,77,1.53,23.72,1.40
2004-12-09,31.4,23.8,27.3,77,1.48,22.41,0.10
2004-12-10,31.3,24.4,27.6,78,1.06,19.35,0.90
2004-12-11,30.8,24.7,26.8,79,0.90,17.60,2.30
2004-12-12,32.0,23.4,27.6,74,1.42,21.86,0.20
2004-12-13,32.4,24.0,28.1,73,1.35,23.49,0.00
2004-12-14,30.5,24.4,26.8,80,1.09,16.44,2.20
2004-12-15,30.9,23.0,26.6,83,1.31,19.05,0.20
2004-12-16,31.0,24.2,27.0,82,1.05,19.56,4.00
2004-12-17,30.3,24.0,26.9,82,1.14,19.37,6.10
2004-12-18,25.6,23.1,24.2,91,1.13,6.76,26.40
2004-12-19,30.6,22.7,26.3,83,1.09,22.21,3.30
2004-12-20,29.5,23.6,26.6,83,1.26,19.48,8.00
2004-12-21,30.2,24.1,26.9,83,1.17,20.33,5.10
2004-12-22,28.9,23.1,25.4,88,1.11,15.72,14.40
2004-12-23,28.3,23.4,25.6,86,1.02,12.71,1.10
2004-12-24,30.4,23.2,26.3,82,1.68,22.15,1.30
2004-12-25,29.1,22.2,25.3,87,0.98,15.92,0.80
2004-12-26,31.2,22.8,26.9,83,1.05,21.39,0.40
2004-12-27,28.4,23.9,25.9,86,1.61,15.35,4.20
2004-12-28,26.6,22.9,24.5,88,2.59,9.42,13.20
2004-12-29,29.8,23.2,26.1,81,1.47,19.00,0.10
2004-12-30,30.8,23.5,27.0,80,1.61,20.97,0.50
2004-12-31,29.7,24.0,26.4,82,1.82,17.32,0.90
2005-01-01,30.4,22.7,26.0,86,1.01,15.07,6.00
2005-01-02,30.4,23.7,26.3,82,1.24,19.00,3.20
2005-01-03,30.8,22.6,26.1,84,1.23,21.98,5.40
2005-01-04,31.0,23.3,27.1,83,1.50,22.06,0.10
2005-01-05,31.0,24.3,27.5,79,1.74,21.37,0.30
2005-01-06,32.1,24.2,27.9,75,1.83,24.76,0.10
2005-01-07,32.8,23.4,28.3,73,1.81,24.94,0.20
2005-01-08,32.4,25.2,28.5,72,2.08,25.08,0.00
2005-01-09,31.7,24.3,27.8,75,2.11,23.90,0.60
2005-01-10,30.4,24.8,27.0,82,1.23,17.24,3.00
2005-01-11,31.7,24.2,27.6,77,1.10,20.68,0.30
2005-01-12,30.5,24.7,27.3,82,1.07,16.29,1.70
2005-01-13,30.2,23.6,26.8,83,1.17,18.56,6.40
2005-01-14,29.7,24.8,26.8,83,1.32,15.86,7.70
2005-01-15,27.2,23.3,24.9,90,1.39,10.43,18.30
2005-01-16,29.6,23.3,25.8,86,1.60,18.02,6.30
2005-01-17,30.5,23.3,26.2,83,1.61,19.19,10.40
2005-01-18,27.1,23.9,25.3,89,1.40,9.88,12.80
2005-01-19,28.4,22.4,25.2,83,1.45,14.86,9.60
2005-01-20,30.7,23.7,26.2,80,1.72,20.68,0.60
2005-01-21,31.1,23.0,26.5,82,1.56,22.28,3.10
2005-01-22,29.9,23.5,25.9,86,1.36,16.16,5.80
2005-01-23,28.6,22.8,25.3,87,1.04,14.39,2.90
2005-01-24,30.1,23.2,25.8,87,1.34,18.23,8.00
2005-01-25,28.5,23.6,25.6,88,1.10,14.53,11.20
2005-01-26,29.3,22.8,25.5,86,1.74,15.98,4.00
2005-01-27,29.3,23.5,25.8,86,1.08,16.02,13.30
2005-01-28,30.8,23.2,26.7,85,1.36,21.12,0.60
2005-01-29,29.4,23.7,25.8,86,1.30,16.51,8.20
2005-01-30,28.8,23.0,25.5,86,1.55,15.67,7.20
2005-01-31,29.4,22.2,25.5,87,1.20,18.60,8.80
2005-02-01,30.7,23.0,26.6,83,0.96,20.74,0.40
2005-02-02,30.5,23.8,26.8,83,1.63,19.32,3.10
2005-02-03,27.9,23.5,25.1,90,1.33,11.33,10.30
2005-02-04,29.8,23.1,25.7,88,1.22,17.64,22.90
2005-02-05,29.3,23.2,25.4,88,1.40,16.33,26.40
2005-02-06,30.4,22.6,26.3,85,1.58,20.89,2.70
2005-02-07,30.8,23.7,26.7,85,1.73,22.32,2.00
2005-02-08,31.8,23.8,26.6,83,2.19,21.56,0.40
2005-02-09,30.9,23.5,26.3,82,1.77,21.77,4.00
2005-02-10,30.0,23.5,26.0,84,1.14,15.82,7.10
2005-02-11,29.4,23.1,25.8,87,1.02,16.73,7.50
2005-02-12,29.8,23.7,26.2,85,1.25,14.73,5.10
2005-02-13,27.0,23.6,24.9,90,0.90,9.04,12.20
2005-02-14,27.6,23.4,25.1,89,1.16,10.34,8.70
2005-02-15,24.9,23.2,23.8,94,1.41,4.91,72.90
2005-02-16,27.7,22.7,25.0,89,1.05,12.52,10.70
2005-02-17,28.7,23.2,25.3,90,1.17,13.01,12.30
2005-02-18,28.7,23.1,25.2,90,1.54,14.28,2.50
2005-02-19,30.4,22.9,26.4,86,1.02,17.38,4.30
2005-02-20,30.0,23.9,26.5,87,1.41,17.83,8.20
2005-02-21,28.8,24.3,25.9,88,1.59,13.44,16.80
2005-02-22,26.6,23.4,24.3,93,1.28,6.05,19.30
2005-02-23,29.9,22.7,26.1,85,1.07,18.50,1.80
2005-02-24,29.2,23.8,26.3,85,1.60,16.02,3.30
2005-02-25,29.8,23.6,26.4,84,1.38,17.47,2.50
2005-02-26,29.3,23.8,26.6,85,1.46,16.66,2.50
2005-02-27,29.3,23.9,26.4,85,1.15,16.66,3.30
2005-02-28,29.2,23.9,26.4,87,1.21,13.15,1.50
2005-03-01,29.8,24.0,26.3,87,1.22,14.79,7.90
2005-03-02,31.0,24.0,26.7,86,1.23,19.70,16.10
2005-03-03,31.2,23.5,26.5,87,0.99,18.85,16.80
2005-03-04,27.2,23.9,24.8,94,1.50,7.11,29.10
2005-03-05,31.0,22.8,26.5,85,1.14,21.07,1.10
2005-03-06,31.1,23.8,27.2,84,1.29,19.57,1.50
2005-03-07,30.8,24.1,26.7,82,1.18,19.82,4.00
2005-03-08,30.6,23.4,26.6,83,0.93,18.87,5.40
2005-03-09,28.8,23.9,25.6,88,1.18,13.06,6.20
2005-03-10,29.3,23.5,25.8,86,0.99,14.90,2.60
2005-03-11,30.7,23.3,26.4,84,1.49,20.06,1.00
2005-03-12,28.7,23.4,25.3,89,1.73,12.37,4.90
2005-03-13,29.8,22.7,25.6,86,1.25,17.33,6.20
2005-03-14,26.5,23.3,24.4,91,1.22,7.29,13.20
2005-03-15,29.6,22.7,25.8,86,1.45,17.76,6.80
2005-03-16,28.6,23.5,25.4,90,0.90,12.04,3.10
2005-03-17,29.8,23.3,26.1,86,0.95,18.10,3.50
2005-03-18,28.8,23.5,25.3,88,1.06,13.06,7.00
2005-03-19,28.8,22.6,24.7,89,1.24,15.72,11.00
2005-03-20,29.3,22.7,25.6,85,0.85,17.95,15.90
2005-03-21,27.9,22.7,24.9,90,0.79,12.97,22.30
2005-03-22,28.7,22.9,24.8,89,1.37,12.24,4.10
2005-03-23,29.2,22.8,25.0,88,1.29,16.41,3.70
2005-03-24,29.7,22.4,25.5,84,1.43,19.50,1.70
2005-03-25,28.7,22.8,25.4,86,1.25,17.29,2.60
2005-03-26,27.9,23.3,25.0,88,1.46,12.30,2.40
2005-03-27,29.5,22.3,25.2,87,1.30,17.29,9.20
2005-03-28,29.1,22.4,25.0,87,1.06,16.90,5.90
2005-03-29,28.0,22.6,25.0,88,1.32,13.32,10.30
2005-03-30,26.2,22.8,24.3,91,1.44,8.23,12.60
2005-03-31,28.5,22.3,25.0,87,0.93,15.72,3.30
2005-04-01,26.3,22.3,23.8,92,1.23,7.39,4.90
2005-04-02,29.7,22.2,25.6,88,1.06,18.95,0.70
2005-04-03,29.3,23.0,25.6,87,1.40,14.07,5.10
2005-04-04,29.1,23.0,26.0,86,1.43,15.21,0.30
2005-04-05,30.2,23.1,26.6,84,1.78,18.84,0.30
2005-04-06,31.4,23.8,27.2,78,2.01,22.46,0.20
2005-04-07,31.1,24.1,27.3,78,1.91,21.88,0.30
2005-04-08,31.7,23.8,27.6,77,2.06,22.89,0.10
2005-04-09,31.9,22.9,27.1,73,2.03,23.72,0.00
2005-04-10,31.0,23.1,26.8,75,1.73,18.86,0.00
2005-04-11,31.6,23.7,27.4,77,1.89,22.01,0.40
2005-04-12,30.8,23.7,27.1,79,1.86,20.66,0.10
2005-04-13,31.5,24.4,26.9,80,1.87,20.01,6.30
2005-04-14,30.7,24.0,26.8,84,1.67,17.20,3.00
2005-04-15,30.0,23.6,25.9,88,1.03,15.17,7.70
2005-04-16,30.5,23.6,26.5,86,1.80,16.92,0.60
2005-04-17,29.5,24.2,26.5,87,1.45,13.49,0.90
2005-04-18,31.4,24.0,27.3,83,1.16,19.27,0.20
2005-04-19,30.1,23.7,26.5,85,1.20,17.70,2.90
2005-04-20,29.4,23.7,26.0,86,1.17,13.99,3.00
2005-04-21,30.8,23.4,26.6,84,1.53,19.48,1.50
2005-04-22,30.3,23.6,26.7,83,0.92,18.26,0.60
2005-04-23,30.7,24.0,27.1,83,1.22,18.10,1.00
2005-04-24,28.8,22.9,25.7,87,1.14,14.20,5.40
2005-04-25,29.0,23.4,25.9,85,1.20,14.91,0.90
2005-04-26,30.4,22.9,26.3,86,1.11,18.50,8.00
2005-04-27,29.4,23.2,25.9,86,0.97,14.67,8.40
2005-04-28,27.4,23.4,24.8,90,1.48,8.98,13.70
2005-04-29,27.4,22.8,24.6,90,0.95,10.40,11.50
2005-04-30,29.9,22.0,25.6,85,1.46,18.18,1.10
2005-05-01,27.8,23.0,25.1,88,1.13,11.43,3.20
2005-05-02,29.2,22.8,25.3,88,1.45,17.35,5.90
2005-05-03,28.5,22.4,25.1,86,2.04,16.11,1.80
2005-05-04,29.3,22.7,25.6,86,1.66,17.38,1.80
2005-05-05,29.4,22.9,25.7,85,1.80,16.22,7.60
2005-05-06,29.9,23.4,26.3,81,1.94,19.07,1.00
2005-05-07,29.7,23.4,26.3,80,2.08,18.13,0.30
2005-05-08,30.0,23.4,26.6,77,2.41,19.12,0.10
2005-05-09,30.1,23.5,26.5,78,2.39,19.17,0.00
2005-05-10,30.7,22.4,26.4,77,2.11,22.09,0.00
2005-05-11,30.9,23.1,26.8,76,2.58,20.14,0.00
2005-05-12,31.5,23.7,27.2,72,3.02,21.30,0.00
2005-05-13,29.2,24.2,26.3,76,2.47,11.80,0.30
2005-05-14,30.5,23.8,26.7,76,2.81,18.53,0.40
2005-05-15,30.9,24.4,27.2,72,2.83,18.20,0.00
2005-05-16,32.2,23.1,27.4,68,2.65,21.16,0.00
2005-05-17,31.9,23.5,27.5,71,1.99,18.65,0.00
2005-05-18,31.9,23.2,27.4,73,2.02,19.59,0.50
2005-05-19,32.2,24.2,27.6,70,1.55,19.77,0.00
2005-05-20,30.9,24.0,27.1,75,1.65,17.75,0.30
2005-05-21,29.8,23.5,26.5,83,0.96,14.73,0.50
2005-05-22,29.4,23.6,26.0,86,0.75,14.54,5.90
2005-05-23,28.9,22.9,25.1,89,1.27,13.02,6.50
2005-05-24,28.8,23.3,25.6,84,1.80,12.56,0.90
2005-05-25,30.2,22.3,26.1,82,2.00,18.08,0.70
2005-05-26,30.3,22.6,26.1,82,1.59,17.17,2.40
2005-05-27,29.6,22.5,25.5,86,1.36,16.33,2.00
2005-05-28,30.6,23.2,26.3,81,2.23,19.06,0.60
2005-05-29,31.0,22.7,26.3,75,2.42,17.67,0.00
2005-05-30,31.4,22.6,26.6,70,2.14,20.03,0.00
2005-05-31,30.4,23.4,26.4,70,2.58,14.65,0.00
2005-06-01,31.8,23.1,26.9,70,2.39,19.46,0.00
2005-06-02,31.8,24.3,27.3,69,2.22,16.70,0.00
2005-06-03,31.8,23.0,27.4,63,2.76,18.49,0.00
2005-06-04,32.8,24.4,27.9,61,2.57,19.72,0.00
2005-06-05,32.6,23.4,27.6,63,2.72,17.83,0.00
2005-06-06,32.5,23.4,27.3,62,2.63,16.49,0.00
2005-06-07,33.0,23.5,27.6,59,2.59,19.23,0.00
2005-06-08,32.6,24.7,28.2,60,2.76,16.27,0.00
2005-06-09,33.5,23.6,27.9,58,3.03,19.33,0.00
2005-06-10,33.1,23.9,27.9,55,3.03,21.34,0.00
2005-06-11,33.3,22.9,28.0,55,2.67,20.88,0.00
2005-06-12,34.1,23.7,28.5,56,2.43,19.96,0.00
2005-06-13,32.2,25.0,28.1,61,2.72,15.91,0.00
2005-06-14,32.5,24.7,28.1,65,2.49,17.14,0.10
2005-06-15,32.0,24.3,27.8,67,2.54,17.45,0.00
2005-06-16,32.4,23.8,28.1,64,2.45,18.00,0.00
2005-06-17,33.7,22.7,28.3,62,2.32,20.00,0.00
2005-06-18,32.9,23.6,28.2,62,2.16,19.11,0.00
2005-06-19,32.4,23.6,27.8,68,2.72,17.54,0.00
2005-06-20,32.3,23.9,27.6,71,2.29,18.39,0.30
2005-06-21,33.8,23.5,28.3,69,1.83,20.12,0.00
2005-06-22,33.9,24.0,28.7,64,2.05,19.01,0.00
2005-06-23,32.7,24.8,28.3,65,2.27,18.50,0.00
2005-06-24,33.4,24.1,28.1,63,2.51,18.93,0.00
2005-06-25,33.0,23.8,28.0,61,1.77,16.75,0.00
2005-06-26,32.5,23.7,28.0,63,2.58,18.41,0.00
2005-06-27,33.0,24.8,28.3,64,2.31,18.24,0.00
2005-06-28,32.5,23.4,27.7,68,2.20,16.87,1.30
2005-06-29,34.5,24.2,29.0,54,3.09,21.73,0.00
2005-06-30,33.0,24.1,28.6,49,2.82,18.19,0.00
2005-07-01,33.8,23.9,28.6,48,2.41,17.74,0.00
2005-07-02,34.2,23.7,28.4,54,2.10,19.74,0.00
2005-07-03,34.2,23.0,28.5,55,2.38,21.65,0.00
2005-07-04,33.2,23.6,28.3,51,2.89,18.95,0.00
2005-07-05,32.7,23.9,28.0,57,1.90,18.22,0.00
2005-07-06,33.5,23.3,28.1,57,1.70,19.85,0.00
2005-07-07,33.1,22.0,27.9,56,1.92,17.37,0.00
2005-07-08,33.2,23.7,28.3,57,2.36,18.50,0.00
2005-07-09,32.2,24.2,28.0,59,2.59,18.26,0.00
2005-07-10,32.9,24.2,28.2,47,3.05,20.77,0.00
2005-07-11,33.2,23.4,28.3,45,2.66,20.58,0.00
2005-07-12,33.8,24.6,28.9,47,2.34,18.43,0.00
2005-07-13,33.9,24.1,28.8,48,2.70,18.92,0.00
2005-07-14,34.0,23.9,28.5,43,3.23,22.29,0.00
2005-07-15,33.4,22.7,27.8,45,3.16,22.55,0.00
2005-07-16,33.7,22.1,27.9,50,2.91,22.23,0.00
2005-07-17,34.5,22.7,28.4,48,2.85,22.63,0.00
2005-07-18,34.8,22.4,28.6,47,2.72,22.71,0.00
2005-07-19,34.7,21.5,28.3,46,2.38,22.41,0.00
2005-07-20,31.9,23.0,27.5,59,2.44,17.86,1.20
2005-07-21,33.1,23.9,28.3,59,2.76,19.07,0.00
2005-07-22,34.4,23.0,28.1,48,3.02,23.18,0.00
2005-07-23,33.6,20.2,27.2,45,2.48,22.79,0.00
2005-07-24,34.3,23.6,28.6,45,2.62,22.96,0.00
2005-07-25,34.1,23.2,28.6,43,2.44,22.38,0.00
2005-07-26,34.8,22.4,28.8,45,2.12,20.36,0.00
2005-07-27,34.8,23.0,28.9,45,2.76,22.55,0.00
2005-07-28,34.0,23.2,28.5,46,2.98,22.10,0.00
2005-07-29,34.2,22.7,28.3,45,3.05,23.29,0.00
2005-07-30,34.4,22.3,28.1,44,2.80,23.52,0.00
2005-07-31,34.3,21.9,28.1,43,2.94,23.17,0.00
2005-08-01,34.5,23.5,28.8,44,2.73,23.27,0.00
2005-08-02,34.1,22.8,28.3,41,2.77,23.48,0.00
2005-08-03,33.3,23.2,28.1,45,2.81,18.17,0.00
2005-08-04,33.5,24.3,28.9,44,2.85,19.38,0.00
2005-08-05,34.8,23.3,28.7,44,3.06,22.28,0.00
2005-08-06,35.0,23.9,29.1,43,3.24,23.50,0.00
2005-08-07,34.9,23.8,29.1,43,3.03,23.63,0.00
2005-08-08,35.1,23.8,29.1,44,2.72,23.64,0.00
2005-08-09,35.1,24.2,29.3,44,2.14,20.94,0.00
2005-08-10,35.2,23.5,29.3,45,1.86,21.88,0.00
2005-08-11,34.9,23.8,29.2,51,2.03,21.61,0.00
2005-08-12,33.9,24.5,29.2,53,2.05,20.35,0.00
2005-08-13,33.7,24.4,29.1,56,2.16,21.26,0.00
2005-08-14,33.4,24.6,28.8,61,2.64,20.11,0.10
2005-08-15,34.8,23.9,29.0,57,2.92,21.42,0.10
2005-08-16,34.1,24.0,28.9,55,3.02,21.34,0.00
2005-08-17,34.5,23.8,28.7,55,2.95,21.75,0.10
2005-08-18,34.8,23.1,29.0,45,3.18,24.11,0.00
2005-08-19,34.8,23.7,29.1,44,2.90,23.32,0.00
2005-08-20,36.2,24.1,29.8,41,2.34,23.74,0.00
2005-08-21,34.5,24.8,29.1,41,2.48,23.94,0.00
2005-08-22,34.6,23.2,28.8,44,3.61,23.48,0.00
2005-08-23,33.6,24.2,29.0,45,3.53,20.09,0.00
2005-08-24,35.3,23.2,29.3,45,2.84,24.67,0.00
2005-08-25,35.1,24.7,29.7,47,2.71,21.68,0.00
2005-08-26,34.4,24.5,29.3,56,1.99,22.15,0.00
2005-08-27,35.0,24.5,29.3,54,2.72,22.45,0.00
2005-08-28,34.7,23.7,28.8,57,2.85,21.69,0.20
2005-08-29,34.3,24.8,29.0,53,2.76,22.10,0.00
2005-08-30,34.5,24.4,29.3,54,2.35,21.15,0.00
2005-08-31,36.3,24.0,30.1,46,2.73,23.01,0.00
2005-09-01,36.1,23.2,29.5,40,2.93,25.33,0.00
2005-09-02,36.0,24.1,29.8,43,2.73,23.62,0.00
2005-09-03,35.2,25.0,30.0,47,2.80,21.91,0.00
2005-09-04,34.6,25.2,29.6,55,2.36,21.91,0.00
2005-09-05,34.7,25.3,29.6,55,2.35,22.06,0.20
2005-09-06,35.4,23.9,29.4,55,1.97,23.24,0.00
2005-09-07,34.4,24.3,29.1,54,2.28,21.69,0.00
2005-09-08,35.2,24.7,29.7,53,2.90,22.39,0.00
2005-09-09,35.6,24.7,29.9,47,3.43,24.35,0.00
2005-09-10,35.2,24.3,29.5,45,3.34,25.13,0.00
2005-09-11,35.7,24.1,29.7,38,3.36,26.55,0.00
2005-09-12,35.6,23.4,29.4,41,2.77,26.24,0.00
2005-09-13,36.1,23.7,29.8,42,2.70,24.79,0.00
2005-09-14,34.9,24.7,29.7,46,2.41,21.73,0.00
2005-09-15,35.3,25.3,30.1,48,2.09,22.15,0.00
2005-09-16,35.4,23.8,29.4,54,2.25,23.68,0.00
2005-09-17,34.9,25.2,29.5,50,2.14,23.17,0.40
2005-09-18,35.3,23.9,29.5,51,2.35,24.20,0.00
2005-09-19,35.5,24.3,30.0,51,2.76,23.27,0.00
2005-09-20,35.5,25.0,30.1,52,2.79,23.23,0.00
2005-09-21,35.3,25.0,30.0,52,2.06,23.81,0.00
2005-09-22,36.5,25.1,30.7,50,2.17,25.55,0.00
2005-09-23,33.8,26.1,29.8,54,2.35,22.08,0.00
2005-09-24,34.3,26.4,29.6,59,1.77,21.37,0.60
2005-09-25,34.3,25.5,28.8,68,1.58,21.38,1.20
2005-09-26,32.4,24.4,28.1,70,1.39,19.50,0.40
2005-09-27,32.8,23.8,28.4,70,1.17,22.14,0.40
2005-09-28,34.2,25.1,29.4,62,1.88,24.08,0.00
2005-09-29,33.1,25.1,28.8,63,1.65,21.06,0.00
2005-09-30,31.3,24.9,27.2,76,1.46,18.09,4.90
2005-10-01,32.6,22.6,27.6,74,1.17,23.89,0.00
2005-10-02,34.0,23.8,28.7,64,2.31,25.09,0.00
2005-10-03,34.1,24.9,29.0,63,2.59,24.43,0.00
2005-10-04,33.5,24.6,28.6,63,2.61,23.26,0.00
2005-10-05,34.2,24.0,29.1,61,2.24,24.30,0.00
2005-10-06,34.4,24.9,29.5,57,1.98,23.80,0.00
2005-10-07,35.3,25.1,29.5,57,2.61,24.09,0.00
2005-10-08,35.4,25.8,30.0,44,2.75,24.26,0.00
2005-10-09,35.5,24.4,29.8,47,1.63,23.39,0.00
2005-10-10,34.7,24.9,29.3,57,1.82,22.86,0.30
2005-10-11,33.2,25.5,28.3,69,2.06,21.24,1.60
2005-10-12,31.6,24.0,27.4,73,1.46,20.47,3.60
2005-10-13,33.0,24.8,28.5,68,1.88,22.63,3.60
2005-10-14,33.7,24.8,29.0,63,2.48,23.79,0.00
2005-10-15,34.8,24.0,29.5,58,2.50,24.17,0.00
2005-10-16,34.9,24.4,29.5,52,2.35,24.71,0.00
2005-10-17,33.7,24.2,29.2,55,1.87,23.15,0.00
2005-10-18,35.6,24.6,29.8,57,2.34,25.45,0.00
2005-10-19,36.0,24.8,30.3,55,2.14,25.97,0.00
2005-10-20,34.6,26.0,30.2,54,2.30,22.86,0.10
2005-10-21,35.4,25.4,30.0,53,1.90,24.73,0.00
2005-10-22,34.3,25.1,29.6,55,1.77,23.94,0.00
2005-10-23,35.1,25.2,29.9,55,2.10,24.47,0.00
2005-10-24,34.0,25.8,29.9,54,2.33,23.05,0.00
2005-10-25,33.5,25.6,29.5,56,2.03,21.78,0.00
2005-10-26,34.4,25.2,29.7,59,1.77,24.20,0.00
2005-10-27,34.2,25.5,29.7,58,2.42,23.82,0.00
2005-10-28,34.8,25.2,30.0,54,2.35,24.85,0.00
2005-10-29,35.4,25.7,30.5,50,2.42,24.42,0.00
2005-10-30,36.2,25.2,30.7,47,1.53,25.53,0.00
2005-10-31,35.2,26.0,30.3,52,1.48,25.14,0.00
2005-11-01,31.5,24.5,28.2,67,2.49,18.67,2.40
2005-11-02,33.7,25.0,29.0,63,1.88,23.67,0.30
2005-11-03,33.8,25.2,29.4,63,0.85,23.87,0.00
2005-11-04,33.9,25.7,29.8,62,1.56,21.25,0.10
2005-11-05,32.8,25.5,29.4,61,2.00,20.93,0.20
2005-11-06,33.6,24.9,29.5,53,2.00,22.37,0.00
2005-11-07,35.9,25.4,30.5,48,1.63,25.17,0.00
2005-11-08,34.1,25.7,30.1,54,1.72,22.67,0.00
2005-11-09,35.7,25.8,30.5,54,2.13,24.44,0.00
2005-11-10,34.3,26.1,30.1,55,2.77,23.43,0.00
2005-11-11,33.7,25.4,28.9,65,1.58,20.67,3.50
2005-11-12,31.9,24.9,28.0,74,0.94,18.54,2.20
2005-11-13,31.5,25.0,28.0,75,1.16,17.64,6.90
2005-11-14,29.2,23.2,26.3,83,1.53,14.36,3.20
2005-11-15,29.6,24.4,26.5,82,0.96,12.28,12.00
2005-11-16,29.6,23.2,25.9,84,1.07,14.58,7.20
2005-11-17,31.8,24.0,27.8,77,1.32,21.74,0.30
2005-11-18,31.3,25.2,28.0,76,1.52,19.80,0.80
2005-11-19,32.3,24.3,28.2,72,1.41,22.81,0.00
2005-11-20,32.7,24.7,28.7,71,1.30,22.46,0.00
2005-11-21,33.5,25.4,29.0,69,1.55,23.78,0.00
2005-11-22,32.5,25.5,28.2,75,1.58,20.94,2.20
2005-11-23,32.2,24.2,28.0,75,1.00,21.66,1.80
2005-11-24,31.8,24.8,27.5,79,1.10,17.97,2.90
2005-11-25,30.7,24.1,27.1,82,1.00,18.62,4.80
2005-11-26,30.0,23.3,26.0,84,1.32,18.68,14.20
2005-11-27,25.5,22.9,24.3,93,1.08,5.94,36.90
2005-11-28,29.7,22.9,25.6,87,2.05,18.50,15.60
2005-11-29,31.3,23.1,26.5,81,1.99,18.72,0.80
2005-11-30,31.3,23.9,27.5,80,1.06,22.41,0.00
2005-12-01,31.3,24.2,27.1,84,1.33,20.72,3.90
2005-12-02,31.2,24.1,27.3,82,1.69,20.32,0.00
2005-12-03,30.9,23.8,27.0,82,1.79,22.06,2.00
2005-12-04,29.3,24.4,26.1,85,1.17,12.69,27.50
2005-12-05,25.4,23.3,24.1,94,1.24,5.92,100.70
2005-12-06,27.3,22.9,24.9,91,1.32,11.31,12.20
2005-12-07,28.5,23.3,25.7,88,1.18,15.71,15.40
2005-12-08,29.2,23.0,25.8,84,1.42,15.37,6.50
2005-12-09,27.9,23.4,25.1,89,1.49,11.67,10.60
2005-12-10,29.9,22.9,25.9,87,1.67,16.39,12.90
2005-12-11,29.7,23.0,25.6,87,1.58,15.39,11.00
2005-12-12,28.9,23.1,25.7,86,1.16,14.81,5.80
2005-12-13,29.0,23.5,25.9,85,1.51,14.86,2.40
2005-12-14,28.7,23.0,25.0,91,1.40,12.82,19.70
2005-12-15,29.8,23.0,25.6,85,1.43,17.41,4.30
2005-12-16,30.9,22.3,26.4,81,1.78,23.12,1.00
2005-12-17,30.1,23.3,26.7,83,0.77,19.56,1.10
2005-12-18,29.3,23.8,26.2,85,1.55,17.55,2.10
2005-12-19,29.0,23.1,25.6,86,1.53,16.18,3.20
2005-12-20,29.0,22.7,25.5,87,1.16,16.39,11.20
2005-12-21,29.9,23.4,25.7,85,1.35,17.38,3.60
2005-12-22,30.0,22.7,26.1,84,1.26,20.24,2.00
2005-12-23,30.0,23.5,26.0,85,1.53,19.44,3.60
2005-12-24,28.0,23.4,25.1,89,1.34,12.25,16.40
2005-12-25,28.1,22.9,25.0,88,1.24,13.27,5.70
2005-12-26,29.9,22.6,25.8,85,1.01,21.51,4.30
2005-12-27,27.7,23.1,24.5,90,1.24,11.04,24.50
2005-12-28,26.5,22.8,24.1,89,1.60,8.35,22.40
2005-12-29,26.8,22.4,24.3,89,1.16,9.46,0.80
2005-12-30,28.6,22.9,25.3,85,1.18,16.64,6.00
2005-12-31,29.8,22.4,25.4,86,1.38,17.28,7.40
2006-01-01,29.7,22.7,25.2,86,1.46,18.53,7.50
2006-01-02,29.7,22.1,25.8,84,1.22,19.22,1.60
2006-01-03,28.9,22.6,25.4,87,1.38,16.04,6.40
2006-01-04,27.9,22.6,24.7,88,1.36,12.24,7.40
2006-01-05,29.0,22.6,24.8,86,1.38,15.86,4.10
2006-01-06,29.3,22.1,25.4,86,1.08,19.83,0.90
2006-01-07,28.8,22.4,25.1,87,1.18,17.18,14.00
2006-01-08,27.8,22.4,24.5,88,1.29,14.11,17.40
2006-01-09,25.9,22.3,23.7,90,1.70,6.53,28.10
2006-01-10,27.7,22.3,24.4,86,1.21,11.01,1.10
2006-01-11,29.8,22.2,25.4,85,1.34,18.00,1.80
2006-01-12,29.1,22.6,25.0,86,1.35,15.96,2.30
2006-01-13,29.5,22.6,26.0,83,1.35,18.91,0.00
2006-01-14,30.1,23.0,26.5,80,1.74,20.51,0.50
2006-01-15,30.3,22.8,26.3,82,1.99,18.83,0.80
2006-01-16,31.8,23.0,27.0,81,1.53,23.45,0.50
2006-01-17,30.0,23.1,26.5,83,1.29,18.51,0.00
2006-01-18,30.1,23.8,26.2,83,1.86,19.42,6.70
2006-01-19,28.7,22.4,25.2,88,1.11,18.15,9.90
2006-01-20,27.8,23.2,24.9,88,1.29,13.60,18.00
2006-01-21,28.6,22.0,25.1,85,1.78,16.17,1.10
2006-01-22,30.2,22.9,26.0,83,1.42,17.91,0.80
2006-01-23,29.4,23.0,25.7,84,1.70,20.35,10.40
2006-01-24,30.4,22.5,26.4,83,1.70,20.34,0.60
2006-01-25,30.5,23.8,27.2,82,1.37,19.32,0.40
2006-01-26,31.1,24.7,27.6,82,1.26,19.14,0.30
2006-01-27,31.3,24.7,27.8,82,1.22,21.94,0.90
2006-01-28,31.1,24.7,27.6,83,1.61,21.49,0.30
2006-01-29,31.0,23.8,27.0,81,1.66,22.48,0.70
2006-01-30,29.4,23.4,26.2,85,1.05,18.48,9.60
2006-01-31,29.5,23.6,25.8,86,1.12,15.05,1.80
2006-02-01,28.9,23.3,25.9,86,1.14,16.02,14.80
2006-02-02,29.3,23.6,25.6,86,1.26,16.67,10.50
2006-02-03,29.3,23.3,25.5,88,1.26,16.43,9.40
2006-02-04,28.8,23.6,25.6,88,1.12,16.20,6.40
2006-02-05,27.6,23.0,25.1,89,1.06,13.08,14.70
2006-02-06,28.4,23.0,25.0,88,1.00,13.05,10.20
2006-02-07,28.2,23.0,25.1,86,1.83,12.51,3.00
2006-02-08,30.7,21.9,26.2,77,2.17,25.51,0.00
2006-02-09,31.0,22.4,26.7,79,1.46,23.77,1.10
2006-02-10,31.4,23.7,27.1,79,1.84,23.58,3.10
2006-02-11,30.7,24.0,26.5,83,1.78,20.99,9.30
2006-02-12,29.3,23.4,25.6,86,1.28,18.19,15.90
2006-02-13,28.4,22.8,24.7,90,0.87,10.97,24.10
2006-02-14,26.8,23.0,24.4,89,1.42,9.51,12.40
2006-02-15,30.2,22.7,26.0,82,1.71,23.09,0.40
2006-02-16,30.4,22.9,26.2,84,1.04,22.37,11.80
2006-02-17,28.9,22.5,25.2,87,1.67,18.83,17.40
2006-02-18,29.3,22.3,25.2,84,1.52,16.72,7.10
2006-02-19,29.3,22.8,25.4,85,1.52,18.60,18.00
2006-02-20,29.3,22.7,25.1,87,1.62,16.88,14.40
2006-02-21,27.9,23.0,25.1,89,1.51,14.24,3.90
2006-02-22,30.1,22.7,25.9,85,1.20,19.74,1.00
2006-02-23,29.1,23.1,25.5,85,1.37,16.60,5.90
2006-02-24,28.9,22.6,25.7,86,1.35,16.41,6.20
2006-02-25,29.1,23.0,25.5,87,1.39,14.47,11.70
2006-02-26,29.0,23.3,25.8,85,1.41,15.97,2.20
2006-02-27,30.4,22.8,26.2,83,1.53,20.26,4.70
2006-02-28,27.5,23.5,25.0,88,1.12,12.02,14.30
2006-03-01,27.0,22.9,24.5,88,1.36,9.69,1.80
2006-03-02,28.7,22.9,25.1,86,0.97,13.22,4.00
2006-03-03,29.5,22.4,25.4,85,1.29,18.40,2.30
2006-03-04,28.5,23.6,25.2,89,1.34,12.75,2.90
2006-03-05,30.1,22.9,26.2,84,1.44,19.45,3.40
2006-03-06,31.1,23.5,26.7,81,1.80,21.30,0.70
2006-03-07,30.0,23.8,26.1,83,1.96,18.16,1.20
2006-03-08,29.1,23.4,25.7,86,1.11,15.86,14.50
2006-03-09,28.5,22.8,25.3,87,0.86,15.19,6.70
2006-03-10,27.9,22.9,25.0,87,1.15,14.11,11.60
2006-03-11,28.4,23.0,25.2,87,1.02,14.81,8.20
2006-03-12,28.7,22.7,25.4,85,0.86,13.87,3.90
2006-03-13,28.9,22.6,25.3,85,1.52,14.79,8.30
2006-03-14,28.3,22.3,24.5,90,0.95,13.83,10.70
2006-03-15,30.0,22.7,26.0,84,1.12,20.73,4.00
2006-03-16,30.0,23.7,26.2,83,1.55,18.42,4.30
2006-03-17,28.8,22.8,25.5,86,1.50,15.08,3.40
2006-03-18,27.8,22.4,24.8,88,1.17,12.81,6.10
2006-03-19,29.5,22.5,25.1,87,1.61,17.98,10.80
2006-03-20,29.9,22.4,25.5,84,1.82,18.95,9.70
2006-03-21,29.9,22.5,25.6,85,1.69,18.41,2.50
2006-03-22,28.7,23.1,25.3,87,1.57,14.24,11.70
2006-03-23,27.4,22.5,24.8,89,1.19,11.15,5.90
2006-03-24,27.7,22.6,25.1,89,1.54,12.85,5.80
2006-03-25,30.3,22.4,25.5,85,1.56,21.53,4.00
2006-03-26,28.1,23.3,24.6,90,1.53,10.80,17.20
2006-03-27,28.3,22.5,24.9,87,1.49,14.93,3.80
2006-03-28,28.3,22.7,25.0,89,1.14,13.41,7.60
2006-03-29,26.6,22.9,24.2,92,1.24,7.58,19.80
2006-03-30,27.7,22.5,24.7,87,1.00,11.50,5.40
2006-03-31,27.6,22.3,24.7,88,0.92,12.48,12.00
2006-04-01,26.2,22.6,23.9,91,0.99,7.52,24.70
2006-04-02,27.7,22.4,24.9,87,1.14,14.12,2.10
2006-04-03,29.0,22.1,25.2,86,1.19,15.07,0.90
2006-04-04,27.1,22.5,24.6,89,0.97,10.89,6.10
2006-04-05,28.3,22.0,25.3,88,1.52,14.55,1.90
2006-04-06,29.4,22.5,25.5,87,1.42,16.61,3.70
2006-04-07,28.6,22.7,24.5,91,1.44,11.53,12.90
2006-04-08,27.3,22.5,24.4,88,1.18,11.14,8.10
2006-04-09,26.7,21.9,24.2,90,1.34,9.95,3.60
2006-04-10,29.3,22.0,25.2,87,1.15,18.96,6.60
2006-04-11,29.2,22.4,25.0,87,1.11,15.86,10.70
2006-04-12,28.2,22.9,24.7,89,1.21,13.76,18.40
2006-04-13,29.1,22.7,25.5,85,0.92,15.54,1.40
2006-04-14,30.6,22.7,26.3,83,1.33,20.51,1.70
2006-04-15,28.5,23.1,25.4,87,1.01,12.47,4.30
2006-04-16,26.6,22.9,24.3,91,1.11,9.21,5.50
2006-04-17,27.8,22.6,24.7,89,0.92,12.89,4.40
2006-04-18,29.3,22.4,25.4,85,0.91,20.10,1.30
2006-04-19,28.8,22.5,25.3,86,1.45,16.24,1.30
2006-04-20,29.0,22.7,25.3,87,0.96,14.02,6.80
2006-04-21,27.9,22.6,24.6,91,0.85,11.62,7.10
2006-04-22,28.1,23.1,24.8,90,1.11,13.49,11.00
2006-04-23,29.4,22.8,25.3,89,1.13,18.21,4.90
2006-04-24,29.5,22.5,25.4,88,1.31,15.45,7.40
2006-04-25,27.6,22.8,24.6,92,1.72,10.30,18.40
2006-04-26,26.6,23.0,24.4,92,0.74,8.63,16.80
2006-04-27,29.6,22.6,25.7,86,1.05,19.10,0.80
2006-04-28,29.1,22.6,25.8,85,1.36,14.83,0.90
2006-04-29,27.8,22.7,24.8,89,1.10,10.90,7.30
2006-04-30,25.6,22.4,23.7,96,0.97,7.14,18.30
2006-05-01,29.3,22.4,25.2,87,2.12,16.33,6.50
2006-05-02,28.6,23.1,25.5,88,2.09,14.73,5.00
2006-05-03,31.1,23.4,26.8,80,1.90,20.07,0.40
2006-05-04,30.5,23.6,26.7,83,1.18,20.78,0.60
2006-05-05,30.2,23.2,26.2,85,1.03,18.06,3.20
2006-05-06,29.7,22.9,25.6,86,1.14,16.46,8.00
2006-05-07,28.1,22.8,25.1,89,0.93,13.87,17.40
2006-05-08,29.5,23.0,25.8,86,1.01,16.38,0.50
2006-05-09,30.1,22.9,26.2,81,1.91,19.76,0.80
2006-05-10,29.4,22.6,25.6,87,1.33,16.41,4.90
2006-05-11,26.0,23.0,24.1,94,1.38,6.26,14.20
2006-05-12,27.3,22.6,24.6,93,1.20,11.31,4.40
2006-05-13,28.9,22.6,25.4,87,1.15,17.29,1.80
2006-05-14,28.4,23.5,25.5,87,1.75,15.22,6.20
2006-05-15,29.1,22.6,25.5,85,2.10,16.70,0.50
2006-05-16,28.6,23.0,25.4,87,1.55,13.51,4.10
2006-05-17,28.5,22.6,25.4,85,2.04,13.04,0.30
2006-05-18,29.1,23.5,25.7,82,1.80,16.20,0.40
2006-05-19,28.7,23.3,25.2,86,1.28,14.28,2.90
2006-05-20,26.9,22.5,24.3,91,1.22,8.78,3.40
2006-05-21,29.0,22.1,25.1,87,1.10,16.48,1.00
2006-05-22,29.3,21.7,25.0,88,1.05,18.67,6.90
2006-05-23,29.9,22.4,25.6,86,1.18,19.67,0.80
2006-05-24,30.1,22.9,25.7,85,0.94,17.68,0.70
2006-05-25,27.9,23.0,24.9,89,1.08,11.50,4.80
2006-05-26,28.2,22.5,25.0,88,1.57,12.52,3.30
2006-05-27,29.9,22.7,26.1,80,2.23,19.45,0.00
2006-05-28,30.0,23.2,26.2,77,2.36,18.41,0.00
2006-05-29,30.1,23.7,26.4,77,2.50,19.02,0.30
2006-05-30,30.6,22.2,26.3,76,2.44,19.73,0.00
2006-05-31,30.5,22.8,26.2,72,2.42,21.61,0.00
2006-06-01,30.9,21.3,26.1,71,2.20,22.06,0.00
2006-06-02,30.7,22.1,26.0,69,2.43,21.75,0.00
2006-06-03,30.6,21.8,25.7,69,2.81,20.62,0.00
2006-06-04,30.5,21.6,25.6,69,2.50,22.29,0.00
2006-06-05,30.6,21.0,25.8,67,2.42,20.42,0.00
2006-06-06,30.0,24.2,26.3,70,2.08,14.42,0.00
2006-06-07,30.3,23.2,26.2,76,1.58,17.74,0.00
2006-06-08,30.1,22.6,26.1,78,2.07,17.33,0.30
2006-06-09,31.7,22.5,26.7,69,2.41,21.37,0.00
2006-06-10,31.4,22.4,26.6,68,2.01,18.12,0.00
2006-06-11,30.1,21.9,26.0,72,1.47,18.69,0.20
2006-06-12,30.0,21.6,25.9,76,1.41,18.61,0.00
2006-06-13,31.0,23.7,26.8,73,1.57,17.56,0.10
2006-06-14,31.7,23.7,27.0,65,2.94,20.16,0.00
2006-06-15,30.9,22.5,26.3,63,2.90,18.12,0.00
2006-06-16,31.6,22.5,26.8,64,2.54,18.28,0.00
2006-06-17,31.3,24.0,27.1,65,2.57,16.58,0.00
2006-06-18,32.3,23.0,27.1,63,3.10,19.22,0.00
2006-06-19,32.4,23.3,27.1,59,3.54,20.83,0.00
2006-06-20,31.9,22.0,26.6,55,3.34,21.10,0.00
2006-06-21,32.2,21.8,26.6,55,2.95,21.77,0.00
2006-06-22,32.7,22.0,27.1,59,2.44,18.02,0.00
2006-06-23,32.9,23.6,27.6,57,2.75,19.33,0.00
2006-06-24,32.2,22.1,26.9,55,2.86,21.20,0.00
2006-06-25,32.8,22.1,27.2,57,2.53,18.50,0.00
2006-06-26,32.6,24.4,27.9,57,2.55,15.81,0.00
2006-06-27,33.6,23.4,28.0,59,2.02,17.79,0.00
2006-06-28,32.7,23.7,27.7,63,2.26,18.16,0.00
2006-06-29,31.5,23.6,26.8,74,2.27,17.22,0.40
2006-06-30,33.2,24.0,28.0,62,3.11,19.03,0.00
2006-07-01,32.5,23.7,27.5,56,3.53,18.41,0.00
2006-07-02,33.2,23.1,27.9,51,3.12,21.41,0.00
2006-07-03,33.1,23.3,27.8,52,2.55,20.55,0.00
2006-07-04,33.4,23.6,28.3,53,2.64,20.34,0.00
2006-07-05,33.6,23.5,28.2,53,2.69,21.60,0.00
2006-07-06,33.3,24.3,28.6,52,2.50,20.09,0.00
2006-07-07,32.2,23.3,27.7,57,2.62,18.76,0.00
2006-07-08,32.2,24.0,27.8,61,2.37,20.15,0.00
2006-07-09,33.9,23.0,28.4,56,2.35,20.68,0.00
2006-07-10,34.2,23.4,28.5,52,2.90,21.66,0.00
2006-07-11,33.5,23.4,28.3,45,3.11,21.91,0.00
2006-07-12,34.1,24.5,28.8,52,2.95,20.55,0.00
2006-07-13,33.2,23.3,27.9,51,3.25,19.94,0.00
2006-07-14,32.6,23.0,27.5,48,3.23,21.59,0.00
2006-07-15,32.3,21.6,26.9,48,2.71,21.31,0.00
2006-07-16,33.0,22.0,27.4,52,2.51,20.04,0.00
2006-07-17,32.8,22.8,27.6,56,2.63,19.52,0.00
2006-07-18,33.4,23.8,28.2,53,2.68,21.13,0.00
2006-07-19,33.3,23.8,28.3,52,2.13,19.46,0.00
2006-07-20,33.6,23.3,28.3,52,2.08,19.98,0.00
2006-07-21,32.4,24.0,28.1,60,2.16,17.94,0.00
2006-07-22,34.6,23.3,28.5,53,2.56,22.05,0.00
2006-07-23,33.4,22.0,27.5,44,2.80,23.17,0.00
2006-07-24,33.2,20.9,27.5,49,2.05,18.82,0.00
2006-07-25,33.2,23.6,28.1,51,2.83,20.34,0.00
2006-07-26,34.2,22.7,28.6,49,2.41,20.64,0.00
2006-07-27,33.2,23.8,28.3,59,2.98,19.73,0.00
2006-07-28,33.7,23.8,28.6,58,2.44,19.98,0.00
2006-07-29,34.0,23.9,28.7,57,2.05,20.03,0.00
2006-07-30,33.3,23.4,28.2,61,1.95,20.27,0.00
2006-07-31,33.7,24.3,28.5,63,2.27,21.02,0.20
2006-08-01,32.8,24.0,28.0,61,1.78,19.66,0.00
2006-08-02,33.3,22.9,27.7,62,1.46,20.66,0.00
2006-08-03,32.5,23.3,27.6,57,1.97,20.02,0.00
2006-08-04,33.7,23.3,28.0,47,2.57,22.18,0.00
2006-08-05,34.0,21.5,27.6,45,2.80,23.73,0.00
2006-08-06,33.7,22.0,27.6,45,3.07,23.80,0.00
2006-08-07,33.3,21.5,27.2,45,2.89,23.97,0.00
2006-08-08,33.4,21.6,27.4,47,2.92,23.80,0.00
2006-08-09,34.2,22.6,28.3,48,2.58,23.40,0.00
2006-08-10,34.4,24.6,29.1,51,2.58,18.59,0.00
2006-08-11,35.7,24.5,29.5,46,3.07,23.89,0.00
2006-08-12,33.8,22.8,28.5,42,3.20,23.37,0.00
2006-08-13,34.6,23.5,29.1,46,2.98,23.13,0.00
2006-08-14,34.8,23.4,29.1,47,2.64,24.05,0.00
2006-08-15,34.7,23.1,28.8,44,2.60,24.45,0.00
2006-08-16,34.5,23.4,28.8,47,2.73,22.24,0.00
2006-08-17,35.0,24.1,29.4,47,2.95,22.77,0.00
2006-08-18,34.9,24.3,29.2,50,2.82,23.02,0.00
2006-08-19,34.0,23.7,28.7,56,2.34,22.08,0.00
2006-08-20,34.8,24.2,29.3,54,1.87,21.91,0.00
2006-08-21,34.9,24.1,29.5,53,1.55,21.90,0.00
2006-08-22,34.9,24.9,29.4,58,2.54,21.65,0.40
2006-08-23,33.6,24.6,28.7,63,2.33,21.09,0.10
2006-08-24,34.8,23.2,28.8,56,2.99,23.50,0.00
2006-08-25,34.1,22.8,28.5,49,3.01,24.17,0.00
2006-08-26,34.1,23.1,28.6,48,2.72,24.82,0.00
2006-08-27,35.4,23.6,29.4,45,2.60,25.01,0.00
2006-08-28,36.0,23.6,29.7,45,2.46,23.39,0.00
2006-08-29,35.8,23.7,29.5,44,2.32,22.91,0.00
2006-08-30,36.3,23.7,29.4,51,2.63,24.00,0.00
2006-08-31,34.1,24.6,28.9,57,2.91,21.40,0.00
2006-09-01,35.0,23.3,29.0,58,2.15,23.71,0.00
2006-09-02,33.8,24.9,29.2,58,1.84,22.13,0.10
2006-09-03,35.2,24.4,29.7,52,2.00,22.61,0.00
2006-09-04,34.9,25.0,30.0,54,2.15,21.66,0.00
2006-09-05,35.0,25.5,29.8,60,2.25,22.91,0.00
2006-09-06,34.1,25.0,29.2,60,2.13,21.72,0.10
2006-09-07,32.9,24.9,28.6,59,2.56,19.96,0.20
2006-09-08,34.5,23.4,28.3,54,2.75,23.62,0.00
2006-09-09,34.0,23.6,28.5,46,2.93,25.14,0.00
2006-09-10,34.8,23.6,29.1,43,3.04,24.52,0.00
2006-09-11,35.4,23.6,29.5,43,3.23,25.01,0.00
2006-09-12,34.9,25.2,29.8,45,3.31,23.05,0.00
2006-09-13,35.1,24.7,29.7,45,2.62,23.52,0.00
2006-09-14,35.6,23.8,29.6,50,2.34,24.92,0.00
2006-09-15,35.0,24.5,29.5,51,2.26,23.35,0.00
2006-09-16,35.5,24.7,30.0,48,2.90,22.94,0.00
2006-09-17,34.8,25.2,29.8,53,2.67,22.39,0.00
2006-09-18,35.4,24.8,30.0,53,2.31,23.47,0.00
2006-09-19,34.4,25.2,29.5,56,2.76,23.49,0.00
2006-09-20,33.8,24.5,28.9,61,2.07,22.50,0.40
2006-09-21,31.9,25.0,27.7,69,1.59,17.33,2.50
2006-09-22,32.9,23.3,28.0,70,1.66,22.21,0.10
2006-09-23,34.5,24.8,29.4,59,2.25,23.36,0.20
2006-09-24,34.6,24.9,29.5,55,2.58,23.37,0.00
2006-09-25,34.9,24.7,29.7,51,1.58,23.17,0.00
2006-09-26,35.4,24.6,30.1,53,1.86,23.02,0.00
2006-09-27,31.4,25.7,28.5,65,2.84,19.00,2.10
2006-09-28,33.1,24.1,28.1,63,2.13,19.93,1.10
2006-09-29,35.4,22.9,29.1,52,2.59,26.55,0.00
2006-09-30,35.0,24.2,29.4,54,2.67,24.10,0.00
2006-10-01,35.1,24.2,29.4,56,2.60,25.32,0.00
2006-10-02,34.4,24.6,29.4,56,2.40,23.74,0.00
2006-10-03,34.9,25.1,29.9,54,2.08,23.63,0.00
2006-10-04,34.5,25.6,29.9,56,2.27,22.99,0.00
2006-10-05,35.3,25.6,30.2,54,2.36,24.39,0.00
2006-10-06,35.8,25.2,30.3,54,2.26,24.99,0.00
2006-10-07,36.0,25.9,30.6,53,2.27,24.75,0.00
2006-10-08,35.9,25.7,30.8,51,2.04,23.63,0.00
2006-10-09,35.1,26.0,30.2,54,2.17,24.20,0.00
2006-10-10,34.5,25.6,29.7,58,2.11,23.39,0.00
2006-10-11,34.8,25.6,29.7,56,1.74,23.34,0.00
2006-10-12,35.4,25.1,30.1,53,2.17,24.39,0.00
2006-10-13,34.6,25.3,30.0,56,2.40,23.24,0.00
2006-10-14,34.5,25.6,29.9,55,2.05,22.91,0.00
2006-10-15,33.9,25.4,29.4,63,1.12,21.43,2.00
2006-10-16,27.6,23.8,25.5,87,0.99,9.37,11.20
2006-10-17,30.9,23.7,26.8,82,1.11,18.98,5.20
2006-10-18,29.6,23.2,25.6,86,1.05,17.25,13.20
2006-10-19,30.0,23.1,26.1,85,0.85,20.01,12.60
2006-10-20,31.4,23.7,27.5,80,0.82,23.43,0.00
2006-10-21,32.6,24.4,28.6,73,1.29,24.62,0.00
2006-10-22,30.9,25.3,27.8,73,1.40,23.13,0.20
2006-10-23,32.0,24.3,28.0,71,2.11,22.33,0.00
2006-10-24,32.2,24.7,28.1,69,2.88,22.13,0.30
2006-10-25,31.7,24.8,27.6,72,2.20,21.97,2.40
2006-10-26,32.4,23.7,27.9,68,2.15,23.84,0.00
2006-10-27,32.8,24.0,28.4,64,1.57,23.92,0.00
2006-10-28,33.5,24.5,29.0,65,1.70,24.75,0.00
2006-10-29,31.8,24.6,27.3,77,1.31,17.55,10.60
2006-10-30,31.8,24.2,27.6,76,1.39,21.34,0.00
2006-10-31,27.9,23.7,25.3,87,1.67,9.27,19.60
2006-11-01,30.3,23.6,26.7,79,1.62,17.87,3.30
2006-11-02,31.7,24.3,27.8,71,1.84,22.32,0.00
2006-11-03,31.5,24.0,27.8,71,1.60,22.47,0.00
2006-11-04,32.4,24.4,28.3,73,1.28,23.67,0.00
2006-11-05,32.7,25.1,28.4,73,1.16,23.27,0.20
2006-11-06,32.9,25.7,28.8,71,1.70,20.87,0.20
2006-11-07,33.5,25.4,29.0,67,1.83,23.36,0.00
2006-11-08,33.8,24.4,29.0,66,1.36,25.18,0.00
2006-11-09,33.9,25.6,29.2,68,1.17,24.33,1.10
2006-11-10,30.5,24.6,26.5,81,1.19,17.24,13.30
2006-11-11,26.3,23.3,24.6,93,1.42,6.42,54.50
2006-11-12,31.1,22.0,26.2,83,1.22,21.42,1.40
2006-11-13,29.6,23.3,26.0,85,1.56,16.67,7.30
2006-11-14,25.5,22.9,24.2,91,1.49,8.07,37.30
2006-11-15,29.4,22.3,25.6,84,1.44,17.61,1.50
2006-11-16,31.4,21.9,26.5,78,2.44,24.00,0.80
2006-11-17,28.7,22.6,25.7,83,2.09,16.93,6.10
2006-11-18,27.7,22.3,24.8,87,1.85,15.09,4.20
2006-11-19,30.1,22.8,25.7,85,1.53,18.40,3.30
2006-11-20,29.2,23.4,25.8,84,1.54,17.01,7.40
2006-11-21,28.8,23.1,25.3,87,1.13,15.09,15.30
2006-11-22,27.7,22.6,24.8,89,1.27,12.96,6.90
2006-11-23,30.2,22.6,25.8,86,1.07,19.95,8.60
2006-11-24,30.5,23.0,26.2,85,1.15,19.68,3.00
2006-11-25,30.9,22.8,26.8,82,1.31,20.60,2.10
2006-11-26,31.3,23.5,27.1,77,1.92,24.46,0.20
2006-11-27,31.1,23.8,27.2,76,1.79,23.37,0.00
2006-11-28,31.5,23.4,27.5,79,1.16,23.33,0.00
2006-11-29,31.6,24.8,27.8,79,1.36,22.26,1.30
2006-11-30,30.5,23.8,26.8,81,1.38,18.26,0.50
2006-12-01,29.0,24.0,25.9,86,1.24,12.47,3.20
2006-12-02,30.0,23.9,26.5,85,0.72,17.07,0.60
2006-12-03,31.0,23.5,27.1,81,1.37,22.76,0.20
2006-12-04,31.1,24.5,27.2,77,1.86,21.93,2.20
2006-12-05,31.0,24.4,27.5,75,1.94,21.31,0.40
2006-12-06,32.3,24.6,28.3,70,1.91,23.88,0.00
2006-12-07,32.2,24.6,28.1,70,2.31,23.99,0.00
2006-12-08,32.3,24.2,28.0,68,1.90,24.43,0.00
2006-12-09,30.9,25.1,27.7,78,1.09,16.56,1.20
2006-12-10,30.0,23.7,25.8,87,1.20,14.56,24.60
2006-12-11,30.0,23.0,26.4,80,1.31,19.53,3.90
2006-12-12,28.4,23.8,25.8,86,0.84,13.60,12.10
2006-12-13,29.2,23.1,26.0,85,0.82,14.41,7.50
2006-12-14,29.4,23.7,26.0,84,1.38,16.45,2.30
2006-12-15,29.8,22.9,25.6,85,1.47,20.35,6.30
2006-12-16,27.6,22.9,25.0,88,1.51,15.48,16.50
2006-12-17,29.8,22.3,25.9,85,1.47,19.30,8.10
2006-12-18,28.6,23.7,25.9,86,1.79,14.19,14.60
2006-12-19,27.9,23.0,24.9,90,1.23,11.96,4.80
2006-12-20,30.6,22.7,26.6,84,1.63,22.96,0.40
2006-12-21,31.0,23.8,27.2,80,2.16,20.49,1.10
2006-12-22,31.6,23.7,27.5,80,1.54,23.16,0.30
2006-12-23,31.4,23.7,27.5,80,1.63,23.49,1.10
2006-12-24,30.6,23.6,26.7,82,1.45,21.39,1.40
2006-12-25,29.6,24.0,26.2,83,1.36,16.08,1.30
2006-12-26,29.1,23.9,26.2,82,1.65,16.48,1.50
2006-12-27,29.6,22.9,25.5,84,1.43,16.76,4.00
2006-12-28,29.9,22.6,26.4,80,1.42,20.98,0.00
2006-12-29,29.6,23.2,26.2,82,0.84,17.58,0.60
2006-12-30,29.9,23.7,26.5,82,1.03,18.58,2.60
2006-12-31,29.5,23.5,25.7,86,0.93,16.03,6.30
2007-01-01,29.0,22.6,25.5,86,1.26,18.40,7.70
2007-01-02,30.3,23.1,26.2,83,1.82,19.93,2.10
2007-01-03,28.4,23.1,25.7,85,1.40,16.01,8.20
2007-01-04,27.8,23.4,25.3,87,1.19,12.15,4.30
2007-01-05,30.0,22.9,26.4,84,1.20,21.33,0.90
2007-01-06,30.1,23.2,26.5,83,1.14,19.80,3.80
2007-01-07,30.1,23.4,26.3,83,1.22,18.35,0.30
2007-01-08,30.4,23.4,26.8,84,0.81,20.79,1.10
2007-01-09,29.6,23.2,26.4,84,1.35,18.58,3.50
2007-01-10,29.7,24.1,26.3,84,1.11,16.43,1.70
2007-01-11,29.3,23.5,26.2,85,1.06,16.18,1.50
2007-01-12,29.0,23.3,25.7,88,1.12,14.83,10.20
2007-01-13,29.2,23.6,25.6,86,1.44,15.54,12.50
2007-01-14,31.7,23.3,27.1,79,1.42,21.41,0.30
2007-01-15,32.0,23.7,27.7,75,1.65,23.80,0.00
2007-01-16,31.3,24.4,27.6,81,1.30,21.64,2.80
2007-01-17,30.8,23.6,27.3,83,1.28,21.01,1.90
2007-01-18,30.8,24.6,27.1,83,1.44,19.72,2.10
2007-01-19,30.5,23.7,26.8,84,1.62,20.16,2.60
2007-01-20,31.1,23.5,27.1,79,2.01,22.48,0.10
2007-01-21,31.5,24.1,27.6,79,1.51,23.00,0.90
2007-01-22,30.8,23.6,27.2,78,1.61,22.63,0.60
2007-01-23,31.0,24.0,27.3,79,1.47,21.42,1.30
2007-01-24,31.4,24.4,27.7,78,1.64,19.60,0.30
2007-01-25,31.9,24.8,27.8,74,2.08,22.37,0.00
2007-01-26,32.2,24.6,28.1,76,2.04,22.27,0.00
2007-01-27,30.9,24.8,27.3,82,1.60,20.43,1.00
2007-01-28,30.8,23.6,26.9,83,1.09,21.83,4.20
2007-01-29,31.2,24.4,27.8,80,1.05,21.91,0.60
2007-01-30,28.4,24.4,26.1,85,1.29,11.53,7.80
2007-01-31,30.6,23.9,26.5,83,1.74,20.13,2.40
2007-02-01,27.7,23.7,25.4,89,1.53,11.28,12.20
2007-02-02,25.9,23.6,24.5,93,1.05,6.80,18.70
2007-02-03,28.2,23.1,25.2,88,1.28,12.74,9.70
2007-02-04,29.1,23.3,25.4,88,1.53,13.13,7.80
2007-02-05,29.0,23.2,25.5,88,1.42,12.93,3.80
2007-02-06,29.5,23.5,25.9,86,1.31,13.89,4.60
2007-02-07,26.4,23.4,24.3,94,1.62,6.05,27.80
2007-02-08,27.9,22.7,24.5,90,1.73,13.11,7.60
2007-02-09,26.9,22.8,24.3,93,1.03,9.71,18.80
2007-02-10,29.7,22.8,25.6,87,1.06,18.79,1.70
2007-02-11,28.9,23.3,25.8,85,1.62,15.97,0.80
2007-02-12,28.9,22.9,25.4,87,1.37,12.79,4.10
2007-02-13,28.8,23.2,25.5,87,1.24,15.53,7.20
2007-02-14,28.1,22.8,24.7,90,1.28,13.32,11.00
2007-02-15,26.1,23.0,24.1,93,1.57,6.10,35.70
2007-02-16,26.8,22.6,24.4,89,0.82,9.35,13.60
2007-02-17,27.9,22.6,24.6,90,1.39,12.85,11.30
2007-02-18,28.3,22.6,24.4,91,1.17,12.54,12.50
2007-02-19,25.2,22.6,23.8,88,2.47,7.92,13.00
2007-02-20,26.4,22.0,23.5,92,2.27,9.79,21.20
2007-02-21,28.7,22.0,24.9,83,1.27,13.32,7.60
2007-02-22,27.9,22.5,24.6,88,1.32,13.53,5.00
2007-02-23,27.3,22.1,24.3,90,1.51,14.45,3.70
2007-02-24,30.0,22.6,25.6,82,2.20,19.32,0.20
2007-02-25,31.1,23.3,26.3,83,1.97,23.27,3.20
2007-02-26,29.1,22.7,25.2,87,1.62,14.32,9.00
2007-02-27,29.2,22.5,25.2,85,1.77,13.87,1.20
2007-02-28,29.9,22.4,25.9,82,1.43,19.89,3.00
2007-03-01,29.9,22.9,25.9,83,1.63,20.65,7.20
2007-03-02,28.5,22.7,25.0,88,1.92,13.86,7.20
2007-03-03,30.2,22.5,26.0,81,2.01,23.18,0.10
2007-03-04,30.2,22.6,26.4,79,2.17,23.07,0.20
2007-03-05,29.7,23.5,26.0,83,1.45,15.58,1.90
2007-03-06,28.7,22.5,25.5,85,1.78,14.94,5.90
2007-03-07,29.2,23.1,26.0,84,1.29,17.29,3.20
2007-03-08,30.2,23.0,25.8,84,1.33,18.94,4.30
2007-03-09,29.0,22.9,25.4,87,1.57,14.76,3.40
2007-03-10,29.0,23.3,25.6,86,1.61,16.42,5.00
2007-03-11,28.1,22.9,25.0,87,1.09,12.06,4.40
2007-03-12,28.3,22.3,25.1,87,1.50,14.57,5.50
2007-03-13,28.5,22.7,25.2,87,1.55,13.72,4.10
2007-03-14,29.4,23.4,25.6,87,1.01,17.14,15.60
2007-03-15,26.8,23.0,24.4,93,1.27,9.54,9.40
2007-03-16,28.0,22.5,24.2,90,1.35,13.27,19.80
2007-03-17,28.8,21.7,24.8,87,1.57,15.66,2.00
2007-03-18,29.9,22.6,25.6,84,1.69,17.88,3.10
2007-03-19,27.7,23.2,25.0,89,1.35,11.30,5.30
2007-03-20,28.5,22.5,24.6,90,1.10,13.95,17.50
2007-03-21,27.6,22.5,24.9,88,1.25,13.36,8.30
2007-03-22,28.5,22.5,24.9,87,1.11,15.87,4.80
2007-03-23,29.1,22.5,25.2,86,1.42,17.63,1.70
2007-03-24,30.6,22.7,26.3,83,1.73,23.31,0.30
2007-03-25,30.3,23.6,26.3,83,1.68,18.18,5.70
2007-03-26,30.1,23.4,26.2,85,1.65,19.68,0.40
2007-03-27,30.4,23.4,26.3,83,1.94,18.21,0.80
2007-03-28,29.7,23.7,26.0,85,1.67,16.48,1.90
2007-03-29,30.2,23.2,26.3,82,1.92,17.10,1.50
2007-03-30,30.9,23.4,27.1,77,2.23,23.34,0.10
2007-03-31,31.0,23.7,27.3,80,1.50,23.59,1.00
2007-04-01,31.2,23.7,27.1,80,1.65,20.88,0.70
2007-04-02,29.8,24.0,26.0,86,1.66,15.01,5.30
2007-04-03,30.0,23.5,26.4,83,1.37,18.45,1.20
2007-04-04,30.1,23.4,26.1,84,1.80,19.75,1.50
2007-04-05,30.3,23.6,26.2,83,1.64,18.10,2.30
2007-04-06,30.4,23.8,26.6,83,2.23,18.50,0.20
2007-04-07,30.5,24.0,26.7,84,1.63,18.26,2.60
2007-04-08,30.4,23.7,26.5,84,1.69,19.02,0.50
2007-04-09,30.6,23.7,26.5,83,1.06,19.16,2.90
2007-04-10,28.5,23.5,25.7,86,0.95,14.03,2.30
2007-04-11,27.0,22.9,24.8,89,1.07,10.34,11.80
2007-04-12,27.8,23.1,25.1,87,1.07,12.53,4.30
2007-04-13,28.2,23.1,25.5,88,0.97,14.98,6.50
2007-04-14,29.2,22.9,25.4,88,1.70,15.91,3.40
2007-04-15,29.9,23.2,25.8,86,1.84,18.37,1.20
2007-04-16,29.9,22.9,26.0,84,1.30,18.21,9.30
2007-04-17,29.0,22.8,25.4,86,1.36,16.00,5.80
2007-04-18,28.9,22.6,25.1,86,1.71,16.07,6.70
2007-04-19,28.6,22.6,25.2,88,1.64,14.56,3.70
2007-04-20,28.4,23.4,25.5,87,1.80,15.00,7.80
2007-04-21,30.0,22.5,26.0,84,1.51,19.19,0.80
2007-04-22,28.8,24.0,25.7,85,1.83,11.98,3.00
2007-04-23,28.6,22.8,25.1,90,1.00,14.07,2.00
2007-04-24,29.5,22.7,25.6,85,1.13,17.69,0.40
2007-04-25,29.3,23.1,25.7,83,1.80,17.12,1.00
2007-04-26,29.9,22.6,25.8,86,1.19,17.84,5.60
2007-04-27,30.2,22.7,25.8,85,1.43,18.70,3.70
2007-04-28,29.3,23.2,26.1,83,1.04,17.75,3.00
2007-04-29,27.1,22.9,24.6,89,1.38,12.09,2.30
2007-04-30,28.9,21.9,25.3,88,1.09,15.35,0.20
2007-05-01,29.7,22.5,25.7,87,1.40,19.00,0.60
2007-05-02,27.3,22.8,25.0,89,1.68,11.94,12.70
2007-05-03,29.0,22.4,25.3,87,1.48,14.66,3.90
2007-05-04,29.7,23.3,25.8,87,1.17,15.78,2.60
2007-05-05,30.6,22.9,26.8,78,2.49,21.77,0.00
2007-05-06,30.6,23.9,27.1,76,2.56,20.82,0.00
2007-05-07,30.9,23.1,27.0,76,2.46,22.02,0.00
2007-05-08,31.3,23.0,27.0,74,2.00,21.15,0.00
2007-05-09,31.4,24.4,27.2,76,1.50,18.79,0.00
2007-05-10,29.7,23.1,26.5,82,1.67,17.76,0.00
2007-05-11,30.4,23.2,26.6,78,2.26,19.81,0.10
2007-05-12,31.0,22.3,26.3,72,2.70,22.06,0.00
2007-05-13,31.6,22.2,26.7,71,2.38,21.72,0.00
2007-05-14,31.2,22.8,26.8,73,2.40,20.56,0.00
2007-05-15,31.4,22.8,26.9,76,2.04,21.12,0.10
2007-05-16,31.0,23.1,26.9,79,1.81,19.54,0.00
2007-05-17,31.3,23.5,27.1,76,2.48,19.61,0.10
2007-05-18,32.0,22.6,27.2,69,2.62,20.06,0.00
2007-05-19,32.6,22.1,27.2,66,2.21,21.87,0.00
2007-05-20,31.4,23.1,27.1,71,2.24,18.05,0.00
2007-05-21,31.2,24.0,27.2,75,2.35,17.06,0.20
2007-05-22,32.7,24.1,27.8,69,2.26,21.11,0.00
2007-05-23,31.9,22.6,27.3,72,1.88,19.96,0.10
2007-05-24,31.3,23.7,27.3,75,1.64,17.93,0.00
2007-05-25,31.4,23.6,27.5,76,1.62,18.89,0.40
2007-05-26,29.3,23.3,25.9,85,1.95,12.20,11.00
2007-05-27,29.1,21.8,25.4,85,1.73,14.92,0.10
2007-05-28,29.3,22.9,25.6,84,1.83,14.99,5.60
2007-05-29,30.3,23.0,26.2,84,1.14,16.91,0.40
2007-05-30,30.1,22.7,26.0,84,1.16,16.62,4.50
2007-05-31,29.9,22.5,26.0,83,1.63,17.05,0.30
2007-06-01,29.8,22.0,25.7,79,2.42,18.79,0.30
2007-06-02,30.2,22.7,25.9,74,2.50,18.14,0.00
2007-06-03,31.7,21.3,26.5,70,2.35,21.19,0.00
2007-06-04,30.9,22.7,26.8,73,1.23,18.23,0.00
2007-06-05,29.2,23.2,25.8,80,2.19,12.84,0.60
2007-06-06,29.5,22.4,25.5,82,1.97,16.29,0.10
2007-06-07,30.5,21.9,26.0,77,2.12,18.64,0.00
2007-06-08,30.9,21.8,26.3,73,2.25,18.70,0.00
2007-06-09,31.8,21.8,26.6,68,2.71,20.79,0.00
2007-06-10,30.5,23.3,26.1,76,2.28,16.56,2.30
2007-06-11,31.4,23.7,27.0,69,2.56,18.25,0.00
2007-06-12,32.7,22.6,27.3,63,2.56,21.77,0.00
2007-06-13,31.2,23.9,27.3,64,3.02,17.97,0.00
2007-06-14,32.7,23.9,27.8,64,2.76,20.87,0.00
2007-06-15,32.4,21.7,27.1,61,2.64,21.96,0.00
2007-06-16,33.4,22.5,27.7,54,2.68,20.61,0.00
2007-06-17,33.5,21.6,27.5,59,2.62,19.18,0.00
2007-06-18,32.5,23.3,27.8,59,2.85,16.73,0.00
2007-06-19,33.1,22.7,27.5,56,2.69,21.15,0.00
2007-06-20,33.3,21.7,27.4,56,2.80,21.45,0.00
2007-06-21,33.3,22.3,27.4,54,3.24,21.95,0.00
2007-06-22,32.5,21.1,26.6,55,3.16,19.74,0.00
2007-06-23,32.6,20.8,26.7,55,2.89,20.60,0.00
2007-06-24,34.2,23.0,28.3,49,2.81,21.61,0.00
2007-06-25,33.2,22.8,27.8,51,2.32,19.52,0.00
2007-06-26,33.5,21.6,27.5,48,2.69,20.61,0.00
2007-06-27,33.4,22.4,27.6,49,3.08,21.78,0.00
2007-06-28,32.2,23.6,27.5,55,2.70,14.36,0.00
2007-06-29,33.9,24.6,28.5,50,2.67,18.56,0.00
2007-06-30,33.2,23.0,27.8,51,2.21,18.52,0.00
2007-07-01,32.9,22.4,27.6,57,2.36,18.73,0.00
2007-07-02,33.7,22.2,28.0,57,2.28,19.56,0.00
2007-07-03,33.6,23.4,28.2,56,2.06,18.92,0.00
2007-07-04,33.7,23.3,28.2,55,2.84,19.88,0.00
2007-07-05,33.3,23.5,28.1,52,3.20,19.80,0.00
2007-07-06,33.3,22.3,27.4,53,2.86,18.86,0.00
2007-07-07,33.2,22.8,27.8,52,3.02,20.13,0.00
2007-07-08,33.9,22.4,28.1,52,2.90,22.06,0.00
2007-07-09,34.5,23.8,28.8,51,2.58,21.15,0.00
2007-07-10,34.0,25.3,29.2,51,2.38,20.98,0.00
2007-07-11,34.1,24.4,29.0,50,2.61,20.78,0.00
2007-07-12,33.8,24.6,28.7,49,2.58,20.13,0.00
2007-07-13,34.3,22.9,28.7,48,2.60,21.22,0.00
2007-07-14,33.6,23.0,28.4,54,2.39,19.04,0.00
2007-07-15,32.1,23.1,27.9,59,1.81,18.42,0.00
2007-07-16,33.2,24.0,28.4,59,1.78,18.03,0.00
2007-07-17,33.0,24.2,28.6,62,1.92,18.67,0.00
2007-07-18,33.2,24.0,28.6,61,1.84,19.62,0.00
2007-07-19,34.9,24.0,29.3,54,1.80,19.91,0.00
2007-07-20,32.3,24.2,28.3,63,2.00,18.77,0.00
2007-07-21,33.2,24.0,28.1,60,2.55,20.38,0.00
2007-07-22,33.6,22.6,28.1,54,2.16,21.24,0.00
2007-07-23,33.9,23.6,28.7,53,2.01,20.17,0.00
2007-07-24,33.6,24.2,28.8,52,2.15,19.29,0.00
2007-07-25,33.3,22.8,28.1,59,2.32,20.16,0.00
2007-07-26,34.4,23.8,28.8,56,2.10,20.88,0.00
2007-07-27,33.6,23.7,28.5,58,2.34,19.21,0.00
2007-07-28,32.4,23.7,28.0,61,2.28,18.73,0.00
2007-07-29,33.3,24.0,28.1,56,2.01,18.76,0.20
2007-07-30,34.3,22.7,28.1,48,2.27,21.84,0.00
2007-07-31,33.6,22.9,27.7,45,3.28,23.10,0.00
2007-08-01,33.3,22.2,27.7,45,2.95,23.43,0.00
2007-08-02,33.7,21.9,27.9,46,2.99,22.80,0.00
2007-08-03,34.0,24.2,28.6,47,2.82,21.74,0.00
2007-08-04,33.4,23.2,28.3,48,3.00,21.21,0.00
2007-08-05,33.9,24.1,28.9,47,2.86,20.07,0.00
2007-08-06,35.5,23.5,29.1,44,2.84,23.31,0.00
2007-08-07,35.0,22.5,28.7,43,2.74,23.66,0.00
2007-08-08,34.9,23.2,28.7,43,3.12,23.55,0.00
2007-08-09,34.6,22.8,28.6,46,3.02,23.64,0.00
2007-08-10,34.4,22.8,28.4,42,3.28,24.02,0.00
2007-08-11,34.9,21.9,28.4,45,2.87,23.92,0.00
2007-08-12,34.7,23.7,29.0,46,2.64,21.67,0.00
2007-08-13,34.8,24.1,28.9,42,2.75,23.52,0.00
2007-08-14,34.3,23.1,28.4,41,3.41,24.01,0.00
2007-08-15,34.0,22.6,28.1,42,3.34,24.10,0.00
2007-08-16,34.2,23.2,28.1,40,3.30,24.17,0.00
2007-08-17,34.4,22.2,28.5,43,2.49,23.12,0.00
2007-08-18,34.5,24.5,29.2,43,2.55,23.54,0.00
2007-08-19,34.9,24.4,29.1,38,3.08,24.00,0.00
2007-08-20,35.2,23.1,29.1,41,2.79,24.37,0.00
2007-08-21,35.2,24.0,29.4,45,2.44,22.13,0.00
2007-08-22,34.7,24.2,29.1,58,1.88,21.50,0.00
2007-08-23,34.7,25.3,29.3,53,2.46,21.45,0.00
2007-08-24,35.0,24.2,29.2,44,2.59,24.22,0.00
2007-08-25,35.4,23.8,29.5,43,2.76,24.51,0.00
2007-08-26,35.2,25.2,29.5,48,2.45,21.92,0.00
2007-08-27,34.7,23.9,29.0,54,2.35,21.62,0.00
2007-08-28,35.3,23.5,29.1,49,1.76,22.55,0.00
2007-08-29,34.9,24.2,29.1,47,2.10,22.84,0.00
2007-08-30,34.5,24.2,29.1,49,2.98,23.63,0.00
2007-08-31,34.1,23.5,28.7,47,3.34,21.85,0.00
2007-09-01,35.9,25.0,29.8,42,2.60,22.18,0.00
2007-09-02,35.5,24.1,29.7,40,2.40,23.81,0.00
2007-09-03,35.0,24.2,29.6,41,2.72,23.90,0.00
2007-09-04,35.6,24.2,29.7,39,2.87,24.75,0.00
2007-09-05,35.3,24.8,29.6,38,4.07,24.70,0.00
2007-09-06,34.4,25.1,29.6,41,3.32,18.32,0.00
2007-09-07,35.5,25.7,30.1,40,3.23,22.92,0.00
2007-09-08,35.4,24.3,29.9,40,2.78,23.98,0.00
2007-09-09,35.3,24.6,29.7,44,2.47,23.98,0.00
2007-09-10,36.2,24.5,30.1,39,2.45,25.53,0.00
2007-09-11,36.3,24.4,30.2,37,2.86,25.91,0.00
2007-09-12,36.4,24.6,30.2,35,3.42,26.38,0.00
2007-09-13,35.6,25.1,30.1,39,3.39,25.91,0.00
2007-09-14,36.1,25.8,30.5,37,3.03,25.23,0.00
2007-09-15,36.2,24.3,30.2,37,2.43,26.38,0.00
2007-09-16,35.5,24.1,29.9,47,1.74,24.53,0.00
2007-09-17,34.6,25.3,29.6,59,2.20,21.96,0.00
2007-09-18,34.0,25.5,29.5,58,2.51,20.19,0.00
2007-09-19,34.8,24.8,29.5,55,2.34,23.49,0.20
2007-09-20,35.5,25.0,30.0,50,2.30,23.90,0.00
2007-09-21,33.9,24.7,29.4,53,1.76,22.51,0.00
2007-09-22,35.7,24.4,29.9,50,2.25,23.41,0.00
2007-09-23,35.4,25.0,30.1,48,2.41,23.89,0.00
2007-09-24,35.5,25.3,30.1,50,1.91,24.18,0.00
2007-09-25,35.7,25.1,30.0,54,2.65,25.56,0.00
2007-09-26,31.0,25.8,28.3,67,2.10,16.24,2.20
2007-09-27,33.5,23.7,28.2,61,2.23,21.54,0.30
2007-09-28,35.1,22.7,29.2,47,2.95,24.88,0.00
2007-09-29,35.4,23.8,29.5,49,2.50,24.92,0.00
2007-09-30,34.7,24.5,29.3,51,2.38,23.34,0.00
2007-10-01,34.7,24.9,29.6,54,2.48,23.39,0.00
2007-10-02,35.9,24.8,29.9,54,2.11,24.43,0.00
2007-10-03,33.7,24.7,29.2,59,1.59,22.60,0.10
2007-10-04,32.5,24.7,28.2,66,1.76,19.52,1.60
2007-10-05,32.0,23.9,27.5,71,1.91,16.89,0.30
2007-10-06,32.8,24.4,27.6,71,2.05,19.40,2.40
2007-10-07,34.5,24.0,28.9,63,2.05,24.33,0.10
2007-10-08,34.6,25.5,29.6,58,2.07,23.75,0.00
2007-10-09,34.7,25.1,29.6,59,2.33,23.31,0.10
2007-10-10,34.6,24.8,29.5,58,1.79,23.33,0.10
2007-10-11,33.9,25.6,29.4,62,2.24,22.89,0.00
2007-10-12,33.3,24.9,28.9,64,1.79,22.71,0.00
2007-10-13,33.7,25.1,29.2,62,2.20,21.32,0.00
2007-10-14,34.9,25.3,29.9,54,2.80,22.73,0.00
2007-10-15,35.5,25.2,30.2,50,2.21,24.34,0.00
2007-10-16,36.2,24.1,30.3,49,1.46,25.76,0.00
2007-10-17,36.1,25.7,30.5,45,1.78,25.84,0.00
2007-10-18,34.8,25.2,29.9,56,2.02,24.82,0.00
2007-10-19,35.5,25.8,30.1,58,1.61,24.79,0.00
2007-10-20,34.3,26.5,29.4,61,1.92,22.41,1.60
2007-10-21,33.3,25.3,28.3,67,1.34,21.63,1.80
2007-10-22,30.1,23.7,26.5,80,1.89,17.22,9.80
2007-10-23,31.4,23.9,27.3,72,1.73,19.51,0.40
2007-10-24,32.2,23.5,28.0,67,1.46,23.59,0.00
2007-10-25,33.1,24.1,28.6,65,1.82,22.71,0.20
2007-10-26,35.0,24.0,29.2,60,1.85,24.33,0.00
2007-10-27,35.8,24.1,29.9,53,2.25,25.07,0.00
2007-10-28,34.7,25.1,29.8,55,2.37,23.90,0.00
2007-10-29,34.8,25.7,30.2,55,2.18,22.20,0.00
2007-10-30,34.7,25.7,30.1,57,1.73,23.02,0.00
2007-10-31,30.8,25.2,27.7,70,1.34,15.58,3.70
2007-11-01,32.9,24.9,28.7,66,1.43,22.03,0.20
2007-11-02,33.1,25.3,28.7,64,2.05,21.29,0.50
2007-11-03,34.1,24.8,29.5,61,2.05,23.14,0.00
2007-11-04,34.0,25.6,29.6,59,1.48,23.39,0.00
2007-11-05,33.2,26.0,29.5,64,1.11,21.04,0.10
2007-11-06,32.9,26.0,28.8,64,2.28,18.64,0.90
2007-11-07,34.8,24.7,29.4,59,2.46,23.54,0.00
2007-11-08,35.3,25.0,29.9,52,2.18,24.29,0.00
2007-11-09,35.2,25.0,29.9,55,2.13,24.39,0.00
2007-11-10,34.7,25.9,29.9,59,1.89,22.94,0.00
2007-11-11,34.0,25.6,29.2,65,1.66,21.45,1.30
2007-11-12,32.8,24.5,28.4,68,1.43,19.72,1.90
2007-11-13,32.1,24.8,28.1,68,1.86,18.46,4.60
2007-11-14,31.2,23.5,27.1,74,1.85,19.57,1.50
2007-11-15,33.0,24.6,28.8,62,2.38,22.02,0.00
2007-11-16,34.4,24.8,29.4,56,2.69,23.46,0.00
2007-11-17,35.2,25.3,29.9,54,2.44,23.01,0.00
2007-11-18,35.0,24.4,29.6,54,1.86,23.14,0.00
2007-11-19,33.7,25.4,29.2,59,1.42,21.77,0.00
2007-11-20,34.1,24.9,29.6,58,2.12,22.51,0.00
2007-11-21,35.0,26.1,30.3,56,1.87,23.35,0.10
2007-11-22,31.8,26.4,28.6,66,1.67,14.23,0.60
2007-11-23,32.1,25.6,28.3,68,1.61,18.54,0.50
2007-11-24,33.2,24.3,27.9,72,1.64,19.35,5.60
2007-11-25,32.5,24.8,28.7,70,1.42,19.66,1.10
2007-11-26,30.7,24.2,26.3,82,1.26,15.14,13.70
2007-11-27,30.7,23.7,26.5,82,1.02,17.21,13.10
2007-11-28,25.9,23.4,24.5,94,1.34,6.97,17.80
2007-11-29,30.4,23.1,26.6,83,1.01,20.79,0.40
2007-11-30,30.8,23.5,26.8,82,1.22,20.25,23.50
2007-12-01,29.3,23.4,25.6,87,0.88,15.44,13.90
2007-12-02,30.4,23.6,26.7,83,0.78,19.03,3.40
2007-12-03,30.5,23.5,26.4,82,1.33,19.74,7.00
2007-12-04,30.9,23.7,26.8,80,1.37,21.74,2.90
2007-12-05,27.9,23.1,25.1,86,1.49,16.43,21.60
2007-12-06,31.4,23.0,26.9,76,1.77,23.85,0.00
2007-12-07,30.2,23.7,26.8,78,1.77,20.94,1.20
2007-12-08,27.6,23.8,25.3,86,1.35,12.39,11.90
2007-12-09,30.0,22.4,25.5,85,1.81,17.42,0.60
2007-12-10,30.7,23.2,26.8,78,2.14,23.71,0.00
2007-12-11,31.7,23.6,27.0,80,1.34,21.46,4.90
2007-12-12,30.1,23.4,26.6,81,2.12,17.79,0.00
2007-12-13,31.0,23.9,27.2,76,2.25,22.89,0.40
2007-12-14,31.3,23.7,26.7,76,2.09,22.36,0.50
2007-12-15,31.2,22.1,26.9,75,1.41,24.72,0.00
2007-12-16,30.0,23.8,26.8,78,2.04,21.36,3.90
2007-12-17,30.6,23.7,26.4,80,1.80,18.67,1.50
2007-12-18,31.7,23.4,26.9,79,1.64,23.08,4.60
2007-12-19,31.1,23.5,27.1,78,1.38,20.89,0.40
2007-12-20,30.8,24.0,27.4,79,1.18,21.25,0.30
2007-12-21,30.9,24.0,27.1,80,1.22,20.99,3.60
2007-12-22,30.3,24.0,26.4,84,1.02,17.54,2.60
2007-12-23,29.0,23.2,26.1,85,1.01,16.69,16.30
2007-12-24,27.2,23.2,25.0,89,1.28,12.09,13.40
2007-12-25,29.8,22.5,25.8,85,1.00,17.18,0.80
2007-12-26,29.1,23.4,25.9,83,1.62,15.38,1.90
2007-12-27,30.8,22.9,26.7,80,1.49,20.81,0.70
2007-12-28,30.0,23.2,25.5,86,1.35,15.38,8.70
2007-12-29,27.4,22.8,24.8,89,1.14,12.07,14.70
2007-12-30,29.9,22.4,25.7,83,1.74,20.69,1.40
2007-12-31,29.2,22.9,25.6,83,2.06,15.33,1.80
2008-01-01,27.4,22.9,24.7,87,1.18,11.19,18.10
2008-01-02,28.3,22.1,24.4,90,1.21,13.55,6.30
2008-01-03,29.2,22.5,25.4,85,1.47,17.57,1.90
2008-01-04,30.5,23.0,26.3,81,1.66,21.27,3.20
2008-01-05,28.3,23.0,25.5,86,1.29,14.75,5.40
2008-01-06,30.5,22.9,26.2,83,1.27,18.08,0.50
2008-01-07,30.9,23.0,26.4,82,1.63,20.79,2.60
2008-01-08,28.8,22.9,25.5,86,1.28,17.08,10.50
2008-01-09,29.2,22.7,25.4,85,1.30,16.61,8.50
2008-01-10,28.0,22.7,24.3,88,1.47,12.65,6.70
2008-01-11,29.6,22.4,25.5,84,1.00,19.37,4.00
2008-01-12,30.9,22.8,26.6,83,1.49,23.59,0.10
2008-01-13,30.7,24.1,26.7,79,1.93,21.55,0.70
2008-01-14,29.1,23.2,25.7,83,1.63,15.95,4.00
2008-01-15,27.7,22.4,24.6,87,1.81,13.82,6.70
2008-01-16,29.1,22.7,24.9,86,1.24,15.30,4.20
2008-01-17,26.8,22.5,24.3,91,1.06,11.39,5.60
2008-01-18,27.1,22.4,24.0,90,1.23,10.23,14.60
2008-01-19,28.1,21.9,24.5,89,1.19,15.59,9.10
2008-01-20,28.6,22.5,24.6,90,1.42,15.80,7.80
2008-01-21,29.2,21.9,25.0,85,1.30,18.24,7.80
2008-01-22,28.7,22.4,25.1,85,1.08,14.79,4.40
2008-01-23,29.3,22.3,25.3,87,1.30,17.13,4.70
2008-01-24,29.9,22.7,25.9,84,1.75,19.53,4.30
2008-01-25,30.1,22.9,26.1,83,1.37,18.75,1.40
2008-01-26,29.1,23.0,25.2,87,1.09,16.62,15.50
2008-01-27,28.5,22.6,24.8,90,1.41,14.29,15.20
2008-01-28,26.8,22.8,24.2,92,1.25,7.30,41.10
2008-01-29,28.9,22.8,25.0,88,1.10,12.64,7.30
2008-01-30,27.7,22.8,24.9,89,0.82,13.10,9.70
2008-01-31,27.9,22.9,24.7,90,1.50,12.21,17.60
2008-02-01,26.8,22.8,24.4,88,1.83,9.00,9.70
2008-02-02,27.7,22.4,24.4,89,1.00,13.09,5.00
2008-02-03,28.9,22.7,25.1,86,1.17,11.49,5.10
2008-02-04,30.8,22.8,26.7,81,1.07,22.49,0.50
2008-02-05,30.2,23.2,26.4,83,1.25,20.53,1.70
2008-02-06,29.5,23.3,25.7,84,1.23,17.64,3.00
2008-02-07,30.8,22.8,26.1,84,1.06,21.44,2.40
2008-02-08,31.2,22.3,26.3,81,1.63,23.89,1.20
2008-02-09,30.0,23.7,26.4,81,1.73,20.03,1.40
2008-02-10,29.3,23.7,25.9,83,1.72,18.58,3.90
2008-02-11,28.9,22.7,25.0,88,1.55,16.30,17.40
2008-02-12,29.4,22.5,25.6,84,1.68,16.73,2.40
2008-02-13,28.8,23.5,25.5,84,1.67,15.67,10.10
2008-02-14,29.4,23.1,26.0,85,0.58,17.32,7.70
2008-02-15,28.1,22.7,24.7,89,1.27,14.34,20.00
2008-02-16,26.9,22.7,24.1,92,1.19,11.66,18.50
2008-02-17,29.5,22.5,25.2,85,1.57,18.61,4.20
2008-02-18,28.2,22.8,25.1,87,1.27,14.29,2.90
2008-02-19,30.3,22.9,26.0,84,1.40,18.95,3.50
2008-02-20,28.9,22.7,24.9,89,1.67,15.32,8.30
2008-02-21,28.2,22.1,24.6,86,1.84,15.90,7.20
2008-02-22,28.9,22.4,25.2,84,1.16,17.14,0.40
2008-02-23,29.8,23.0,25.8,83,1.11,22.31,0.60
2008-02-24,29.9,23.2,25.8,83,1.56,20.29,1.50
2008-02-25,30.5,22.7,26.2,81,1.82,23.06,0.20
2008-02-26,28.9,23.2,25.8,83,1.29,17.51,2.80
2008-02-27,29.2,22.8,25.6,85,0.93,17.62,1.50
2008-02-28,29.8,22.6,25.2,86,1.66,17.52,19.60
2008-02-29,26.6,22.8,24.3,90,1.17,9.55,13.00
2008-03-01,27.9,22.2,24.5,88,0.91,14.39,21.90
2008-03-02,26.4,22.3,23.8,92,0.99,8.19,8.70
2008-03-03,27.7,22.5,24.6,89,1.71,15.34,12.50
2008-03-04,30.3,22.0,26.2,83,0.94,20.90,1.10
2008-03-05,29.8,22.7,25.7,83,1.16,18.73,5.80
2008-03-06,29.0,23.2,25.5,84,1.07,17.82,4.80
2008-03-07,28.3,22.1,24.5,86,1.40,17.41,4.40
2008-03-08,28.3,21.7,24.7,86,1.76,16.49,2.70
2008-03-09,28.3,22.6,24.9,85,1.47,16.62,8.40
2008-03-10,30.1,22.3,25.5,85,1.45,20.20,8.10
2008-03-11,28.9,22.4,25.4,85,1.16,17.04,5.70
2008-03-12,27.7,22.3,24.2,89,1.67,15.22,17.60
2008-03-13,28.6,22.3,24.7,88,0.87,15.77,3.60
2008-03-14,28.0,22.1,24.7,87,1.54,16.16,10.70
2008-03-15,27.0,22.3,24.0,90,1.42,11.35,16.40
2008-03-16,28.1,22.3,24.4,90,1.19,15.26,11.70
2008-03-17,28.3,22.0,24.8,87,1.00,16.71,19.10
2008-03-18,27.6,22.2,24.1,89,1.40,12.78,18.80
2008-03-19,27.4,22.0,24.1,88,1.33,13.48,9.30
2008-03-20,27.4,21.8,24.1,89,1.15,13.61,9.40
2008-03-21,27.7,22.3,24.3,90,0.80,11.71,6.50
2008-03-22,27.4,22.4,24.3,90,0.73,12.67,12.10
2008-03-23,28.6,22.6,25.0,87,1.40,16.44,19.30
2008-03-24,27.3,22.3,24.5,90,1.41,11.01,15.90
2008-03-25,27.6,22.6,24.1,93,0.98,7.89,50.70
2008-03-26,26.5,22.7,24.1,91,1.41,8.68,10.30
2008-03-27,26.6,22.7,24.1,93,1.41,7.99,20.50
2008-03-28,27.7,22.3,24.4,88,1.08,12.64,7.80
2008-03-29,28.4,22.2,24.7,90,1.35,16.71,13.20
2008-03-30,27.5,22.5,24.3,91,1.13,11.93,29.30
2008-03-31,26.4,22.6,23.9,92,1.29,5.80,44.20
2008-04-01,25.3,22.3,23.2,93,2.17,5.87,8.00
2008-04-02,28.2,21.2,24.6,85,1.38,17.57,3.00
2008-04-03,29.2,22.5,25.1,87,0.95,17.74,6.50
2008-04-04,27.0,22.7,24.7,89,1.87,12.12,10.70
2008-04-05,26.8,22.5,24.4,90,2.22,10.75,11.20
2008-04-06,27.4,22.2,24.1,91,2.00,12.77,14.40
2008-04-07,28.3,22.1,24.8,87,1.34,16.48,8.70
2008-04-08,27.7,22.4,24.7,88,1.77,14.09,8.80
2008-04-09,28.5,22.4,24.7,87,2.15,14.98,4.70
2008-04-10,29.3,21.7,25.4,85,1.74,18.48,0.40
2008-04-11,29.6,22.9,25.8,84,1.41,18.00,1.10
2008-04-12,28.6,22.2,25.3,85,1.35,14.96,1.30
2008-04-13,27.2,23.0,25.1,85,1.34,13.49,3.50
2008-04-14,28.2,22.5,24.9,88,1.33,15.23,1.80
2008-04-15,28.2,22.5,24.5,89,1.10,13.87,14.20
2008-04-16,27.5,21.6,24.5,90,0.83,12.88,3.00
2008-04-17,29.4,22.3,25.5,86,1.52,14.79,1.60
2008-04-18,29.9,22.1,25.7,85,1.76,20.34,1.60
2008-04-19,29.8,22.7,25.8,85,1.11,18.94,0.10
2008-04-20,29.8,22.0,25.9,83,1.40,18.27,2.00
2008-04-21,29.4,23.0,25.7,85,1.68,16.39,2.60
2008-04-22,29.4,23.0,26.0,85,1.52,18.13,3.00
2008-04-23,29.7,23.1,25.8,85,2.08,16.99,1.10
2008-04-24,28.2,22.9,25.3,87,1.10,12.24,8.10
2008-04-25,28.1,22.6,24.7,90,1.39,11.97,12.90
2008-04-26,29.3,22.0,25.4,86,1.29,17.23,3.80
2008-04-27,28.2,22.9,25.4,88,1.37,12.02,2.90
2008-04-28,29.8,22.8,25.9,85,1.12,18.56,3.50
2008-04-29,28.9,23.1,25.7,88,1.46,16.20,6.40
2008-04-30,29.4,22.6,25.2,89,1.18,16.79,5.70
2008-05-01,29.4,22.4,25.8,86,1.36,16.05,0.60
2008-05-02,28.0,23.2,25.2,89,1.72,12.14,5.90
2008-05-03,29.2,22.7,25.3,87,1.60,16.09,8.60
2008-05-04,29.1,23.0,25.5,87,1.05,16.43,3.90
2008-05-05,27.2,22.5,24.3,90,1.29,8.61,8.60
2008-05-06,30.4,23.2,26.3,84,1.01,18.81,0.40
2008-05-07,29.6,22.7,25.9,87,1.26,18.13,1.70
2008-05-08,29.2,22.8,25.5,88,0.95,17.52,11.70
2008-05-09,26.6,22.9,24.1,91,1.39,7.84,18.70
2008-05-10,28.6,22.2,24.6,89,1.34,13.35,11.00
2008-05-11,27.6,22.1,24.7,89,1.39,13.68,5.10
2008-05-12,28.6,22.8,25.3,87,1.46,13.42,13.80
2008-05-13,29.9,22.4,25.8,77,2.81,20.99,0.00
2008-05-14,30.0,22.8,26.0,74,2.53,21.88,0.00
2008-05-15,30.3,22.4,26.2,74,2.21,20.67,0.00
2008-05-16,30.6,23.3,26.7,74,2.03,21.29,0.00
2008-05-17,30.3,23.2,26.3,80,2.07,18.83,0.40
2008-05-18,30.9,23.7,26.8,75,2.95,22.53,0.00
2008-05-19,30.3,23.1,26.3,74,2.84,17.90,0.00
2008-05-20,31.4,21.9,26.4,70,2.68,21.88,0.00
2008-05-21,30.6,23.3,26.5,74,2.28,17.48,0.00
2008-05-22,29.9,22.3,26.2,80,1.94,19.50,0.20
2008-05-23,29.7,22.7,26.0,80,1.80,17.98,0.40
2008-05-24,28.1,22.7,24.9,86,1.45,12.55,1.90
2008-05-25,28.5,22.2,24.8,86,1.16,13.53,5.30
2008-05-26,28.1,22.6,25.0,87,0.92,11.38,1.80
2008-05-27,28.7,22.0,25.1,86,1.90,16.19,0.20
2008-05-28,28.7,22.9,25.2,85,2.11,16.22,4.90
2008-05-29,30.3,23.1,26.1,77,2.44,18.22,0.10
2008-05-30,30.6,21.5,26.1,74,2.08,20.55,0.00
2008-05-31,30.3,23.3,26.4,77,1.94,17.15,0.00
2008-06-01,29.8,21.7,25.7,78,2.01,19.02,0.30
2008-06-02,29.6,22.5,25.7,75,1.88,16.63,0.00
2008-06-03,30.9,21.0,25.6,68,1.78,21.60,0.00
2008-06-04,30.6,21.4,25.5,69,1.51,16.92,0.00
2008-06-05,30.9,21.7,26.1,70,2.29,18.62,0.00
2008-06-06,31.5,22.0,26.5,70,2.47,18.44,0.00
2008-06-07,31.6,22.9,26.7,68,2.80,19.40,0.00
2008-06-08,31.7,21.0,26.2,65,2.62,18.97,0.00
2008-06-09,31.4,20.9,26.2,62,2.56,19.46,0.00
2008-06-10,31.9,23.6,27.0,64,2.30,13.67,0.00
2008-06-11,32.9,23.1,27.3,64,2.45,19.33,0.00
2008-06-12,32.4,23.0,27.4,64,2.14,19.13,0.00
2008-06-13,30.5,22.4,26.3,73,1.53,15.85,0.00
2008-06-14,30.9,22.8,26.8,72,1.47,17.90,0.00
2008-06-15,32.3,22.7,27.2,65,2.05,19.16,0.00
2008-06-16,33.3,22.5,27.4,61,1.85,18.44,0.00
2008-06-17,32.4,24.1,28.0,65,2.17,17.88,0.00
2008-06-18,31.8,23.3,27.2,72,1.96,17.54,0.50
2008-06-19,32.9,22.2,27.3,62,2.25,21.56,0.00
2008-06-20,33.2,21.5,27.3,56,2.05,21.15,0.00
2008-06-21,33.0,21.4,27.2,56,2.06,21.38,0.00
2008-06-22,32.6,21.2,26.8,53,2.52,21.87,0.00
2008-06-23,33.1,21.5,27.2,52,2.06,21.34,0.00
2008-06-24,33.3,21.5,27.3,57,1.79,18.63,0.00
2008-06-25,32.3,23.2,27.4,61,2.41,18.19,0.00
2008-06-26,33.4,22.0,27.5,57,2.48,20.19,0.00
2008-06-27,33.3,21.9,27.6,53,2.60,20.17,0.00
2008-06-28,33.0,22.5,27.7,53,2.67,20.19,0.00
2008-06-29,32.5,22.6,27.4,55,2.97,18.95,0.00
2008-06-30,32.7,22.3,27.2,53,2.38,17.34,0.00
2008-07-01,33.4,22.5,27.7,50,2.50,20.17,0.00
2008-07-02,31.6,24.1,27.6,57,3.00,17.26,0.00
2008-07-03,32.8,24.3,27.6,51,2.65,19.26,0.00
2008-07-04,32.7,22.9,27.4,51,2.25,17.92,0.00
2008-07-05,33.7,22.3,27.8,50,2.58,21.43,0.00
2008-07-06,32.7,23.7,27.6,53,3.06,17.21,0.00
2008-07-07,31.7,23.4,27.5,57,3.30,16.27,0.00
2008-07-08,32.6,23.5,27.7,53,3.19,19.54,0.00
2008-07-09,33.1,22.8,27.8,51,2.84,21.70,0.00
2008-07-10,32.7,22.4,27.4,49,2.99,19.20,0.00
2008-07-11,33.6,21.7,27.5,49,2.80,22.33,0.00
2008-07-12,33.2,22.5,27.8,49,2.93,22.25,0.00
2008-07-13,33.4,22.6,27.6,48,2.76,22.53,0.00
2008-07-14,32.7,22.3,27.2,46,2.60,22.08,0.00
2008-07-15,32.5,20.7,26.5,49,2.81,22.56,0.00
2008-07-16,32.3,21.6,26.7,49,2.94,19.96,0.00
2008-07-17,32.7,22.2,27.2,53,2.89,18.49,0.00
2008-07-18,32.1,23.5,27.6,54,2.81,18.41,0.00
2008-07-19,32.5,24.2,28.2,55,2.75,19.96,0.00
2008-07-20,34.1,24.0,28.6,54,2.53,21.10,0.00
2008-07-21,33.7,23.5,28.3,47,2.62,22.59,0.00
2008-07-22,33.2,22.4,27.6,52,2.77,17.56,0.00
2008-07-23,33.5,23.7,28.5,49,2.56,18.17,0.00
2008-07-24,34.5,23.3,28.7,49,2.07,22.36,0.00
2008-07-25,34.8,24.2,28.9,47,2.14,20.75,0.00
2008-07-26,33.6,22.8,28.1,50,2.54,19.82,0.00
2008-07-27,32.9,23.7,28.1,56,3.17,19.17,0.00
2008-07-28,33.6,24.0,28.6,49,3.07,22.60,0.00
2008-07-29,33.4,22.9,28.1,45,2.91,22.94,0.00
2008-07-30,33.5,24.1,28.4,46,2.32,17.18,0.00
2008-07-31,34.0,24.3,28.8,48,2.11,16.76,0.00
2008-08-01,34.2,24.1,29.0,46,2.42,21.92,0.00
2008-08-02,34.2,23.0,28.5,47,2.24,22.84,0.00
2008-08-03,34.7,22.5,28.7,47,2.26,22.46,0.00
2008-08-04,34.2,23.8,28.9,54,2.02,20.02,0.00
2008-08-05,34.6,24.1,29.1,57,2.55,20.88,0.00
2008-08-06,35.2,23.9,29.2,51,2.63,22.92,0.00
2008-08-07,34.2,23.0,28.6,38,3.15,23.82,0.00
2008-08-08,34.7,23.8,28.8,51,2.69,22.05,0.00
2008-08-09,34.4,25.4,29.3,54,2.92,19.93,0.00
2008-08-10,34.5,23.7,28.8,54,2.29,23.12,0.00
2008-08-11,34.9,23.0,28.9,41,2.71,24.27,0.00
2008-08-12,33.9,22.9,28.5,43,3.14,20.39,0.00
2008-08-13,34.6,23.3,28.9,45,2.69,20.50,0.00
2008-08-14,35.0,23.0,28.9,45,2.72,22.69,0.00
2008-08-15,35.0,23.7,29.2,44,2.67,23.21,0.00
2008-08-16,35.1,24.2,29.5,42,2.79,23.88,0.00
2008-08-17,34.4,23.4,29.1,44,2.58,21.83,0.00
2008-08-18,35.5,24.4,29.9,43,2.37,22.47,0.00
2008-08-19,34.3,24.7,29.2,40,2.39,22.94,0.00
2008-08-20,34.2,22.8,28.7,34,2.68,24.90,0.00
2008-08-21,35.3,24.2,29.8,37,2.43,23.10,0.00
2008-08-22,34.3,25.5,29.9,44,2.12,19.41,0.00
2008-08-23,33.8,25.3,29.4,55,2.52,19.58,0.10
2008-08-24,35.1,24.4,29.3,57,2.81,20.65,0.00
2008-08-25,35.5,23.9,29.6,48,2.43,23.05,0.00
2008-08-26,35.7,23.6,29.7,40,2.20,24.84,0.00
2008-08-27,35.6,24.1,29.6,40,2.18,23.31,0.00
2008-08-28,35.0,23.6,29.1,48,2.43,22.05,0.00
2008-08-29,34.2,25.4,29.2,58,2.56,18.37,0.00
2008-08-30,35.2,25.1,29.8,56,2.54,21.86,0.20
2008-08-31,34.3,25.6,29.3,59,2.18,20.45,0.30
2008-09-01,34.3,24.8,29.3,59,2.22,19.77,0.00
2008-09-02,35.2,23.7,29.4,51,3.18,22.64,0.00
2008-09-03,33.8,24.8,29.2,50,3.18,19.15,0.00
2008-09-04,35.3,23.9,29.3,50,2.74,23.48,0.00
2008-09-05,35.2,23.6,29.3,52,2.57,23.15,0.00
2008-09-06,35.5,24.4,29.8,55,2.79,23.30,0.00
2008-09-07,35.8,23.8,29.5,52,2.47,24.12,0.00
2008-09-08,35.6,24.6,29.7,53,2.70,22.62,0.00
2008-09-09,35.3,24.5,29.6,54,2.95,23.00,0.00
2008-09-10,36.7,24.4,30.4,41,2.71,26.32,0.00
2008-09-11,35.7,24.3,30.0,43,3.06,23.91,0.00
2008-09-12,36.0,25.6,30.3,46,2.42,23.13,0.00
2008-09-13,35.8,24.7,30.0,47,2.71,24.40,0.00
2008-09-14,36.8,24.4,30.8,43,2.91,25.67,0.00
2008-09-15,36.0,25.1,30.4,47,2.89,23.92,0.00
2008-09-16,36.0,25.1,30.3,48,2.52,23.53,0.00
2008-09-17,36.0,24.7,30.2,44,2.25,23.94,0.00
2008-09-18,35.9,24.4,30.1,47,2.54,24.09,0.00
2008-09-19,35.9,25.0,30.2,51,2.91,22.76,0.00
2008-09-20,35.0,25.3,30.1,54,3.01,22.25,0.00
2008-09-21,35.4,25.0,30.2,49,2.31,23.18,0.00
2008-09-22,35.0,25.0,30.1,51,1.61,22.52,0.00
2008-09-23,35.2,25.7,30.3,55,1.60,23.00,0.20
2008-09-24,33.9,25.9,29.7,62,2.08,21.91,0.00
2008-09-25,33.9,25.6,29.5,56,2.21,22.68,0.00
2008-09-26,34.4,24.8,29.7,57,1.72,22.24,0.00
2008-09-27,36.0,25.1,30.3,51,2.24,24.22,0.00
2008-09-28,35.9,25.6,30.5,52,1.94,23.80,0.40
2008-09-29,34.6,25.5,30.0,54,1.74,23.06,0.00
2008-09-30,35.7,25.1,30.2,56,1.89,23.79,0.00
2008-10-01,35.7,25.9,29.7,63,1.65,22.91,1.00
2008-10-02,31.7,24.6,27.5,76,1.46,16.18,2.00
2008-10-03,32.3,23.8,27.7,75,1.16,21.17,0.30
2008-10-04,33.6,24.8,28.7,69,1.30,22.02,0.40
2008-10-05,33.0,24.5,28.4,69,1.81,21.53,0.90
2008-10-06,35.5,23.8,29.2,61,2.57,25.19,0.20
2008-10-07,35.1,24.2,29.7,55,1.79,22.78,0.00
2008-10-08,35.3,23.5,29.4,54,1.70,24.88,0.00
2008-10-09,34.4,24.0,29.0,57,2.03,24.20,0.10
2008-10-10,34.2,24.5,29.4,57,2.02,23.18,0.00
2008-10-11,35.8,25.2,30.0,53,2.84,23.87,0.00
2008-10-12,35.8,24.7,30.1,49,2.68,25.14,0.00
2008-10-13,36.3,24.7,30.4,47,3.21,25.00,0.00
2008-10-14,36.3,25.6,30.8,41,2.92,24.27,0.00
2008-10-15,36.1,25.3,30.6,47,2.90,25.10,0.00
2008-10-16,36.8,25.4,30.8,46,2.45,25.62,0.00
2008-10-17,35.2,25.4,30.1,50,1.95,23.81,0.00
2008-10-18,34.4,25.8,30.0,56,2.06,22.72,0.00
2008-10-19,32.6,24.8,28.2,69,0.98,18.21,1.20
2008-10-20,33.7,24.2,29.1,65,1.62,22.06,0.00
2008-10-21,34.5,25.5,30.0,57,2.29,23.57,0.00
2008-10-22,34.7,25.7,30.1,56,1.70,23.32,0.00
2008-10-23,36.1,25.5,30.5,54,2.24,23.65,0.00
2008-10-24,34.6,26.4,30.2,49,2.60,23.19,0.00
2008-10-25,35.5,25.2,30.3,46,2.79,25.03,0.00
2008-10-26,36.2,25.1,30.7,46,2.28,25.08,0.00
2008-10-27,34.7,26.2,30.4,54,1.39,23.01,0.20
2008-10-28,34.7,25.8,30.0,60,2.41,22.93,0.40
2008-10-29,33.8,26.0,29.6,60,1.72,19.24,0.40
2008-10-30,34.5,26.1,29.9,58,1.69,24.01,0.00
2008-10-31,35.3,25.4,30.4,58,1.71,23.05,0.00
2008-11-01,34.2,26.1,29.8,57,2.49,23.11,0.00
2008-11-02,35.4,25.3,30.3,56,2.64,24.11,0.00
2008-11-03,34.2,26.0,30.1,55,1.78,22.50,0.20
2008-11-04,34.5,25.8,29.6,62,2.51,22.49,4.20
2008-11-05,33.1,24.7,28.7,68,2.03,19.98,0.10
2008-11-06,33.2,25.3,28.4,69,1.75,21.09,1.80
2008-11-07,32.3,24.4,27.9,72,1.17,18.87,1.50
2008-11-08,32.9,24.8,28.5,72,1.13,22.55,0.30
2008-11-09,32.8,24.3,28.0,73,1.73,21.52,2.70
2008-11-10,31.9,23.9,27.9,73,1.15,21.50,0.80
2008-11-11,33.7,24.3,29.1,66,1.05,24.38,0.20
2008-11-12,33.0,26.0,29.3,65,1.49,21.90,0.40
2008-11-13,33.1,25.3,28.5,66,1.66,19.04,1.60
2008-11-14,31.7,24.1,27.2,77,1.34,13.76,2.60
2008-11-15,32.2,24.4,27.3,78,1.27,19.27,7.40
2008-11-16,32.1,24.2,28.0,75,2.18,22.00,1.00
2008-11-17,32.4,25.1,28.4,70,1.52,21.87,0.10
2008-11-18,32.9,25.0,28.6,72,0.99,21.77,0.10
2008-11-19,33.1,25.6,28.7,70,1.09,20.27,0.70
2008-11-20,32.7,25.7,28.7,69,1.66,18.36,1.70
2008-11-21,33.0,24.5,28.2,70,1.62,17.87,0.00
2008-11-22,34.4,25.0,29.6,62,1.65,23.34,0.20
2008-11-23,33.7,25.7,28.9,70,1.28,18.85,2.10
2008-11-24,30.6,24.9,26.8,81,1.63,13.68,4.80
2008-11-25,31.1,23.6,27.2,80,1.21,17.15,1.00
2008-11-26,33.1,24.8,28.6,70,1.10,22.44,0.20
2008-11-27,32.0,25.5,28.3,74,1.24,19.19,1.40
2008-11-28,31.5,24.5,27.4,78,1.56,18.62,5.10
2008-11-29,29.8,23.0,25.7,86,1.07,16.74,18.50
2008-11-30,32.8,23.7,28.0,73,1.83,23.16,0.10
2008-12-01,31.1,24.9,27.6,76,0.95,17.94,1.30
2008-12-02,29.2,24.6,26.0,83,1.40,13.25,4.90
2008-12-03,29.2,23.6,26.0,84,1.26,15.36,3.80
2008-12-04,31.1,23.5,27.0,77,1.60,18.98,0.80
2008-12-05,31.9,23.7,27.3,79,0.93,22.87,8.60
2008-12-06,32.2,24.0,27.2,80,1.20,21.57,2.40
2008-12-07,31.0,23.5,27.1,81,1.38,20.57,15.40
2008-12-08,30.3,23.9,26.7,82,1.46,20.07,1.90
2008-12-09,30.9,23.9,27.0,79,1.52,20.55,0.40
2008-12-10,30.3,23.8,26.9,79,1.29,18.83,0.50
2008-12-11,30.5,24.1,26.7,79,1.15,18.46,2.90
2008-12-12,30.0,23.7,26.3,83,1.28,17.14,3.30
2008-12-13,30.3,23.3,26.7,81,1.21,17.52,0.80
2008-12-14,30.6,23.9,27.0,82,1.01,19.16,0.20
2008-12-15,29.0,23.0,25.9,83,1.39,14.90,14.50
2008-12-16,26.3,22.7,24.2,90,1.84,7.78,11.30
2008-12-17,31.6,22.8,26.9,79,1.47,23.39,0.00
2008-12-18,29.8,23.8,26.8,82,1.12,17.18,7.80
2008-12-19,29.7,23.5,26.1,86,1.49,18.06,10.00
2008-12-20,26.3,23.2,24.3,91,1.74,7.60,10.20
2008-12-21,29.6,22.9,25.8,77,1.31,19.62,0.30
2008-12-22,30.0,23.5,26.2,82,2.08,17.11,1.00
2008-12-23,31.0,24.3,27.2,77,1.49,20.71,0.00
2008-12-24,30.0,24.3,26.8,82,1.35,16.70,1.90
2008-12-25,28.4,24.0,25.9,87,1.02,13.27,17.40
2008-12-26,28.0,22.6,24.8,87,1.47,12.45,11.40
2008-12-27,30.5,23.5,26.7,83,0.99,21.32,0.20
2008-12-28,31.2,23.3,27.3,79,1.45,22.51,0.20
2008-12-29,31.7,23.7,27.5,80,1.03,22.48,3.30
2008-12-30,30.5,24.6,26.8,81,2.34,18.15,0.80
2008-12-31,30.2,23.9,26.4,82,2.03,20.06,3.20
2009-01-01,31.6,23.7,27.4,80,1.06,20.73,1.20
2009-01-02,30.3,23.4,26.3,83,1.71,17.68,3.30
2009-01-03,30.6,23.5,26.7,80,1.72,20.66,0.10
2009-01-04,30.8,23.4,27.1,75,1.97,22.78,0.00
2009-01-05,30.3,24.3,26.8,79,1.28,17.39,1.50
2009-01-06,30.8,24.0,26.8,79,1.52,18.83,4.40
2009-01-07,26.7,23.3,24.8,88,1.40,9.56,3.50
2009-01-08,30.1,23.2,26.3,81,0.91,19.87,0.70
2009-01-09,30.2,23.3,26.8,81,1.43,20.21,2.20
2009-01-10,29.9,23.0,26.0,81,1.97,17.88,2.80
2009-01-11,29.1,23.4,25.7,82,1.91,18.13,4.90
2009-01-12,30.2,23.4,26.3,82,1.02,19.56,0.50
2009-01-13,30.4,23.8,26.8,80,1.63,19.30,0.00
2009-01-14,29.6,23.6,26.2,82,1.57,15.63,0.90
2009-01-15,29.4,22.5,25.6,83,2.09,17.78,7.00
2009-01-16,30.2,22.2,25.9,83,1.15,20.22,4.20
2009-01-17,27.4,22.9,25.0,88,1.12,12.97,10.20
2009-01-18,29.4,23.3,26.0,84,1.34,17.85,2.00
2009-01-19,29.8,23.3,26.1,83,1.59,18.23,1.40
2009-01-20,29.4,23.3,25.7,85,1.41,17.73,19.30
2009-01-21,28.6,22.7,24.7,88,1.54,13.29,7.80
2009-01-22,27.4,22.4,24.7,87,1.16,11.87,9.90
2009-01-23,29.6,22.6,25.7,85,0.83,18.61,1.80
2009-01-24,28.5,22.9,25.2,86,1.44,15.26,9.80
2009-01-25,27.5,22.7,24.7,88,1.42,11.52,21.10
2009-01-26,28.7,22.2,25.0,86,1.39,15.67,11.70
2009-01-27,30.4,23.0,26.4,82,1.60,21.16,1.30
2009-01-28,30.8,23.1,26.7,80,1.42,23.15,2.00
2009-01-29,30.5,24.0,26.3,84,1.47,22.05,7.30
2009-01-30,29.4,23.2,25.8,85,1.47,18.82,5.30
2009-01-31,28.9,23.2,25.8,84,1.58,16.22,0.10
2009-02-01,29.6,23.0,25.7,83,1.37,17.83,2.60
2009-02-02,28.7,22.7,25.0,87,1.18,14.25,9.40
2009-02-03,28.0,22.8,24.7,89,1.25,11.01,9.90
2009-02-04,30.3,22.8,25.8,83,2.16,21.05,5.50
2009-02-05,30.7,22.7,26.4,82,1.68,21.82,3.10
2009-02-06,30.0,23.4,26.1,85,1.14,18.63,4.20
2009-02-07,29.4,23.1,25.7,85,1.49,16.77,11.30
2009-02-08,29.7,23.4,26.2,85,1.48,15.83,0.60
2009-02-09,31.2,23.6,27.3,79,1.34,22.86,0.20
2009-02-10,29.9,23.8,25.8,86,1.32,14.56,4.70
2009-02-11,29.3,23.5,25.4,88,1.38,16.39,9.30
2009-02-12,29.2,22.9,25.7,85,1.35,18.07,9.30
2009-02-13,29.7,23.1,25.5,85,1.64,17.03,5.30
2009-02-14,29.4,23.2,25.7,85,1.08,17.43,1.30
2009-02-15,29.2,23.3,25.1,89,1.11,13.38,14.90
2009-02-16,27.0,22.6,24.4,89,1.30,10.63,34.60
2009-02-17,27.4,22.5,24.2,91,1.41,8.66,14.60
2009-02-18,30.2,22.8,25.1,88,0.97,15.82,10.60
2009-02-19,25.3,22.2,23.5,92,1.67,7.84,15.00
2009-02-20,28.3,21.4,24.8,87,1.40,16.01,5.40
2009-02-21,27.6,22.5,24.7,89,1.66,12.59,19.10
2009-02-22,25.4,22.6,23.8,93,1.26,7.74,20.40
2009-02-23,27.9,22.4,24.6,88,1.30,14.58,28.40
2009-02-24,28.9,22.5,25.1,87,1.64,16.10,9.60
2009-02-25,30.1,22.4,25.6,87,1.08,21.52,21.60
2009-02-26,30.2,22.5,25.5,87,1.27,20.04,3.40
2009-02-27,28.8,22.8,25.4,86,1.40,17.97,4.50
2009-02-28,29.9,22.9,26.2,81,1.42,21.00,1.60
2009-03-01,28.9,23.6,25.6,84,1.69,15.17,5.60
2009-03-02,28.6,23.2,25.2,87,1.89,15.06,7.00
2009-03-03,29.3,22.6,25.3,88,1.41,17.18,3.00
2009-03-04,28.3,23.0,25.1,88,1.86,14.35,6.40
2009-03-05,27.4,23.1,24.5,91,1.49,10.09,13.30
2009-03-06,28.9,22.5,25.1,86,1.46,16.84,8.30
2009-03-07,29.5,22.3,25.3,87,0.95,18.55,7.90
2009-03-08,29.6,22.6,25.8,86,1.25,18.09,1.50
2009-03-09,28.6,23.1,25.5,87,1.15,15.32,17.50
2009-03-10,29.5,22.8,25.4,86,1.13,17.20,12.60
2009-03-11,29.9,22.7,25.6,87,1.45,19.09,2.00
2009-03-12,29.9,23.1,26.0,84,1.42,18.71,5.00
2009-03-13,30.3,23.2,26.2,83,1.54,20.83,0.00
2009-03-14,28.0,23.3,25.1,88,1.75,13.39,3.30
2009-03-15,28.8,22.8,25.3,86,1.30,14.78,7.60
2009-03-16,27.7,22.8,24.7,87,1.97,13.45,15.10
2009-03-17,27.6,22.1,24.3,90,1.30,12.56,7.10
2009-03-18,29.5,22.4,25.1,86,1.55,18.19,3.30
2009-03-19,29.8,22.3,25.9,83,1.69,19.92,0.70
2009-03-20,30.9,22.5,26.4,83,1.64,22.11,0.90
2009-03-21,30.4,23.8,26.6,83,1.00,19.32,0.70
2009-03-22,30.5,23.3,26.2,82,1.31,19.31,5.50
2009-03-23,29.3,23.8,25.6,86,1.72,14.49,3.50
2009-03-24,28.9,23.0,25.4,87,0.88,14.61,1.40
2009-03-25,29.1,23.4,25.8,85,1.12,14.81,2.80
2009-03-26,29.5,23.4,25.6,87,1.20,17.98,3.70
2009-03-27,28.8,23.1,25.1,87,0.76,14.16,6.90
2009-03-28,29.4,22.8,25.8,85,1.38,17.93,1.80
2009-03-29,29.5,23.4,26.1,83,1.26,18.26,0.50
2009-03-30,29.6,23.5,26.3,82,1.10,18.96,1.00
2009-03-31,27.2,23.3,24.9,88,1.48,10.61,15.10
2009-04-01,29.2,21.5,25.3,84,1.51,20.94,0.60
2009-04-02,29.2,23.2,25.8,85,1.51,16.87,4.00
2009-04-03,28.4,22.8,25.2,88,0.99,13.07,11.30
2009-04-04,28.4,22.9,24.7,90,1.28,13.59,12.30
2009-04-05,27.0,22.5,24.2,90,1.37,8.29,17.40
2009-04-06,30.0,22.4,25.8,81,1.69,20.60,0.10
2009-04-07,30.5,23.0,26.3,81,2.24,21.92,0.70
2009-04-08,28.7,23.1,25.6,85,1.37,15.29,8.40
2009-04-09,28.2,22.9,24.8,88,1.04,12.97,11.80
2009-04-10,28.4,22.6,24.6,89,1.42,13.48,11.20
2009-04-11,26.8,22.7,24.2,90,1.25,8.29,22.00
2009-04-12,28.0,22.5,24.4,90,1.10,14.63,35.10
2009-04-13,27.2,22.5,24.4,90,1.15,10.77,8.90
2009-04-14,29.8,22.5,25.5,85,1.66,17.59,4.00
2009-04-15,29.4,22.8,25.3,86,1.37,15.55,1.20
2009-04-16,29.6,22.7,25.8,86,1.39,18.50,2.10
2009-04-17,29.3,23.1,25.1,88,1.66,15.62,13.40
2009-04-18,28.6,23.1,25.1,88,1.63,11.60,9.50
2009-04-19,28.0,22.8,25.2,88,1.42,14.64,6.70
2009-04-20,28.0,23.1,25.1,87,1.43,12.56,3.20
2009-04-21,28.1,22.9,25.3,86,1.26,12.63,1.10
2009-04-22,28.7,23.0,24.7,91,1.15,13.05,21.50
2009-04-23,27.7,23.1,24.4,91,1.60,8.33,23.50
2009-04-24,27.8,22.5,24.5,90,1.36,10.71,14.20
2009-04-25,27.6,22.6,24.7,89,0.94,11.59,6.30
2009-04-26,28.2,22.5,24.9,88,1.18,12.64,4.70
2009-04-27,29.3,22.8,25.4,89,1.24,16.69,12.10
2009-04-28,27.2,23.4,24.8,92,1.09,9.58,18.90
2009-04-29,29.3,22.6,25.5,88,0.93,17.40,4.00
2009-04-30,27.6,23.2,24.8,90,1.36,10.38,10.80
2009-05-01,28.9,22.7,25.3,88,0.96,16.22,34.90
2009-05-02,24.4,22.8,23.4,96,1.17,3.53,35.10
2009-05-03,25.9,22.3,23.7,92,1.40,7.23,30.50
2009-05-04,28.0,22.1,24.4,88,0.85,13.21,2.90
2009-05-05,27.4,22.6,24.4,90,1.12,10.27,15.80
2009-05-06,28.3,21.6,24.9,88,1.35,15.29,5.80
2009-05-07,28.1,22.1,24.7,89,1.07,14.17,12.20
2009-05-08,28.7,22.3,24.7,89,1.14,13.72,13.90
2009-05-09,27.4,21.9,24.6,90,0.96,12.52,1.80
2009-05-10,28.6,22.3,24.8,88,1.22,12.39,4.00
2009-05-11,27.5,22.1,24.5,90,1.49,12.41,5.90
2009-05-12,29.0,22.7,25.3,86,1.48,16.78,1.70
2009-05-13,27.7,22.6,24.7,88,1.51,13.02,3.60
2009-05-14,27.7,22.3,24.5,88,1.03,10.34,10.40
2009-05-15,27.8,22.7,24.6,90,0.91,13.17,4.90
2009-05-16,28.6,22.2,24.9,90,1.02,15.06,17.20
2009-05-17,27.8,22.4,24.7,89,1.03,11.62,10.50
2009-05-18,28.8,22.2,24.9,88,1.76,14.36,9.90
2009-05-19,25.9,22.3,23.8,93,1.66,8.46,10.40
2009-05-20,28.8,21.9,24.8,86,2.10,15.56,4.70
2009-05-21,29.8,22.5,25.8,82,2.18,18.98,0.00
2009-05-22,29.3,22.7,25.8,81,2.40,18.30,0.40
2009-05-23,29.6,23.1,26.2,81,2.54,18.66,0.00
2009-05-24,29.2,23.7,26.2,79,2.01,14.30,0.60
2009-05-25,30.3,23.0,26.5,74,2.08,18.47,0.00
2009-05-26,30.1,23.3,26.4,78,1.64,19.10,0.00
2009-05-27,29.2,23.8,26.1,83,1.27,16.96,2.40
2009-05-28,29.7,23.0,25.8,86,0.96,15.43,7.80
2009-05-29,28.2,22.4,25.0,88,1.38,13.52,10.50
2009-05-30,28.8,22.5,25.1,88,1.21,14.62,7.60
2009-05-31,28.5,22.3,25.0,87,1.29,12.98,8.00
2009-06-01,29.0,22.3,25.6,84,1.29,16.48,2.40
2009-06-02,28.9,23.0,25.5,87,1.27,17.01,0.20
2009-06-03,27.8,22.1,24.5,88,1.24,12.83,4.40
2009-06-04,28.9,21.8,25.0,86,2.26,16.31,0.70
2009-06-05,28.7,23.3,25.8,84,2.11,14.57,0.10
2009-06-06,30.5,23.3,26.2,81,2.08,19.55,5.50
2009-06-07,30.3,22.4,26.0,78,2.10,19.21,0.00
2009-06-08,30.5,22.1,25.9,74,2.62,19.98,0.00
2009-06-09,29.3,23.0,25.7,75,2.89,18.37,0.00
2009-06-10,29.2,22.1,25.5,74,2.75,16.61,0.00
2009-06-11,28.8,23.1,25.4,83,1.99,13.81,2.50
2009-06-12,29.3,22.9,25.4,83,1.97,12.55,0.60
2009-06-13,29.8,22.6,25.9,81,1.34,17.95,0.00
2009-06-14,30.5,23.2,26.2,80,1.45,17.78,0.20
2009-06-15,29.8,22.7,26.0,79,2.20,16.70,0.30
2009-06-16,30.8,22.7,26.3,71,1.96,19.66,0.00
2009-06-17,31.3,21.6,26.0,71,1.63,19.92,0.00
2009-06-18,30.6,21.7,25.9,73,2.02,18.91,0.10
2009-06-19,31.4,22.1,26.5,72,2.32,20.03,0.00
2009-06-20,31.2,23.0,26.7,70,2.69,20.08,0.00
2009-06-21,32.0,23.4,27.0,62,2.98,19.98,0.00
2009-06-22,32.0,22.5,26.8,64,2.84,19.25,0.00
2009-06-23,32.0,23.4,27.4,63,2.90,19.54,0.00
2009-06-24,31.1,22.5,26.7,68,2.30,15.94,0.00
2009-06-25,31.6,22.6,26.7,69,2.41,19.92,0.00
2009-06-26,31.8,22.0,26.6,71,2.12,19.28,0.00
2009-06-27,32.2,23.0,27.2,67,2.33,19.48,0.00
2009-06-28,31.8,22.6,26.9,69,2.25,19.17,0.00
2009-06-29,32.4,22.4,27.0,67,2.42,18.87,0.00
2009-06-30,33.1,21.9,27.2,64,2.50,21.11,0.00
2009-07-01,33.3,21.4,27.2,56,2.44,21.90,0.00
2009-07-02,33.7,21.7,27.7,52,2.56,22.04,0.00
2009-07-03,32.7,22.4,27.5,60,2.50,20.05,0.00
2009-07-04,33.4,24.0,28.1,59,2.71,19.50,0.00
2009-07-05,32.6,24.1,27.9,56,2.70,17.01,0.00
2009-07-06,33.3,24.2,28.2,54,2.90,20.06,0.00
2009-07-07,32.9,24.3,27.7,55,2.67,15.04,0.00
2009-07-08,32.1,23.9,27.1,59,2.87,13.95,0.00
2009-07-09,33.0,23.1,28.0,54,2.96,21.22,0.00
2009-07-10,32.9,22.7,27.8,50,2.86,19.01,0.00
2009-07-11,33.8,21.2,27.6,53,1.77,21.19,0.00
2009-07-12,34.6,22.2,28.4,51,2.16,21.99,0.00
2009-07-13,32.9,23.7,28.1,61,2.17,18.00,0.00
2009-07-14,34.3,24.3,28.9,57,2.16,20.17,0.00
2009-07-15,32.7,23.7,27.8,61,2.60,18.91,0.20
2009-07-16,33.5,22.9,27.9,57,2.78,19.78,0.00
2009-07-17,33.4,22.9,27.9,52,3.19,19.32,0.00
2009-07-18,34.1,23.9,28.4,53,2.84,21.57,0.00
2009-07-19,33.6,22.8,28.1,50,2.33,21.49,0.00
2009-07-20,32.6,22.7,27.5,59,2.06,17.89,0.00
2009-07-21,33.0,24.1,28.1,61,2.42,17.89,0.00
2009-07-22,33.4,23.7,28.4,60,3.22,19.67,0.20
2009-07-23,32.5,24.4,27.0,67,2.77,17.14,0.60
2009-07-24,29.2,22.7,25.2,81,1.79,9.30,2.00
2009-07-25,32.8,22.7,27.2,66,2.49,19.55,0.10
2009-07-26,33.9,21.9,27.7,52,2.64,23.17,0.00
2009-07-27,34.1,21.7,27.9,47,2.40,21.51,0.00
2009-07-28,34.2,21.6,28.0,45,2.32,22.97,0.00
2009-07-29,33.4,23.1,27.9,57,2.22,19.38,0.00
2009-07-30,34.4,22.6,28.3,53,2.59,22.57,0.00
2009-07-31,33.6,22.5,27.7,47,2.95,20.96,0.00
2009-08-01,33.7,22.1,27.8,50,2.79,22.61,0.00
2009-08-02,34.7,21.9,28.2,47,2.69,23.29,0.00
2009-08-03,34.7,22.9,28.5,46,2.98,21.87,0.00
2009-08-04,34.3,22.7,28.3,48,2.99,23.46,0.00
2009-08-05,32.1,24.4,28.0,51,2.81,14.15,0.00
2009-08-06,33.1,23.6,27.9,53,2.54,17.63,0.00
2009-08-07,34.0,23.5,28.5,51,3.10,19.39,0.00
2009-08-08,33.8,23.9,28.7,51,3.20,21.57,0.00
2009-08-09,33.9,24.2,28.8,49,3.19,21.66,0.00
2009-08-10,35.3,22.8,29.0,42,2.60,24.15,0.00
2009-08-11,35.2,23.9,29.3,44,2.69,20.04,0.00
2009-08-12,34.3,23.6,28.7,52,2.72,22.00,0.00
2009-08-13,34.5,24.0,28.7,49,2.99,23.32,0.00
2009-08-14,34.5,22.9,28.5,44,3.07,24.03,0.00
2009-08-15,34.3,22.8,28.5,45,3.02,24.13,0.00
2009-08-16,34.5,22.8,28.6,45,3.14,24.15,0.00
2009-08-17,34.7,23.1,28.7,45,3.12,24.26,0.00
2009-08-18,34.4,23.2,28.8,45,2.86,24.40,0.00
2009-08-19,34.5,23.5,28.8,50,2.76,21.33,0.00
2009-08-20,34.3,23.8,29.0,52,2.28,21.11,0.00
2009-08-21,35.4,23.7,29.5,54,2.29,22.41,0.00
2009-08-22,35.6,25.1,29.6,60,2.05,22.52,0.40
2009-08-23,32.1,24.6,28.0,67,2.55,18.01,0.50
2009-08-24,32.6,23.0,27.6,66,2.57,19.97,0.70
2009-08-25,34.0,23.3,28.6,56,2.28,21.82,0.00
2009-08-26,34.3,23.4,28.6,57,2.10,22.37,0.00
2009-08-27,33.9,24.7,28.5,64,2.94,21.93,0.00
2009-08-28,34.2,23.9,28.8,61,2.36,22.67,0.00
2009-08-29,33.1,25.2,28.6,62,1.60,18.76,0.00
2009-08-30,34.4,24.8,29.0,59,2.55,21.41,0.10
2009-08-31,34.9,23.7,29.0,53,2.76,23.89,0.00
2009-09-01,34.8,23.1,29.0,49,2.64,22.96,0.00
2009-09-02,35.5,24.0,29.4,49,2.58,24.68,0.00
2009-09-03,35.3,24.0,29.1,49,2.74,23.03,0.00
2009-09-04,36.1,23.6,29.7,49,2.50,25.30,0.00
2009-09-05,36.4,24.4,30.0,49,2.57,23.10,0.00
2009-09-06,34.6,24.7,29.5,54,2.18,21.79,0.00
2009-09-07,34.0,24.3,28.9,57,2.72,22.42,0.00
2009-09-08,35.4,24.3,29.3,52,2.62,24.90,0.00
2009-09-09,35.2,24.5,29.4,49,2.31,21.66,0.00
2009-09-10,33.2,25.0,28.9,56,2.18,20.64,0.20
2009-09-11,35.3,23.1,29.3,49,2.89,25.56,0.00
2009-09-12,35.2,23.3,29.2,44,2.57,25.23,0.00
2009-09-13,34.7,23.9,29.1,51,2.89,23.52,0.00
2009-09-14,34.5,24.1,29.1,57,2.08,22.62,0.00
2009-09-15,34.3,24.6,29.1,61,2.47,23.32,0.00
2009-09-16,34.2,24.6,29.1,61,2.55,22.16,0.10
2009-09-17,33.7,24.8,29.1,63,2.29,20.82,0.20
2009-09-18,33.2,24.4,28.8,66,1.62,22.02,0.50
2009-09-19,34.3,25.7,29.4,63,2.16,21.84,0.60
2009-09-20,34.6,24.9,29.1,63,2.74,22.94,0.00
2009-09-21,34.3,24.2,29.0,57,2.85,23.88,0.00
2009-09-22,34.1,24.1,29.1,53,2.58,22.94,0.00
2009-09-23,33.8,24.7,28.9,63,1.75,21.65,0.30
2009-09-24,34.4,25.3,29.7,64,0.97,22.26,0.10
2009-09-25,34.9,25.6,30.1,58,1.82,22.83,0.00
2009-09-26,34.1,25.0,29.4,59,2.65,23.52,0.00
2009-09-27,34.5,24.8,29.5,56,2.77,23.21,0.00
2009-09-28,35.8,24.1,29.7,50,2.70,24.69,0.00
2009-09-29,36.4,23.8,30.3,51,2.24,24.19,0.00
2009-09-30,34.7,25.4,29.7,58,1.58,23.73,0.30
2009-10-01,34.6,25.5,29.7,58,2.50,22.90,0.00
2009-10-02,35.6,24.5,29.7,52,2.55,24.92,0.00
2009-10-03,35.1,24.7,29.8,54,2.43,24.91,0.00
2009-10-04,35.5,24.9,30.2,54,1.78,23.11,0.00
2009-10-05,35.1,25.3,29.6,59,2.36,23.18,0.40
2009-10-06,34.1,24.9,29.1,65,1.87,21.97,0.50
2009-10-07,35.7,25.3,30.2,56,2.00,24.98,0.00
2009-10-08,33.6,26.0,29.4,61,1.49,22.03,0.20
2009-10-09,33.7,26.2,29.5,63,1.33,22.08,0.20
2009-10-10,32.1,24.4,28.1,71,1.40,17.79,0.10
2009-10-11,34.8,25.5,29.4,66,1.82,23.23,1.00
2009-10-12,32.5,24.3,28.0,71,1.62,18.51,1.80
2009-10-13,33.1,24.6,28.5,67,1.42,21.18,1.40
2009-10-14,33.2,25.4,29.2,64,1.71,21.59,0.00
2009-10-15,31.9,25.3,28.1,66,1.72,17.47,0.80
2009-10-16,32.2,24.8,27.7,72,1.55,18.48,1.20
2009-10-17,32.4,24.0,27.7,75,0.93,19.37,0.80
2009-10-18,33.4,24.6,28.7,69,1.38,22.32,0.00
2009-10-19,33.1,25.1,28.9,66,1.79,22.67,0.30
2009-10-20,33.5,25.1,29.0,63,1.68,22.02,0.20
2009-10-21,35.3,24.0,29.5,58,1.97,26.63,0.00
2009-10-22,35.8,24.1,30.2,50,1.55,25.81,0.00
2009-10-23,34.1,25.8,29.8,55,1.80,22.42,0.20
2009-10-24,33.9,25.4,29.5,61,1.67,22.86,0.30
2009-10-25,35.2,25.9,30.1,56,1.29,23.84,0.00
2009-10-26,33.9,25.7,28.9,65,1.29,19.58,0.30
2009-10-27,31.7,25.0,28.0,75,0.95,19.09,4.50
2009-10-28,32.3,25.0,28.4,71,1.83,19.74,0.00
2009-10-29,32.4,25.4,28.2,72,1.64,19.78,5.00
2009-10-30,32.1,24.8,28.3,72,1.94,22.46,1.60
2009-10-31,33.3,25.5,28.8,66,1.83,23.67,0.00
2009-11-01,32.6,23.9,28.5,64,1.51,21.95,0.00
2009-11-02,33.4,25.6,29.4,63,1.93,23.04,0.20
2009-11-03,32.2,25.3,28.6,66,1.94,20.28,0.60
2009-11-04,33.0,24.9,28.5,67,2.31,22.32,0.40
2009-11-05,32.6,24.7,27.9,70,1.39,19.98,3.00
2009-11-06,34.3,24.2,28.9,64,2.48,24.67,0.00
2009-11-07,33.3,24.9,28.9,63,2.10,23.70,0.10
2009-11-08,34.6,25.0,29.8,62,1.79,23.72,0.00
2009-11-09,34.1,26.0,29.8,62,1.85,21.98,0.10
2009-11-10,33.1,25.7,28.8,69,1.18,21.28,2.00
2009-11-11,32.1,24.6,28.5,71,1.16,20.91,1.60
2009-11-12,34.3,25.0,29.7,63,1.59,24.05,0.00
2009-11-13,32.8,26.0,28.8,66,2.67,19.44,1.30
2009-11-14,31.3,24.4,27.2,76,1.82,15.76,3.00
2009-11-15,32.4,23.8,28.1,71,1.50,22.85,0.10
2009-11-16,32.9,25.1,28.4,69,1.42,21.45,0.50
2009-11-17,33.4,25.0,29.0,67,1.29,23.90,0.50
2009-11-18,32.2,25.7,28.3,68,2.37,18.88,3.60
2009-11-19,31.1,23.8,27.3,77,2.16,17.94,5.20
2009-11-20,30.9,24.7,27.2,77,1.88,17.90,3.40
2009-11-21,32.2,23.4,27.6,73,1.98,21.36,0.30
2009-11-22,33.9,23.8,28.5,61,2.37,25.23,0.00
2009-11-23,33.9,24.3,28.9,61,2.22,24.41,0.00
2009-11-24,33.5,25.1,29.0,62,2.30,24.78,0.00
2009-11-25,33.2,25.3,28.6,65,1.58,21.84,0.10
2009-11-26,32.5,25.1,28.1,68,1.84,19.53,1.90
2009-11-27,33.2,24.1,28.7,65,2.17,21.54,0.00
2009-11-28,35.1,24.4,29.5,58,2.38,24.86,0.50
2009-11-29,33.8,25.3,29.4,58,2.28,19.94,0.00
2009-11-30,34.5,25.7,29.8,60,1.88,23.28,1.20
2009-12-01,30.6,25.2,27.5,71,1.34,14.25,1.20
2009-12-02,31.1,24.8,26.9,79,1.63,15.81,10.60
2009-12-03,31.2,23.9,26.9,80,1.92,20.10,1.50
2009-12-04,32.3,24.5,27.5,75,1.73,21.02,3.10
2009-12-05,30.5,24.7,26.7,83,1.61,14.35,7.70
2009-12-06,28.2,23.9,25.6,89,1.91,10.47,7.20
2009-12-07,30.1,23.5,26.1,86,1.76,16.61,7.00
2009-12-08,30.2,24.5,26.7,84,0.87,17.34,2.00
2009-12-09,30.4,24.1,26.4,86,0.90,17.94,12.20
2009-12-10,30.5,23.4,26.6,84,1.37,20.10,2.10
2009-12-11,30.4,23.4,26.6,83,0.98,20.89,3.30
2009-12-12,30.6,23.7,26.5,82,1.38,20.40,2.60
2009-12-13,31.6,23.6,27.0,80,1.87,24.03,3.40
2009-12-14,31.1,23.8,27.0,80,1.53,21.96,6.90
2009-12-15,29.0,23.6,25.8,85,1.18,16.21,11.80
2009-12-16,30.6,23.6,26.6,82,1.48,20.56,0.10
2009-12-17,30.7,23.7,26.9,81,1.57,21.29,2.50
2009-12-18,30.5,24.5,27.2,79,2.13,18.75,2.70
2009-12-19,31.0,24.8,27.8,77,1.60,20.56,0.20
2009-12-20,30.4,24.4,26.5,84,1.38,17.48,7.80
2009-12-21,30.2,23.4,26.3,83,1.68,15.23,3.20
2009-12-22,27.1,23.8,25.1,90,1.22,7.57,12.80
2009-12-23,28.9,22.6,25.2,88,1.45,14.93,1.30
2009-12-24,29.7,23.9,26.2,82,1.90,17.40,2.00
2009-12-25,30.4,23.1,26.4,81,1.80,19.20,2.60
2009-12-26,30.2,23.6,26.4,82,2.07,18.87,4.50
2009-12-27,30.0,23.4,26.0,83,1.99,17.63,12.90
2009-12-28,29.1,23.0,25.1,88,1.02,12.84,9.00
2009-12-29,30.3,23.7,26.3,86,1.14,19.55,7.60
2009-12-30,26.6,23.1,24.4,90,1.23,8.23,9.50
2009-12-31,28.3,22.8,25.0,89,1.17,14.70,18.20
2010-01-01,25.9,22.6,23.8,91,1.50,7.99,20.90
2010-01-02,26.8,21.8,24.2,88,0.98,12.50,11.40
2010-01-03,29.3,22.6,25.6,84,1.81,15.52,3.50
2010-01-04,28.9,22.9,24.8,86,2.52,9.96,5.20
2010-01-05,30.4,22.6,26.2,81,1.87,20.86,2.30
2010-01-06,30.4,23.1,27.0,78,1.95,22.59,0.00
2010-01-07,30.4,23.8,27.1,79,1.14,16.77,0.00
2010-01-08,29.9,23.4,25.6,86,1.70,14.94,8.10
2010-01-09,28.4,22.9,25.4,86,2.07,14.70,6.20
2010-01-10,30.8,22.5,26.3,82,2.03,22.64,0.10
2010-01-11,30.7,23.6,26.8,81,1.82,21.38,1.90
2010-01-12,29.6,24.3,26.5,83,1.74,16.27,6.40
2010-01-13,27.4,22.8,24.9,88,1.51,10.29,12.80
2010-01-14,30.5,23.4,26.6,82,1.38,21.82,3.80
2010-01-15,30.6,24.0,26.8,82,1.73,20.81,4.30
2010-01-16,31.0,23.3,26.9,82,1.57,19.03,3.10
2010-01-17,31.3,24.5,27.5,79,1.84,22.74,1.20
2010-01-18,30.2,24.5,26.6,82,2.21,19.21,15.60
2010-01-19,30.9,23.5,26.8,81,1.64,19.43,0.60
2010-01-20,29.1,24.4,26.4,81,1.82,16.53,13.20
2010-01-21,30.3,23.4,26.1,82,1.58,18.57,3.20
2010-01-22,30.9,23.5,26.3,83,1.41,20.15,3.70
2010-01-23,29.7,24.1,26.4,85,1.38,15.20,4.80
2010-01-24,30.9,23.2,26.9,83,1.07,22.55,2.50
2010-01-25,28.6,23.5,25.1,90,1.35,14.07,21.80
2010-01-26,30.7,23.1,26.6,80,1.36,23.49,1.10
2010-01-27,28.3,23.8,25.6,88,1.21,13.52,27.10
2010-01-28,29.4,23.8,26.0,87,1.09,15.77,4.20
2010-01-29,27.6,23.3,25.1,90,1.62,10.05,5.40
2010-01-30,30.9,23.2,26.8,82,1.94,21.16,0.10
2010-01-31,31.7,24.0,27.5,82,1.81,22.17,3.30
2010-02-01,31.3,25.0,27.5,80,2.39,19.25,1.80
2010-02-02,29.5,24.2,26.7,84,2.17,15.21,0.30
2010-02-03,31.6,24.2,27.7,79,2.67,21.10,0.30
2010-02-04,32.8,24.4,28.3,75,2.33,24.45,0.00
2010-02-05,33.5,24.9,28.7,76,1.99,24.71,0.00
2010-02-06,31.2,25.2,27.9,81,2.30,18.71,1.40
2010-02-07,31.6,24.6,27.7,82,1.43,21.86,1.50
2010-02-08,28.2,23.9,25.3,91,1.84,12.33,44.90
2010-02-09,28.9,23.4,25.3,88,1.55,13.43,3.00
2010-02-10,30.3,23.3,26.3,87,1.92,18.44,4.60
2010-02-11,29.6,23.6,26.2,86,1.67,15.40,6.60
2010-02-12,29.2,23.5,25.6,88,1.61,12.33,5.20
2010-02-13,29.4,23.4,25.7,84,1.90,13.11,0.00
2010-02-14,30.2,23.4,26.4,83,1.90,14.94,2.20
2010-02-15,29.5,23.2,25.4,89,1.75,13.77,19.30
2010-02-16,29.1,23.1,25.7,88,1.91,15.00,10.80
2010-02-17,29.9,23.5,26.5,84,1.60,15.58,0.30
2010-02-18,30.9,24.3,27.4,83,1.94,20.34,0.50
2010-02-19,31.6,25.1,28.0,80,2.28,22.58,0.10
2010-02-20,31.9,24.8,27.7,82,1.80,19.18,0.60
2010-02-21,30.0,23.9,26.2,87,1.24,15.68,9.40
2010-02-22,29.7,23.8,26.3,86,1.11,15.41,0.30
2010-02-23,30.1,24.3,26.9,85,1.54,18.18,5.60
2010-02-24,29.9,24.1,27.0,84,1.68,17.96,2.50
2010-02-25,31.1,24.4,27.3,82,1.71,19.94,1.70
2010-02-26,31.6,25.0,27.6,81,1.22,20.78,6.20
2010-02-27,29.9,24.2,26.4,87,1.08,16.41,3.80
2010-02-28,29.6,23.9,26.2,86,1.19,16.34,7.60
2010-03-01,29.7,23.6,26.6,83,1.13,16.64,0.10
2010-03-02,31.6,23.9,27.7,80,1.81,24.13,0.30
2010-03-03,31.7,24.8,27.9,80,1.59,22.74,1.40
2010-03-04,32.0,24.5,28.0,79,1.80,23.07,0.50
2010-03-05,31.3,24.7,27.8,81,1.22,21.85,0.80
2010-03-06,30.9,24.4,27.7,80,1.27,21.77,1.40
2010-03-07,30.4,24.2,27.0,85,1.01,16.73,3.30
2010-03-08,31.7,24.7,27.7,81,1.74,21.44,2.00
2010-03-09,31.2,24.8,27.9,82,1.45,21.73,0.70
2010-03-10,30.3,25.2,26.9,85,1.54,14.73,5.60
2010-03-11,30.8,23.8,27.1,81,1.64,21.77,0.70
2010-03-12,31.1,24.3,27.6,82,0.98,20.13,0.20
2010-03-13,31.9,24.8,27.5,80,1.97,20.89,0.90
2010-03-14,31.6,24.3,27.5,77,2.32,21.36,1.00
2010-03-15,32.0,23.6,27.7,78,1.92,23.22,0.20
2010-03-16,31.0,24.8,27.7,80,1.93,19.09,2.10
2010-03-17,29.5,24.3,26.5,85,1.60,14.57,8.90
2010-03-18,30.5,24.2,26.5,85,1.33,16.56,8.40
2010-03-19,30.8,23.5,26.6,83,1.67,19.43,0.80
2010-03-20,30.2,23.9,26.9,83,1.46,17.94,1.80
2010-03-21,28.9,23.8,25.7,88,0.96,13.27,8.20
2010-03-22,26.4,23.1,24.6,91,1.65,8.83,8.80
2010-03-23,31.0,23.2,26.1,88,1.09,20.34,5.20
2010-03-24,29.7,23.5,25.9,87,1.30,15.43,4.50
2010-03-25,30.1,23.2,26.5,86,1.31,18.59,3.70
2010-03-26,30.8,24.4,26.9,83,1.95,19.87,3.80
2010-03-27,30.3,23.9,26.6,84,1.76,17.81,3.70
2010-03-28,28.3,23.7,25.2,91,1.20,10.89,10.20
2010-03-29,27.9,23.3,25.4,88,1.95,12.96,1.70
2010-03-30,30.4,23.6,26.6,85,1.80,17.99,8.60
2010-03-31,30.9,23.9,26.8,85,1.67,18.74,6.50
2010-04-01,28.0,23.8,25.1,92,1.09,9.24,45.70
2010-04-02,28.2,23.4,25.6,89,1.32,12.33,2.00
2010-04-03,27.0,23.5,24.9,91,1.35,9.10,7.50
2010-04-04,31.0,23.0,26.4,85,1.81,19.64,0.80
2010-04-05,31.4,23.9,27.4,83,1.53,22.53,0.50
2010-04-06,29.6,24.1,26.5,86,1.01,14.41,3.10
2010-04-07,29.4,23.8,26.1,88,0.89,14.45,11.60
2010-04-08,28.6,23.7,25.2,90,1.53,12.72,17.30
2010-04-09,27.9,23.5,24.9,90,1.64,5.92,82.00
2010-04-10,30.6,23.5,26.7,82,1.49,20.40,0.70
2010-04-11,25.1,23.8,24.4,94,0.93,5.18,91.50
2010-04-12,29.1,22.9,25.7,87,1.50,14.68,10.90
2010-04-13,29.0,23.1,25.7,86,1.99,14.30,4.30
2010-04-14,30.7,23.4,26.7,82,2.24,20.15,2.10
2010-04-15,31.3,24.0,27.1,84,2.32,20.26,0.80
2010-04-16,30.2,24.1,26.9,85,1.64,17.33,5.40
2010-04-17,28.9,24.0,26.0,89,1.08,12.02,10.70
2010-04-18,30.0,24.1,26.3,87,1.58,15.17,0.80
2010-04-19,30.3,23.3,26.4,86,2.05,17.07,6.60
2010-04-20,31.1,23.9,27.2,84,1.53,20.83,2.90
2010-04-21,30.6,24.1,27.0,84,1.52,17.48,4.00
2010-04-22,31.9,23.9,27.7,83,1.65,22.26,0.90
2010-04-23,29.6,24.6,27.1,85,1.97,13.77,0.00
2010-04-24,31.2,23.9,27.3,82,1.91,20.00,2.50
2010-04-25,31.7,24.6,27.7,77,2.60,20.71,0.00
2010-04-26,31.3,24.1,27.5,76,2.48,20.53,0.10
2010-04-27,32.0,23.7,27.7,76,2.23,22.69,0.20
2010-04-28,31.6,23.8,27.8,76,1.94,20.39,0.10
2010-04-29,31.7,24.5,27.8,80,1.62,21.95,0.50
2010-04-30,30.5,24.8,27.0,82,1.50,17.22,2.00
2010-05-01,29.3,24.0,26.2,88,1.62,15.48,4.60
2010-05-02,29.6,23.5,26.2,86,1.30,17.68,7.00
2010-05-03,29.8,24.2,26.3,85,1.85,14.71,8.50
2010-05-04,31.1,23.8,27.2,80,1.69,21.03,0.10
2010-05-05,30.2,24.3,27.0,80,2.07,15.47,0.00
2010-05-06,28.9,24.2,25.9,86,1.70,12.19,2.20
2010-05-07,29.8,22.8,26.0,88,1.01,16.88,6.90
2010-05-08,31.1,23.8,27.3,83,1.61,20.73,0.30
2010-05-09,31.6,23.6,27.2,80,1.75,20.81,0.00
2010-05-10,31.1,23.4,27.2,80,1.31,21.13,0.20
2010-05-11,30.8,24.1,27.3,82,1.28,18.63,0.40
2010-05-12,30.7,23.5,26.9,84,1.15,19.03,3.00
2010-05-13,29.3,24.1,26.4,86,1.07,13.76,1.60
2010-05-14,27.8,23.9,25.7,90,1.74,9.04,3.90
2010-05-15,30.4,23.2,26.1,89,1.66,16.94,0.60
2010-05-16,32.1,23.9,27.5,78,1.94,21.35,0.20
2010-05-17,31.6,22.9,27.2,74,1.52,19.98,0.00
2010-05-18,32.2,24.2,27.9,75,1.78,20.07,0.20
2010-05-19,32.2,23.5,27.5,75,1.89,20.67,0.00
2010-05-20,31.5,23.2,27.3,77,1.66,18.31,0.00
2010-05-21,31.3,23.8,27.5,80,1.49,19.10,0.40
2010-05-22,30.9,24.5,27.7,80,1.18,18.10,0.10
2010-05-23,30.9,24.3,27.6,82,1.09,17.47,0.40
2010-05-24,30.8,24.4,27.0,84,1.42,17.19,6.20
2010-05-25,31.6,24.3,27.7,80,2.02,18.19,0.00
2010-05-26,32.0,24.2,27.7,79,2.08,18.23,0.10
2010-05-27,32.5,23.9,28.1,76,1.89,20.15,0.10
2010-05-28,31.6,24.0,27.9,76,1.68,19.05,0.20
2010-05-29,32.9,25.3,28.0,79,1.49,18.21,2.30
2010-05-30,30.2,24.0,26.5,86,1.26,13.67,12.80
2010-05-31,27.2,23.5,24.9,91,1.87,8.16,12.00
2010-06-01,30.2,22.8,26.1,83,1.74,16.70,2.40
2010-06-02,30.4,23.4,26.4,81,1.83,17.74,0.30
2010-06-03,30.0,23.5,26.2,83,1.94,13.95,1.90
2010-06-04,30.7,24.2,26.9,73,2.87,17.88,0.00
2010-06-05,31.2,22.7,26.6,73,2.24,18.86,0.00
2010-06-06,30.4,22.4,26.4,77,1.62,17.90,0.00
2010-06-07,31.7,22.8,27.1,76,1.56,19.23,0.10
2010-06-08,30.5,24.0,26.7,79,2.12,17.41,0.40
2010-06-09,31.0,23.9,26.9,79,1.87,18.22,0.20
2010-06-10,31.4,22.3,26.7,75,1.99,18.40,0.00
2010-06-11,32.9,22.2,27.1,67,2.51,20.77,0.00
2010-06-12,33.2,22.7,27.4,66,1.93,20.49,0.00
2010-06-13,32.2,21.9,27.0,68,2.39,19.62,0.00
2010-06-14,32.4,22.0,26.9,67,2.61,21.09,0.00
2010-06-15,32.5,22.2,27.2,58,3.05,21.45,0.00
2010-06-16,32.6,23.9,27.9,58,2.54,17.66,0.00
2010-06-17,33.4,23.0,27.8,64,2.53,16.72,0.00
2010-06-18,32.5,24.5,27.9,62,3.23,16.32,0.00
2010-06-19,32.3,24.7,28.0,65,3.02,17.07,0.20
2010-06-20,34.4,23.2,28.4,63,2.66,20.37,0.00
2010-06-21,33.0,22.9,27.8,65,2.03,18.55,0.10
2010-06-22,33.9,22.5,28.1,61,1.86,19.49,0.00
2010-06-23,34.3,21.8,28.0,59,1.85,20.62,0.00
2010-06-24,31.7,23.5,27.1,68,2.34,16.08,0.20
2010-06-25,33.5,23.2,27.8,60,2.54,21.57,0.00
2010-06-26,33.7,22.0,27.5,47,3.18,22.06,0.00
2010-06-27,32.9,22.1,27.1,52,3.29,20.88,0.00
2010-06-28,34.2,21.6,27.9,51,2.71,21.15,0.00
2010-06-29,34.3,23.0,28.7,51,2.39,20.75,0.00
2010-06-30,33.2,22.7,28.2,53,2.52,15.75,0.00
2010-07-01,33.9,23.3,28.3,52,2.44,18.68,0.00
2010-07-02,33.6,24.7,28.5,52,2.57,15.39,0.00
2010-07-03,34.9,24.9,29.3,51,2.33,19.48,0.00
2010-07-04,33.7,24.2,28.8,53,2.45,19.96,0.00
2010-07-05,34.6,24.2,29.0,50,2.50,21.23,0.00
2010-07-06,33.8,22.6,28.2,47,2.84,19.68,0.00
2010-07-07,33.7,22.5,28.1,49,2.49,21.10,0.00
2010-07-08,33.8,22.9,28.1,50,1.89,16.47,0.00
2010-07-09,34.2,22.8,28.6,54,2.28,17.23,0.00
2010-07-10,33.5,24.7,28.7,62,2.32,18.58,0.20
2010-07-11,32.7,24.7,28.5,62,2.29,18.07,0.00
2010-07-12,34.8,24.4,29.1,57,2.74,18.95,0.00
2010-07-13,35.4,24.2,29.6,47,2.54,20.96,0.00
2010-07-14,33.6,24.6,28.9,54,2.61,19.04,0.00
2010-07-15,33.8,24.4,28.7,61,2.20,18.30,0.00
2010-07-16,34.7,24.1,28.9,54,2.69,19.61,0.00
2010-07-17,33.2,23.1,28.2,55,2.54,18.65,0.00
2010-07-18,31.8,24.7,27.7,63,2.08,14.18,0.40
2010-07-19,32.4,23.9,28.0,62,1.88,18.73,0.00
2010-07-20,33.7,23.3,28.3,57,2.23,19.69,0.20
2010-07-21,34.3,23.0,28.6,50,2.75,21.36,0.00
2010-07-22,34.2,22.6,28.4,50,2.83,20.44,0.00
2010-07-23,34.7,22.7,28.9,48,2.69,22.46,0.00
2010-07-24,34.7,25.0,29.3,41,2.82,23.05,0.00
2010-07-25,34.7,23.0,28.7,44,2.78,20.38,0.00
2010-07-26,35.3,24.5,29.8,42,2.81,22.41,0.00
2010-07-27,34.4,24.2,29.3,46,2.81,19.73,0.00
2010-07-28,34.9,24.9,29.4,43,2.78,22.44,0.00
2010-07-29,33.9,25.0,29.1,44,3.01,19.24,0.00
2010-07-30,34.3,23.9,28.9,43,2.95,21.44,0.00
2010-07-31,34.6,22.6,28.5,42,2.84,23.42,0.00
2010-08-01,35.1,22.9,28.9,41,2.37,23.71,0.00
2010-08-02,35.4,22.3,28.9,41,2.74,23.49,0.00
2010-08-03,35.3,23.9,29.6,43,2.86,23.07,0.00
2010-08-04,34.8,22.7,28.8,41,2.64,23.43,0.00
2010-08-05,35.1,22.6,28.8,40,2.44,23.50,0.00
2010-08-06,35.0,23.1,28.8,41,1.86,21.96,0.00
2010-08-07,34.4,24.4,29.0,45,2.35,19.19,0.00
2010-08-08,35.4,23.9,29.5,40,3.07,23.32,0.00
2010-08-09,35.2,22.9,29.1,39,2.41,24.09,0.00
2010-08-10,35.8,22.9,29.3,39,2.74,24.12,0.00
2010-08-11,35.0,23.3,29.0,41,3.24,23.76,0.00
2010-08-12,34.2,23.5,28.3,36,3.64,24.34,0.00
2010-08-13,34.9,21.5,28.1,42,2.96,24.24,0.00
2010-08-14,34.8,22.6,28.5,43,2.07,23.68,0.00
2010-08-15,34.9,22.6,28.7,46,1.38,21.64,0.00
2010-08-16,34.2,24.8,29.2,50,1.88,18.79,0.00
2010-08-17,33.7,24.3,28.9,58,1.85,19.33,0.00
2010-08-18,34.6,24.3,29.0,53,2.46,21.34,0.60
2010-08-19,34.0,24.2,28.6,39,3.11,24.22,0.00
2010-08-20,33.7,21.8,27.7,39,2.79,24.59,0.00
2010-08-21,34.8,23.4,28.9,41,2.52,24.51,0.00
2010-08-22,35.5,23.4,29.5,39,2.79,24.57,0.00
2010-08-23,34.8,24.6,29.4,42,2.35,20.00,0.00
2010-08-24,35.6,24.5,29.9,40,2.79,23.85,0.00
2010-08-25,35.7,24.3,30.1,43,2.89,23.27,0.00
2010-08-26,34.7,24.4,29.6,51,2.37,21.06,0.00
2010-08-27,35.2,24.2,29.4,52,2.46,21.30,0.30
2010-08-28,35.8,24.2,29.8,51,2.38,23.11,0.00
2010-08-29,35.3,24.6,29.6,52,2.37,22.02,0.10
2010-08-30,35.2,24.5,29.5,54,2.69,21.89,0.00
2010-08-31,35.9,24.7,29.9,49,2.91,23.18,0.10
2010-09-01,35.8,24.7,30.1,41,3.21,24.14,0.00
2010-09-02,36.1,24.9,30.0,37,3.14,25.44,0.00
2010-09-03,35.1,24.4,29.7,35,2.38,23.31,0.00
2010-09-04,35.7,23.3,29.7,38,2.24,24.90,0.00
2010-09-05,36.1,23.6,30.3,41,1.97,21.40,0.00
2010-09-06,37.1,24.6,30.9,44,2.35,24.08,0.00
2010-09-07,35.8,25.9,30.4,41,2.60,23.61,0.00
2010-09-08,35.7,24.8,30.0,37,2.42,24.94,0.00
2010-09-09,35.8,24.2,29.8,42,2.31,22.91,0.00
2010-09-10,36.5,24.7,30.2,45,2.75,24.26,0.00
2010-09-11,36.2,25.6,30.5,45,2.77,22.97,0.00
2010-09-12,35.7,26.2,30.5,39,3.09,25.08,0.00
2010-09-13,36.3,25.6,30.7,39,3.13,26.10,0.00
2010-09-14,36.5,24.4,30.7,39,3.11,25.62,0.00
2010-09-15,36.6,25.6,31.0,41,3.01,25.25,0.00
2010-09-16,36.8,25.7,30.7,42,2.26,24.11,0.00
2010-09-17,35.4,25.1,30.1,46,2.22,22.42,0.00
2010-09-18,36.6,24.6,30.5,44,2.25,25.86,0.00
2010-09-19,35.8,25.2,30.2,47,2.45,23.12,0.00
2010-09-20,36.4,24.7,30.3,41,2.73,25.87,0.00
2010-09-21,36.0,24.6,30.2,34,3.04,26.93,0.00
2010-09-22,36.2,24.1,30.3,37,2.76,26.44,0.00
2010-09-23,36.9,24.7,30.6,42,2.68,25.15,0.00
2010-09-24,36.9,24.4,30.6,43,2.88,26.13,0.00
2010-09-25,36.9,25.7,30.9,40,2.74,25.71,0.00
2010-09-26,37.8,25.4,31.2,41,2.47,26.03,0.00
2010-09-27,36.0,25.8,30.7,46,2.10,24.29,0.00
2010-09-28,36.9,25.8,31.0,47,2.25,25.17,0.00
2010-09-29,35.4,26.5,30.8,53,2.13,23.54,0.10
2010-09-30,35.1,26.4,30.6,56,1.40,22.89,0.00
2010-10-01,36.0,25.9,30.6,56,2.30,24.66,0.50
2010-10-02,35.2,25.7,30.3,54,2.03,23.60,0.20
2010-10-03,34.9,25.0,30.0,56,1.06,22.79,0.00
2010-10-04,36.2,25.4,30.7,52,1.93,24.29,0.00
2010-10-05,36.8,25.6,30.7,49,2.72,25.41,0.00
2010-10-06,35.7,25.2,30.4,48,2.12,24.31,0.00
2010-10-07,35.9,25.5,30.5,49,2.13,23.81,0.00
2010-10-08,36.5,25.6,30.8,48,2.35,23.63,0.00
2010-10-09,36.9,25.7,31.2,45,2.51,25.83,0.00
2010-10-10,35.6,26.4,30.6,49,1.77,23.71,0.10
2010-10-11,33.4,25.9,29.4,60,1.37,19.91,0.40
2010-10-12,34.8,25.8,30.2,58,2.16,22.22,0.00
2010-10-13,34.6,25.8,30.0,58,2.46,22.63,0.10
2010-10-14,35.6,25.6,30.5,54,2.30,24.04,0.00
2010-10-15,36.7,25.9,31.0,46,1.92,25.21,0.00
2010-10-16,36.2,25.5,30.7,47,1.34,25.66,0.00
2010-10-17,34.2,25.9,30.1,54,1.62,23.03,0.20
2010-10-18,34.3,25.5,29.8,59,2.19,23.35,0.00
2010-10-19,34.3,25.5,29.4,63,1.63,23.45,1.00
2010-10-20,29.4,24.3,27.1,78,1.01,15.05,8.80
2010-10-21,32.9,24.2,28.1,73,1.75,22.86,0.70
2010-10-22,32.0,24.1,27.5,77,1.61,18.41,12.30
2010-10-23,28.6,23.1,25.4,86,1.66,12.97,12.70
2010-10-24,31.8,23.2,27.4,78,1.30,23.92,0.00
2010-10-25,30.8,24.3,27.7,78,1.37,20.64,11.50
2010-10-26,29.0,23.3,25.6,87,1.93,13.00,10.30
2010-10-27,31.6,23.1,27.2,78,1.37,23.24,0.70
2010-10-28,31.6,24.6,27.8,76,1.11,22.24,0.00
2010-10-29,29.9,24.0,26.5,83,1.43,15.89,3.40
2010-10-30,31.5,24.6,27.5,79,2.04,19.90,2.10
2010-10-31,32.5,24.2,28.1,79,1.69,23.65,0.70
2010-11-01,32.9,25.8,28.8,71,2.05,24.14,0.00
2010-11-02,32.6,25.2,28.7,71,1.66,23.32,0.00
2010-11-03,33.7,25.2,29.1,69,1.45,24.49,0.00
2010-11-04,32.6,24.9,28.6,73,1.45,22.75,0.50
2010-11-05,32.4,25.0,28.0,73,2.31,20.16,2.20
2010-11-06,33.4,24.4,28.8,68,2.11,23.81,0.00
2010-11-07,34.3,25.4,29.5,64,2.28,24.44,0.00
2010-11-08,34.0,25.3,29.4,62,1.85,23.09,0.00
2010-11-09,32.1,25.6,28.4,69,1.64,18.96,2.20
2010-11-10,32.8,24.5,28.6,70,1.72,21.44,0.00
2010-11-11,34.6,25.5,29.6,59,2.12,23.89,0.00
2010-11-12,35.2,25.2,29.6,61,1.84,24.31,0.10
2010-11-13,31.8,24.2,27.2,76,1.27,18.15,3.00
2010-11-14,29.4,23.2,25.8,82,1.63,13.64,7.20
2010-11-15,31.5,23.6,27.2,77,0.72,22.59,0.40
2010-11-16,31.9,24.6,27.9,74,1.65,20.76,0.20
2010-11-17,31.8,24.6,27.9,72,1.37,19.05,2.90
2010-11-18,29.8,23.3,26.2,82,1.00,15.89,8.70
2010-11-19,30.6,23.4,26.7,82,1.41,18.44,0.90
2010-11-20,31.0,23.3,26.5,82,1.79,18.58,11.00
2010-11-21,30.0,23.2,26.2,80,1.70,18.71,3.10
2010-11-22,31.0,23.0,27.1,78,1.14,21.49,0.60
2010-11-23,30.9,24.7,27.4,76,1.45,19.27,1.60
2010-11-24,30.1,24.0,26.6,81,1.11,18.59,16.30
2010-11-25,31.4,23.0,26.7,79,1.55,19.42,2.30
2010-11-26,32.0,23.9,27.6,78,1.44,22.60,0.70
2010-11-27,31.1,24.6,27.5,79,1.49,18.90,3.20
2010-11-28,29.4,24.3,26.4,82,1.31,13.72,7.10
2010-11-29,30.8,22.9,26.7,81,0.98,20.07,2.20
2010-11-30,32.3,24.2,28.0,78,1.27,22.53,0.50
2010-12-01,31.5,24.4,27.4,79,1.64,21.05,6.80
2010-12-02,31.1,23.1,26.9,81,1.21,21.87,0.70
2010-12-03,32.0,23.6,27.9,73,1.48,23.72,0.10
2010-12-04,32.7,24.5,28.7,71,1.42,23.49,0.00
2010-12-05,31.7,25.0,28.0,73,2.27,21.99,1.70
2010-12-06,31.4,23.7,27.1,78,1.17,19.75,2.00
2010-12-07,30.7,24.4,26.7,81,1.32,17.47,8.60
2010-12-08,29.3,24.1,25.9,84,1.59,13.41,9.80
2010-12-09,29.6,23.3,26.0,84,1.79,14.32,3.80
2010-12-10,29.9,24.4,26.5,82,0.75,14.87,2.50
2010-12-11,31.7,23.7,27.7,78,1.48,22.19,0.20
2010-12-12,30.7,24.3,27.5,76,1.37,18.07,3.00
2010-12-13,25.9,23.3,24.5,91,1.84,6.51,13.70
2010-12-14,30.0,23.5,26.6,79,0.86,21.06,0.40
2010-12-15,29.6,23.8,26.3,80,1.96,15.95,7.80
2010-12-16,27.9,23.8,25.3,86,1.24,8.63,5.30
2010-12-17,26.9,22.5,24.2,92,0.93,9.64,17.20
2010-12-18,25.5,22.5,23.7,92,1.24,5.90,7.40
2010-12-19,30.9,22.3,26.0,80,1.68,23.11,0.50
2010-12-20,30.0,23.2,26.3,80,2.51,20.06,4.10
2010-12-21,31.5,22.3,26.9,78,2.04,22.71,3.00
2010-12-22,31.1,23.0,26.2,83,1.33,18.67,2.50
2010-12-23,30.8,22.9,26.5,82,1.62,21.47,6.90
2010-12-24,29.0,22.7,25.6,84,1.68,14.44,7.80
2010-12-25,28.1,23.2,25.5,86,1.11,13.40,4.50
2010-12-26,30.4,22.7,26.1,84,1.40,19.13,2.40
2010-12-27,31.0,23.3,26.9,81,1.52,22.23,0.20
2010-12-28,30.3,24.0,27.0,78,1.69,21.98,0.40
2010-12-29,29.1,23.7,25.9,83,1.35,15.75,1.60
2010-12-30,27.6,22.9,25.4,86,1.75,14.56,13.80
2010-12-31,29.7,22.6,25.8,82,1.04,17.13,5.40
2011-01-01,27.1,22.8,24.8,88,1.10,9.58,4.20
2011-01-02,29.0,23.0,25.5,84,1.13,16.44,6.50
2011-01-03,29.0,22.3,24.9,86,1.24,12.42,12.10
2011-01-04,27.2,22.5,24.6,87,1.44,7.16,6.40
2011-01-05,29.1,22.4,25.9,82,2.18,20.75,1.80
2011-01-06,29.2,22.6,25.1,86,1.75,18.18,15.30
2011-01-07,29.4,21.5,25.5,86,0.99,19.98,3.00
2011-01-08,27.9,23.3,24.8,87,1.97,10.79,4.10
2011-01-09,28.9,22.0,25.3,85,1.40,16.65,0.60
2011-01-10,28.1,22.8,25.0,87,1.40,13.10,4.50
2011-01-11,29.2,22.8,25.3,85,1.80,16.10,3.70
2011-01-12,30.4,23.3,26.3,84,1.75,18.06,0.40
2011-01-13,29.7,24.1,26.0,84,1.37,11.34,2.20
2011-01-14,29.9,23.4,26.0,86,1.26,15.33,9.90
2011-01-15,29.4,22.9,25.6,86,1.19,12.14,3.10
2011-01-16,30.5,23.1,26.6,83,1.07,21.88,1.90
2011-01-17,29.6,23.1,25.8,84,1.51,15.42,12.90
2011-01-18,29.4,23.2,25.2,88,1.66,14.20,7.20
2011-01-19,29.8,22.7,25.7,84,1.52,19.62,3.00
2011-01-20,28.6,22.8,24.8,86,1.50,15.99,6.60
2011-01-21,28.8,22.8,25.0,85,1.03,15.46,6.30
2011-01-22,27.5,22.3,24.4,86,1.53,15.31,4.40
2011-01-23,29.0,22.6,25.4,83,1.10,19.00,6.60
2011-01-24,27.9,21.9,24.7,87,1.51,16.07,25.20
2011-01-25,25.9,22.1,23.4,93,1.50,6.50,32.40
2011-01-26,27.6,22.4,24.4,88,1.35,13.23,12.30
2011-01-27,28.7,22.6,25.4,85,1.17,18.15,2.10
2011-01-28,27.3,22.6,24.7,86,1.61,12.71,7.70
2011-01-29,28.5,22.4,25.0,86,2.00,15.90,6.40
2011-01-30,28.7,22.6,25.1,88,1.18,15.90,3.50
2011-01-31,29.0,22.4,25.4,86,1.47,17.16,2.20
2011-02-01,27.9,22.4,25.0,88,0.86,14.37,12.10
2011-02-02,26.2,22.2,24.0,89,1.35,9.97,7.60
2011-02-03,28.4,21.8,25.0,86,1.37,15.12,5.90
2011-02-04,29.3,23.0,25.7,83,1.66,20.10,2.00
2011-02-05,28.8,22.2,25.2,86,1.66,14.70,1.90
2011-02-06,28.5,22.9,25.5,85,1.28,16.16,9.60
2011-02-07,27.8,22.7,24.8,91,1.20,13.41,7.30
2011-02-08,30.0,22.3,25.5,87,1.29,19.98,3.70
2011-02-09,27.4,22.3,24.7,87,2.04,11.04,7.50
2011-02-10,28.1,22.2,24.7,89,1.04,15.35,12.20
2011-02-11,29.4,22.0,25.0,88,1.24,18.65,5.50
2011-02-12,29.5,22.9,25.3,89,1.27,16.90,5.90
2011-02-13,30.3,22.8,25.5,86,1.54,21.50,16.80
2011-02-14,28.2,23.1,25.3,87,1.29,13.11,11.50
2011-02-15,27.3,23.0,24.3,92,1.46,10.58,13.30
2011-02-16,26.3,22.9,24.0,93,1.37,5.22,11.80
2011-02-17,27.7,22.7,24.6,90,1.24,11.74,16.40
2011-02-18,29.0,22.7,24.9,89,1.19,16.75,15.60
2011-02-19,24.7,22.2,23.3,95,1.25,5.01,22.40
2011-02-20,28.6,21.9,24.8,87,1.34,16.01,4.40
2011-02-21,28.8,22.2,25.5,84,2.41,19.02,4.00
2011-02-22,29.5,22.9,25.6,85,1.27,18.06,11.80
2011-02-23,27.9,22.7,25.3,87,1.52,15.45,4.20
2011-02-24,27.2,23.2,24.9,89,0.98,11.95,17.40
2011-02-25,27.0,22.7,24.6,88,0.92,11.68,11.60
2011-02-26,27.8,23.1,24.9,88,1.54,15.69,22.10
2011-02-27,25.3,22.4,23.4,93,1.28,6.76,17.90
2011-02-28,27.1,22.4,24.1,91,1.29,8.77,19.20
2011-03-01,28.2,22.1,24.3,89,1.41,13.96,10.60
2011-03-02,28.2,22.2,25.0,86,0.94,14.58,12.30
2011-03-03,28.4,22.5,25.4,84,1.15,17.74,12.90
2011-03-04,27.7,21.9,24.8,88,1.16,13.11,9.20
2011-03-05,29.2,22.2,25.3,86,1.28,16.77,7.90
2011-03-06,30.3,22.3,25.5,85,1.51,21.09,4.20
2011-03-07,29.3,22.7,25.5,85,1.11,18.23,4.70
2011-03-08,28.7,22.6,25.3,87,1.56,16.38,3.60
2011-03-09,28.6,22.3,25.2,87,1.60,17.19,8.40
2011-03-10,29.8,22.5,25.8,85,1.28,19.40,0.80
2011-03-11,28.5,22.6,25.1,87,0.95,13.24,5.70
2011-03-12,27.8,22.6,24.6,88,1.25,12.93,6.10
2011-03-13,25.8,22.4,23.8,92,1.66,7.82,9.70
2011-03-14,29.6,22.4,25.4,83,1.78,22.16,0.50
2011-03-15,29.8,22.4,26.0,82,1.35,20.49,1.30
2011-03-16,29.4,22.6,25.4,87,1.51,19.02,16.80
2011-03-17,28.0,22.6,24.9,87,1.45,15.69,12.10
2011-03-18,30.0,22.6,26.0,82,1.43,21.05,0.70
2011-03-19,30.3,22.5,26.4,79,1.88,22.53,0.10
2011-03-20,30.1,23.9,26.1,83,1.67,19.76,1.70
2011-03-21,28.4,22.9,25.3,88,1.03,16.21,2.70
2011-03-22,29.5,23.5,25.5,85,1.85,15.74,8.90
2011-03-23,29.1,22.8,25.4,88,1.19,18.72,9.50
2011-03-24,28.8,22.9,25.5,85,1.35,15.76,3.00
2011-03-25,30.0,22.7,25.9,83,2.62,19.38,0.50
2011-03-26,30.0,22.9,26.1,84,1.47,18.31,4.30
2011-03-27,28.7,23.3,25.3,87,1.26,14.59,5.60
2011-03-28,28.3,23.0,24.8,90,1.17,14.06,8.70
2011-03-29,29.0,22.6,25.4,87,1.55,15.29,3.30
2011-03-30,29.7,23.0,25.8,85,1.61,18.51,5.40
2011-03-31,29.1,23.0,25.6,88,0.99,15.79,3.30
2011-04-01,29.4,23.5,25.7,86,1.15,15.88,3.80
2011-04-02,30.0,22.9,26.1,83,1.26,17.37,1.30
2011-04-03,29.7,23.5,25.9,85,1.38,16.73,3.10
2011-04-04,28.8,23.1,25.5,85,1.58,16.10,3.30
2011-04-05,28.9,22.6,25.7,84,1.11,15.78,1.40
2011-04-06,28.4,23.4,25.3,88,1.20,12.27,15.70
2011-04-07,29.1,22.9,25.7,89,1.15,16.95,4.90
2011-04-08,29.5,22.7,25.6,88,0.95,16.30,3.70
2011-04-09,29.3,22.8,25.4,86,1.06,16.95,12.40
2011-04-10,27.0,23.0,24.4,90,1.41,8.98,8.70
2011-04-11,29.0,22.5,24.9,87,1.31,15.86,8.20
2011-04-12,29.2,22.7,25.6,84,1.32,17.78,1.20
2011-04-13,26.8,22.9,24.4,92,1.41,8.13,12.30
2011-04-14,29.4,22.4,25.4,84,1.36,18.98,1.70
2011-04-15,29.7,22.5,25.6,84,1.24,19.59,2.80
2011-04-16,29.8,22.5,25.8,83,1.73,20.15,1.20
2011-04-17,29.9,22.9,26.3,83,2.11,20.73,0.40
2011-04-18,29.6,23.1,25.9,84,1.60,15.69,3.60
2011-04-19,28.1,23.0,25.0,86,1.52,12.40,4.60
2011-04-20,26.2,22.3,23.8,93,1.48,8.63,13.40
2011-04-21,29.8,22.2,25.3,86,1.54,19.48,5.30
2011-04-22,29.4,22.8,25.7,85,1.94,17.65,0.20
2011-04-23,27.3,23.1,24.9,87,1.56,10.24,2.80
2011-04-24,28.2,22.7,25.0,88,1.30,14.50,6.90
2011-04-25,28.8,22.8,25.1,88,1.17,14.18,0.80
2011-04-26,29.2,23.0,25.8,85,1.10,16.06,2.20
2011-04-27,30.1,23.1,26.0,83,1.34,18.94,2.50
2011-04-28,28.6,23.0,25.4,85,1.51,14.24,1.10
2011-04-29,30.5,23.2,26.3,83,1.10,22.05,1.30
2011-04-30,29.7,23.3,26.0,84,1.33,18.81,0.70
2011-05-01,30.3,23.2,26.5,83,1.27,19.64,2.00
2011-05-02,29.7,23.4,26.2,85,1.73,17.09,1.10
2011-05-03,29.9,23.5,26.1,86,1.79,17.44,6.00
2011-05-04,28.6,23.7,25.3,89,1.65,12.29,8.10
2011-05-05,28.0,23.1,25.0,91,1.85,10.52,12.90
2011-05-06,28.8,23.1,25.3,90,1.78,11.82,20.00
2011-05-07,29.7,22.9,26.0,85,1.66,17.29,0.80
2011-05-08,31.1,22.9,26.5,78,2.51,22.33,0.00
2011-05-09,30.6,22.1,26.1,76,2.43,20.64,0.00
2011-05-10,31.1,23.5,26.8,77,2.09,20.81,0.00
2011-05-11,30.1,23.8,26.6,78,2.88,18.83,0.30
2011-05-12,31.0,23.5,27.1,77,2.03,18.67,0.00
2011-05-13,29.7,23.2,26.4,84,1.44,18.93,0.00
2011-05-14,29.2,23.5,25.9,85,1.28,15.94,1.30
2011-05-15,30.1,23.2,26.4,78,1.72,19.17,0.00
2011-05-16,30.5,23.4,26.9,77,1.45,19.52,0.20
2011-05-17,29.0,23.9,25.8,85,1.61,12.75,7.70
2011-05-18,28.2,22.9,25.3,88,1.02,12.52,4.60
2011-05-19,27.2,23.1,24.8,90,0.72,10.89,3.70
2011-05-20,27.3,22.6,24.7,89,2.28,10.64,2.50
2011-05-21,29.6,22.5,25.8,82,2.37,18.18,1.00
2011-05-22,30.2,22.2,25.7,74,2.71,21.48,0.00
2011-05-23,30.0,21.3,25.6,74,2.07,18.71,0.00
2011-05-24,30.0,22.6,26.1,78,2.32,16.96,0.00
2011-05-25,29.8,23.7,26.5,80,2.59,17.85,0.00
2011-05-26,30.9,24.4,27.0,74,2.23,17.66,0.10
2011-05-27,31.0,22.9,26.6,73,2.22,20.30,0.00
2011-05-28,29.8,23.4,26.2,77,1.80,12.96,0.20
2011-05-29,31.2,23.1,26.8,73,2.53,18.53,0.00
2011-05-30,31.8,22.1,26.8,72,2.73,20.21,0.00
2011-05-31,31.9,23.0,27.0,69,2.93,20.87,0.00
2011-06-01,31.0,21.4,26.1,69,2.77,19.23,0.00
2011-06-02,31.4,21.4,26.2,69,2.54,19.26,0.00
2011-06-03,32.1,21.6,26.8,66,2.50,19.83,0.00
2011-06-04,33.0,21.8,27.1,66,2.15,20.48,0.00
2011-06-05,32.0,22.7,27.0,68,1.38,19.06,0.00
2011-06-06,32.1,22.5,27.2,68,1.98,19.66,0.00
2011-06-07,31.5,23.3,27.1,69,2.88,18.66,0.30
2011-06-08,32.5,22.4,27.2,61,2.90,21.69,0.00
2011-06-09,32.1,21.9,27.1,64,2.28,18.78,0.00
2011-06-10,31.8,22.6,26.9,70,2.04,18.25,0.00
2011-06-11,33.2,23.2,27.8,67,2.37,19.16,0.00
2011-06-12,31.2,23.3,27.4,69,2.66,18.44,0.10
2011-06-13,32.4,23.9,27.8,63,2.92,18.98,0.00
2011-06-14,31.9,23.1,27.5,58,3.00,16.88,0.00
2011-06-15,33.3,23.1,27.7,55,2.79,21.62,0.00
2011-06-16,32.8,22.9,27.2,54,3.30,21.25,0.00
2011-06-17,33.2,21.8,27.1,56,2.97,19.56,0.00
2011-06-18,32.9,25.1,28.6,57,2.28,17.72,0.00
2011-06-19,32.4,24.7,28.5,61,2.16,18.01,0.00
2011-06-20,31.4,23.7,27.6,68,2.26,17.24,0.00
2011-06-21,31.5,24.0,27.4,70,2.18,15.94,0.00
2011-06-22,34.0,24.2,28.3,59,2.21,19.12,0.00
2011-06-23,33.4,22.6,27.9,60,2.67,20.80,0.00
2011-06-24,32.1,24.4,27.7,66,3.05,16.82,0.00
2011-06-25,32.0,23.9,27.2,70,2.49,17.38,3.80
2011-06-26,31.3,23.5,26.9,75,1.09,18.39,0.00
2011-06-27,32.6,23.4,27.8,69,1.86,19.23,0.00
2011-06-28,33.5,22.8,27.9,68,2.32,20.51,0.00
2011-06-29,31.5,23.3,27.1,71,1.94,17.68,0.20
2011-06-30,33.5,22.4,27.4,63,2.29,20.80,0.00
2011-07-01,32.0,23.6,27.2,61,2.44,17.06,0.20
2011-07-02,33.5,22.0,27.6,49,2.89,21.07,0.00
2011-07-03,33.3,22.2,27.6,55,2.09,17.06,0.00
2011-07-04,34.2,22.9,28.4,53,2.38,16.88,0.00
2011-07-05,31.9,23.1,27.5,63,2.26,19.30,0.00
2011-07-06,31.0,23.3,27.0,69,2.27,16.83,0.50
2011-07-07,33.4,23.5,27.9,64,1.97,19.76,0.00
2011-07-08,31.2,24.1,26.9,73,1.86,14.93,2.50
2011-07-09,24.7,22.3,23.1,93,2.10,4.99,52.90
2011-07-10,29.6,21.3,24.9,79,2.96,16.89,0.30
2011-07-11,30.4,21.7,25.7,67,3.43,19.97,0.00
2011-07-12,29.8,23.4,26.1,68,2.66,15.99,0.00
2011-07-13,30.1,22.7,26.0,71,2.74,19.51,0.00
2011-07-14,30.7,22.5,26.2,69,2.72,21.54,0.00
2011-07-15,30.8,22.2,26.3,65,2.98,20.61,0.00
2011-07-16,31.9,22.9,26.7,60,2.50,20.98,0.00
2011-07-17,31.4,21.4,26.2,68,2.28,20.03,0.00
2011-07-18,31.4,21.7,26.2,69,2.20,19.22,0.00
2011-07-19,32.8,21.4,26.5,60,2.32,22.63,0.00
2011-07-20,31.5,20.8,26.1,61,2.40,19.36,0.00
2011-07-21,32.8,22.6,27.2,60,2.17,19.38,0.00
2011-07-22,33.4,21.4,27.2,56,2.48,22.24,0.00
2011-07-23,33.5,22.1,27.6,55,2.16,21.70,0.00
2011-07-24,32.8,24.1,27.6,52,3.29,21.80,0.00
2011-07-25,32.1,21.3,26.5,52,3.47,20.70,0.00
2011-07-26,32.7,22.5,27.3,52,3.06,19.59,0.00
2011-07-27,32.6,22.0,27.0,48,3.00,23.03,0.00
2011-07-28,32.8,21.0,26.7,50,2.71,22.54,0.00
2011-07-29,32.9,21.7,27.4,47,2.71,23.13,0.00
2011-07-30,34.0,21.7,27.8,48,2.59,23.13,0.00
2011-07-31,34.3,22.1,28.1,52,2.55,21.32,0.00
2011-08-01,33.0,24.2,28.2,59,2.31,19.04,0.10
2011-08-02,32.0,23.2,27.3,71,1.59,19.22,0.50
2011-08-03,31.8,23.7,27.7,69,2.10,17.60,0.10
2011-08-04,32.6,23.3,27.7,69,1.90,19.48,0.00
2011-08-05,33.6,23.1,28.2,63,2.23,20.33,0.00
2011-08-06,33.9,22.9,27.9,59,2.72,20.21,0.00
2011-08-07,34.7,22.9,28.5,49,2.67,23.02,0.00
2011-08-08,34.5,21.8,28.0,46,2.31,23.90,0.00
2011-08-09,35.1,22.3,28.5,44,2.31,24.09,0.00
2011-08-10,35.3,21.7,28.6,46,1.56,23.55,0.00
2011-08-11,35.2,23.2,28.9,50,2.24,22.06,0.00
2011-08-12,32.3,23.8,28.1,63,2.75,18.66,0.10
2011-08-13,34.2,23.5,28.3,57,2.75,22.69,0.00
2011-08-14,34.9,22.1,28.5,46,2.90,23.35,0.00
2011-08-15,35.2,23.0,28.9,48,2.59,23.68,0.00
2011-08-16,34.4,23.3,28.4,53,2.68,23.34,0.00
2011-08-17,34.2,23.7,28.5,44,2.56,24.16,0.00
2011-08-18,34.2,22.4,28.3,43,2.50,23.96,0.00
2011-08-19,35.6,22.7,29.3,41,2.34,24.42,0.00
2011-08-20,35.9,23.2,29.6,42,2.39,24.46,0.00
2011-08-21,36.0,23.8,29.7,41,2.47,24.11,0.00
2011-08-22,34.9,23.7,29.1,48,2.77,22.32,0.20
2011-08-23,34.9,23.8,29.0,54,2.59,22.33,0.00
2011-08-24,34.3,24.1,29.0,52,3.34,21.52,0.00
2011-08-25,35.0,24.6,29.3,49,2.90,22.39,0.00
2011-08-26,34.9,23.5,29.1,44,2.92,21.97,0.00
2011-08-27,34.2,24.7,29.1,54,3.51,21.29,0.00
2011-08-28,33.7,24.2,28.7,54,3.03,21.65,0.00
2011-08-29,35.1,23.8,29.3,50,2.79,24.48,0.00
2011-08-30,35.8,24.0,29.7,47,2.48,23.10,0.00
2011-08-31,34.8,24.2,29.4,53,2.17,21.48,0.00
2011-09-01,35.5,24.2,29.4,53,2.23,22.98,0.00
2011-09-02,33.9,23.9,28.8,57,2.60,21.19,0.00
2011-09-03,34.3,24.2,28.9,56,2.73,22.80,0.00
2011-09-04,34.5,23.2,28.7,54,2.48,23.11,0.00
2011-09-05,35.7,23.3,29.5,43,2.46,24.78,0.00
2011-09-06,35.5,24.8,29.8,39,2.60,25.22,0.00
2011-09-07,35.1,23.4,29.3,46,2.60,23.11,0.00
2011-09-08,35.3,24.0,29.5,48,2.76,22.70,0.00
2011-09-09,36.7,24.1,30.2,48,2.30,24.99,0.00
2011-09-10,36.3,24.9,30.1,48,2.56,23.80,0.00
2011-09-11,36.5,23.9,29.8,43,2.55,26.07,0.00
2011-09-12,35.9,24.6,30.0,45,2.99,24.01,0.00
2011-09-13,34.0,25.0,29.6,51,2.08,22.65,0.00
2011-09-14,34.1,24.3,29.1,52,1.85,22.20,0.00
2011-09-15,34.2,23.5,28.8,54,2.44,22.86,0.00
2011-09-16,35.7,23.9,29.5,48,3.31,26.04,0.00
2011-09-17,35.3,24.5,29.7,43,3.20,22.82,0.00
2011-09-18,36.2,24.3,30.2,38,3.23,26.10,0.00
2011-09-19,35.7,25.7,30.1,36,3.43,26.55,0.00
2011-09-20,35.3,23.8,29.5,37,2.65,26.31,0.00
2011-09-21,36.1,24.0,30.2,37,2.33,26.86,0.00
2011-09-22,36.9,24.4,30.7,39,2.53,26.60,0.00
2011-09-23,36.2,25.1,30.4,50,2.71,24.60,0.00
2011-09-24,36.7,25.3,30.6,48,2.70,24.97,0.00
2011-09-25,37.5,24.7,30.7,49,2.46,25.66,0.00
2011-09-26,35.5,25.5,30.3,49,2.94,24.12,0.00
2011-09-27,35.7,24.7,30.0,48,3.04,26.13,0.00
2011-09-28,35.9,23.8,30.0,43,2.68,25.39,0.00
2011-09-29,35.7,24.8,30.1,49,2.97,23.86,0.00
2011-09-30,34.7,25.8,29.7,57,2.83,22.10,0.00
2011-10-01,33.4,25.3,29.3,59,2.05,21.46,0.10
2011-10-02,35.1,25.3,29.9,58,1.92,23.33,0.20
2011-10-03,30.6,26.1,27.6,71,1.39,12.95,2.50
2011-10-04,32.3,24.8,28.4,71,1.48,18.89,0.00
2011-10-05,33.8,24.4,29.1,63,1.96,22.71,0.20
2011-10-06,34.8,25.1,29.7,58,1.74,23.53,0.10
2011-10-07,36.2,24.7,30.3,51,2.52,25.47,0.00
2011-10-08,36.1,25.4,30.5,50,2.04,24.75,0.00
2011-10-09,36.2,25.9,30.9,50,2.54,25.34,0.00
2011-10-10,35.5,26.3,30.5,54,2.75,24.65,0.00
2011-10-11,34.8,26.2,30.3,56,2.51,23.16,0.00
2011-10-12,33.4,26.1,29.7,60,1.61,20.76,0.00
2011-10-13,33.0,25.2,28.9,68,1.37,21.29,1.20
2011-10-14,32.9,25.5,29.0,65,2.04,19.27,2.60
2011-10-15,32.2,24.3,28.0,73,1.26,20.04,1.40
2011-10-16,32.1,24.1,27.7,75,0.97,20.56,6.60
2011-10-17,30.8,24.1,26.5,82,1.34,16.11,14.50
2011-10-18,28.9,23.5,25.6,87,1.16,13.38,9.80
2011-10-19,32.4,23.7,27.7,78,0.90,23.30,0.20
2011-10-20,25.3,23.2,23.7,95,2.01,2.63,104.00
2011-10-21,30.3,21.4,25.2,83,2.38,23.49,10.30
2011-10-22,29.5,22.9,25.4,80,2.37,19.92,5.90
2011-10-23,32.2,23.0,27.3,75,2.80,24.98,0.00
2011-10-24,32.7,23.2,27.9,67,2.76,25.69,0.00
2011-10-25,31.0,24.1,27.2,77,2.17,22.63,0.40
2011-10-26,31.2,23.3,27.2,78,1.72,24.44,0.00
2011-10-27,31.1,22.5,26.9,78,1.53,23.10,0.00
2011-10-28,30.9,23.5,27.1,75,1.88,24.02,0.00
2011-10-29,30.0,24.0,26.5,79,1.97,18.38,2.40
2011-10-30,30.2,23.4,26.3,81,1.26,20.87,1.80
2011-10-31,29.9,22.6,25.9,84,1.05,20.38,1.60
2011-11-01,29.9,23.1,26.0,85,1.57,15.56,10.50
2011-11-02,28.6,22.5,24.7,89,1.20,13.83,16.50
2011-11-03,28.7,22.9,25.5,86,1.84,17.63,4.20
2011-11-04,28.8,23.5,25.4,86,1.65,13.81,7.20
2011-11-05,30.9,22.6,26.4,78,2.67,23.93,0.00
2011-11-06,30.4,24.2,26.8,72,2.62,19.26,0.20
2011-11-07,30.6,23.9,27.2,74,2.09,21.32,0.00
2011-11-08,30.5,24.4,27.0,79,1.33,19.06,0.80
2011-11-09,30.3,23.7,26.8,82,1.53,19.25,4.50
2011-11-10,27.7,23.3,25.1,88,1.73,11.74,11.00
2011-11-11,30.3,23.2,26.4,80,1.76,20.78,0.20
2011-11-12,30.0,23.6,26.0,84,1.31,17.09,2.30
2011-11-13,27.8,23.5,25.0,90,1.36,12.07,14.20
2011-11-14,28.5,22.6,25.6,85,1.19,13.87,2.70
2011-11-15,30.0,23.0,26.3,83,1.19,18.70,0.60
2011-11-16,31.4,22.8,27.1,79,1.19,23.17,0.50
2011-11-17,30.6,23.7,27.0,80,1.50,22.63,0.60
2011-11-18,30.8,24.0,26.8,82,1.51,19.30,2.50
2011-11-19,30.1,23.4,26.4,83,1.10,17.88,0.50
2011-11-20,30.5,23.2,26.6,82,1.31,22.20,1.00
2011-11-21,31.4,24.1,27.3,80,1.59,24.00,0.30
2011-11-22,31.0,23.8,26.9,81,1.58,20.82,2.50
2011-11-23,31.1,23.7,27.2,79,1.13,22.18,0.50
2011-11-24,30.5,24.3,27.1,81,0.88,19.87,2.30
2011-11-25,28.4,23.3,25.6,87,1.09,14.61,4.40
2011-11-26,28.9,22.9,25.5,86,1.37,14.76,7.70
2011-11-27,30.2,22.8,25.9,85,0.84,19.65,5.30
2011-11-28,32.0,23.4,27.4,80,1.14,23.18,0.40
2011-11-29,31.5,25.2,27.8,78,1.27,20.32,0.30
2011-11-30,30.0,23.6,26.5,82,1.87,18.05,7.30
2011-12-01,30.0,23.8,26.5,84,0.90,16.43,0.50
2011-12-02,29.5,23.6,26.2,85,1.24,16.11,3.40
2011-12-03,29.9,23.4,26.3,81,1.93,18.60,0.30
2011-12-04,30.2,24.1,26.9,77,1.36,20.85,0.70
2011-12-05,31.1,23.1,27.1,77,1.27,23.13,0.40
2011-12-06,31.7,23.8,27.7,74,1.59,22.84,0.10
2011-12-07,31.7,24.0,27.9,75,1.45,23.74,0.00
2011-12-08,32.0,24.5,27.7,74,2.02,22.77,0.30
2011-12-09,31.9,24.3,28.0,75,1.71,24.74,0.00
2011-12-10,32.5,23.7,28.0,73,1.47,24.54,0.00
2011-12-11,31.8,24.7,27.8,73,2.12,22.13,0.40
2011-12-12,31.3,24.3,27.6,71,1.95,21.03,0.00
2011-12-13,30.9,23.4,26.7,78,1.93,20.30,2.40
2011-12-14,30.3,24.1,26.5,81,1.32,17.08,5.50
2011-12-15,30.0,23.4,26.2,83,1.25,15.37,5.80
2011-12-16,29.8,23.2,26.2,83,1.84,17.87,2.50
2011-12-17,31.1,23.9,27.5,74,1.29,23.46,0.20
2011-12-18,31.6,23.9,27.3,78,1.49,21.71,0.60
2011-12-19,31.4,24.7,27.1,78,1.91,19.36,3.40
2011-12-20,31.6,22.8,27.3,76,1.44,22.72,0.00
2011-12-21,29.7,24.2,27.0,78,1.83,19.24,7.20
2011-12-22,30.4,23.6,26.4,81,1.83,18.87,2.30
2011-12-23,30.0,23.4,25.9,84,2.35,17.57,10.50
2011-12-24,28.3,22.8,24.9,87,1.64,14.50,16.50
2011-12-25,30.4,22.5,26.0,86,1.21,19.41,0.20
2011-12-26,29.6,23.2,26.3,82,1.65,16.74,3.50
2011-12-27,29.7,23.1,26.3,83,1.12,19.86,7.60
2011-12-28,30.1,23.4,26.7,81,1.55,21.60,2.70
2011-12-29,30.8,23.5,27.1,79,1.65,22.96,0.40
2011-12-30,30.6,24.2,27.0,79,1.44,21.43,0.60
2011-12-31,28.8,24.2,26.3,84,1.35,14.82,3.40
2012-01-01,28.6,24.1,25.6,87,1.09,11.53,3.20
2012-01-02,28.6,23.7,25.9,84,1.96,10.79,0.10
2012-01-03,30.3,24.2,26.9,76,1.71,17.37,0.00
2012-01-04,29.9,24.4,26.3,80,1.15,15.83,2.00
2012-01-05,28.6,23.4,25.4,86,1.24,13.94,3.40
2012-01-06,28.1,23.3,25.5,85,1.68,15.23,11.20
2012-01-07,28.7,23.0,25.5,85,1.42,14.23,1.10
2012-01-08,30.9,22.7,26.6,82,1.13,19.90,2.40
2012-01-09,29.0,22.9,25.5,86,0.95,15.58,2.80
2012-01-10,28.1,23.3,25.4,85,2.22,13.71,3.10
2012-01-11,28.4,22.6,24.7,88,1.22,10.84,9.50
2012-01-12,30.6,22.7,26.0,83,1.65,20.31,0.90
2012-01-13,31.0,23.4,26.4,81,2.48,20.67,3.00
2012-01-14,28.7,23.2,25.3,87,1.12,13.42,10.20
2012-01-15,28.5,23.2,25.3,88,0.94,15.08,18.50
2012-01-16,28.1,22.5,24.1,90,1.49,12.61,19.20
2012-01-17,30.7,22.3,25.9,78,1.45,23.81,0.70
2012-01-18,27.1,23.3,25.0,84,1.25,11.82,0.50
2012-01-19,27.4,22.2,24.4,90,1.09,13.32,8.60
2012-01-20,29.9,22.9,26.0,83,1.52,21.76,3.10
2012-01-21,28.3,23.1,24.8,87,1.61,14.99,8.30
2012-01-22,27.2,22.6,24.4,88,1.67,12.76,7.80
2012-01-23,28.2,22.4,24.8,88,1.00,14.92,16.80
2012-01-24,28.3,22.4,24.9,88,1.20,14.03,16.10
2012-01-25,28.9,22.6,25.0,87,1.66,14.94,4.30
2012-01-26,28.8,22.7,25.0,89,1.36,16.30,6.30
2012-01-27,29.9,22.4,25.7,87,0.96,19.48,4.70
2012-01-28,30.6,23.1,26.3,83,0.77,19.09,3.70
2012-01-29,28.9,23.1,25.6,86,1.49,16.33,2.90
2012-01-30,29.1,23.0,25.4,83,1.92,16.28,6.00
2012-01-31,30.6,23.1,26.2,81,1.41,20.52,1.10
2012-02-01,30.1,23.5,26.0,84,1.32,18.49,5.80
2012-02-02,29.6,22.8,25.6,83,1.54,16.34,0.60
2012-02-03,30.6,22.5,26.3,82,2.11,21.90,0.70
2012-02-04,30.9,22.9,26.8,77,2.21,22.49,0.10
2012-02-05,31.6,22.5,26.9,72,2.08,23.28,0.00
2012-02-06,32.2,22.7,27.0,76,1.89,24.08,0.00
2012-02-07,30.5,23.7,26.9,79,1.87,20.01,0.10
2012-02-08,30.4,23.5,26.7,80,2.10,20.20,1.00
2012-02-09,28.8,23.4,25.4,84,1.31,15.16,3.70
2012-02-10,28.6,22.6,24.7,88,0.87,16.74,13.60
2012-02-11,27.6,22.6,24.8,87,1.09,12.70,12.50
2012-02-12,29.2,22.5,25.2,86,1.57,16.25,10.80
2012-02-13,28.0,22.5,24.8,85,1.68,14.28,7.10
2012-02-14,27.8,22.0,24.3,86,2.01,10.67,4.00
2012-02-15,25.7,22.2,23.7,92,0.89,9.57,13.10
2012-02-16,26.9,21.6,23.8,93,1.25,12.82,15.40
2012-02-17,28.1,21.4,24.3,89,1.13,16.30,16.60
2012-02-18,25.4,22.1,23.4,92,1.26,7.05,38.20
2012-02-19,29.8,21.4,25.2,85,2.08,21.29,7.10
2012-02-20,28.1,21.8,24.7,86,1.90,16.49,10.10
2012-02-21,28.6,22.4,25.5,83,1.88,17.33,0.60
2012-02-22,30.2,22.4,25.6,85,1.23,18.71,4.50
2012-02-23,29.0,22.5,25.0,87,1.47,18.15,9.00
2012-02-24,29.1,22.8,24.6,88,1.20,14.54,13.80
2012-02-25,28.0,22.2,24.6,88,1.32,15.33,3.70
2012-02-26,28.2,22.3,24.5,87,1.15,15.64,16.80
2012-02-27,28.5,22.2,24.5,90,1.04,13.17,16.50
2012-02-28,28.3,22.3,24.7,88,1.69,15.92,5.70
2012-02-29,29.7,22.5,25.5,83,1.65,19.23,3.50
2012-03-01,29.9,22.2,25.8,83,1.44,21.75,4.50
2012-03-02,30.5,23.4,26.4,82,1.56,21.79,0.70
2012-03-03,29.8,22.7,26.1,82,1.49,20.85,0.70
2012-03-04,29.6,22.9,25.9,81,1.82,19.41,0.70
2012-03-05,29.8,23.5,25.9,83,1.78,20.01,9.80
2012-03-06,29.0,22.3,25.1,83,1.93,17.37,3.80
2012-03-07,27.5,21.9,24.4,88,1.22,14.98,5.60
2012-03-08,29.8,22.0,25.4,83,1.57,20.22,2.10
2012-03-09,29.5,22.4,25.3,84,1.93,20.08,7.20
2012-03-10,30.5,22.7,26.1,80,1.68,20.56,0.60
2012-03-11,29.8,23.0,26.4,83,1.14,19.39,0.80
2012-03-12,29.4,23.2,25.7,85,1.97,16.74,1.90
2012-03-13,29.1,22.8,25.6,84,1.89,17.72,1.10
2012-03-14,29.4,22.6,25.6,83,1.77,18.40,2.20
2012-03-15,29.6,22.8,25.9,83,1.58,18.11,0.40
2012-03-16,29.0,23.0,25.8,86,1.48,16.17,1.70
2012-03-17,29.4,23.4,26.0,85,1.47,18.46,5.20
2012-03-18,30.3,23.5,26.6,80,1.62,22.69,0.00
2012-03-19,27.6,23.4,25.2,86,1.13,13.51,9.80
2012-03-20,28.1,22.5,25.1,86,0.86,15.49,11.70
2012-03-21,28.5,22.7,25.2,87,1.15,16.41,8.70
2012-03-22,30.0,22.7,25.9,85,1.20,19.97,1.70
2012-03-23,29.5,23.3,26.0,84,1.27,18.63,2.10
2012-03-24,29.3,23.0,25.8,85,1.01,17.31,4.70
2012-03-25,29.4,23.0,25.6,84,1.35,15.40,0.80
2012-03-26,29.7,22.9,25.3,86,1.93,15.71,7.00
2012-03-27,29.3,23.3,25.5,87,1.19,17.32,9.40
2012-03-28,28.7,22.7,24.7,88,1.48,9.26,2.90
2012-03-29,29.7,22.8,25.8,83,1.45,20.28,2.10
2012-03-30,28.8,23.6,25.6,86,1.47,14.99,4.70
2012-03-31,29.7,22.5,25.9,84,1.57,16.86,2.30
2012-04-01,30.0,23.0,26.4,83,1.41,20.52,0.50
2012-04-02,30.6,23.0,26.5,82,1.67,22.05,0.50
2012-04-03,29.9,23.3,26.4,81,2.40,19.40,0.50
2012-04-04,30.2,23.2,26.3,82,1.96,17.69,0.90
2012-04-05,31.0,23.2,26.7,82,1.71,21.52,0.60
2012-04-06,30.1,23.6,26.8,84,1.48,18.55,0.50
2012-04-07,30.5,23.2,26.4,83,1.72,18.84,2.60
2012-04-08,29.6,23.6,25.8,84,1.06,17.54,4.00
2012-04-09,28.4,22.7,25.1,87,1.01,14.30,5.00
2012-04-10,29.9,22.9,25.9,84,1.08,19.32,1.40
2012-04-11,30.2,23.0,26.1,84,1.79,19.67,1.10
2012-04-12,30.3,23.0,26.3,82,1.66,20.63,0.60
2012-04-13,30.4,23.1,26.6,81,1.45,20.98,0.50
2012-04-14,30.4,23.5,26.5,82,1.59,20.34,6.50
2012-04-15,28.8,23.0,25.2,86,1.71,16.02,4.70
2012-04-16,28.5,22.1,24.9,88,1.36,16.04,1.40
2012-04-17,27.1,22.7,24.7,89,1.57,11.94,6.90
2012-04-18,29.0,22.4,25.2,85,1.76,15.78,3.40
2012-04-19,30.1,21.6,25.7,85,1.65,20.59,0.20
2012-04-20,29.8,23.2,26.1,83,2.12,17.88,0.20
2012-04-21,29.5,23.0,26.2,82,1.56,18.67,0.80
2012-04-22,29.7,22.9,26.0,84,1.57,17.13,0.10
2012-04-23,29.1,23.8,25.9,85,1.90,15.81,0.60
2012-04-24,29.6,23.3,26.1,84,1.54,16.01,0.40
2012-04-25,29.8,23.3,26.1,85,1.33,16.78,3.10
2012-04-26,29.8,23.3,26.4,85,1.57,19.20,0.80
2012-04-27,30.0,22.9,26.6,82,1.33,18.73,0.30
2012-04-28,30.6,23.4,26.8,82,1.74,21.22,0.00
2012-04-29,30.7,23.0,26.7,80,1.94,20.25,0.30
2012-04-30,30.1,22.6,26.3,81,1.29,19.82,0.10
2012-05-01,30.8,23.3,26.6,80,1.56,20.45,0.30
2012-05-02,29.6,23.5,26.4,82,1.93,16.58,0.10
2012-05-03,30.1,23.2,26.4,82,1.65,16.44,0.50
2012-05-04,30.0,23.5,26.2,83,1.58,15.45,0.70
2012-05-05,32.2,22.2,26.7,74,2.15,22.57,0.00
2012-05-06,32.8,21.3,26.9,68,2.05,22.76,0.00
2012-05-07,32.4,22.8,27.2,69,1.87,20.99,0.00
2012-05-08,31.6,22.9,26.8,73,2.12,20.02,0.00
2012-05-09,30.8,22.7,26.5,78,1.64,19.15,0.70
2012-05-10,30.9,22.2,26.6,76,1.94,20.15,0.10
2012-05-11,31.6,23.5,26.8,76,2.10,19.72,0.00
2012-05-12,31.0,23.5,26.7,78,2.39,16.38,0.60
2012-05-13,30.9,23.3,26.9,77,2.32,17.56,0.30
2012-05-14,31.0,23.6,27.1,76,1.94,18.08,0.00
2012-05-15,31.1,23.5,27.0,76,1.99,17.77,0.00
2012-05-16,29.9,23.6,26.7,77,1.80,14.95,0.20
2012-05-17,30.9,23.3,26.9,76,1.30,16.54,0.00
2012-05-18,30.3,23.5,26.3,79,1.32,14.88,1.10
2012-05-19,30.1,23.3,26.4,78,1.63,15.95,0.40
2012-05-20,30.1,23.2,26.5,76,2.08,15.67,0.40
2012-05-21,31.3,23.6,26.7,76,2.02,17.62,0.00
2012-05-22,32.8,23.1,27.5,68,2.16,18.90,0.00
2012-05-23,31.9,22.2,26.9,70,2.30,18.48,0.10
2012-05-24,31.6,22.6,26.5,77,2.04,18.59,0.00
2012-05-25,30.8,23.2,26.7,77,1.77,16.33,0.20
2012-05-26,31.7,23.2,26.8,78,1.56,17.58,0.20
2012-05-27,30.5,23.4,26.2,80,1.72,13.86,4.20
2012-05-28,30.7,23.0,26.8,76,1.37,17.56,0.10
2012-05-29,32.4,23.4,27.2,73,2.01,18.62,0.30
2012-05-30,32.2,22.6,27.3,72,2.10,19.10,0.00
2012-05-31,31.9,23.3,27.7,72,1.80,19.49,0.00
2012-06-01,32.0,23.4,27.5,72,1.45,18.14,0.00
2012-06-02,31.9,23.6,27.6,72,1.72,18.08,0.00
2012-06-03,29.7,24.5,26.7,76,2.47,13.72,0.70
2012-06-04,30.1,23.6,26.5,76,2.09,12.92,0.00
2012-06-05,32.5,23.6,27.8,68,2.50,18.94,0.00
2012-06-06,33.8,23.1,28.2,63,2.41,19.81,0.00
2012-06-07,33.9,23.1,28.2,61,2.13,18.88,0.00
2012-06-08,33.1,22.5,27.7,66,1.84,17.99,0.00
2012-06-09,33.1,23.9,28.1,68,2.00,17.20,0.50
2012-06-10,33.5,23.7,28.1,65,2.31,18.94,0.00
2012-06-11,33.3,23.1,27.8,64,2.01,18.73,0.00
2012-06-12,33.7,23.4,27.9,61,2.44,18.79,0.00
2012-06-13,31.2,22.9,27.2,68,2.23,16.32,0.60
2012-06-14,34.2,23.2,28.4,59,2.29,19.47,0.00
2012-06-15,34.0,22.3,28.0,56,2.22,20.21,0.00
2012-06-16,32.9,23.2,27.7,61,1.85,18.05,0.00
2012-06-17,32.4,23.5,27.8,65,2.19,17.96,0.00
2012-06-18,32.0,24.2,27.9,66,2.26,17.18,0.10
2012-06-19,31.4,23.7,27.5,68,2.30,16.04,0.20
2012-06-20,33.0,24.2,27.8,68,2.12,16.90,0.00
2012-06-21,31.9,23.7,27.6,70,1.96,15.87,0.10
2012-06-22,31.0,23.2,27.3,70,1.76,16.91,0.80
2012-06-23,30.2,23.5,26.7,71,2.53,13.37,0.70
2012-06-24,31.3,23.1,27.0,68,1.98,15.42,0.70
2012-06-25,29.4,22.9,25.4,79,2.54,13.53,14.00
2012-06-26,30.3,21.2,25.5,76,2.13,17.06,0.30
2012-06-27,31.6,22.5,26.6,67,2.27,18.30,0.00
2012-06-28,32.7,21.3,26.7,61,2.16,20.13,0.00
2012-06-29,32.1,21.3,26.6,63,2.75,19.85,0.00
2012-06-30,33.4,22.2,27.6,59,2.52,21.10,0.00
2012-07-01,32.9,21.4,27.3,57,2.62,19.27,0.00
2012-07-02,33.3,22.4,27.5,56,2.51,16.50,0.00
2012-07-03,33.1,22.4,27.7,52,2.97,17.32,0.00
2012-07-04,33.1,22.8,27.8,56,2.73,16.33,0.00
2012-07-05,33.7,23.4,28.2,52,2.76,19.33,0.00
2012-07-06,34.0,22.6,28.1,45,2.79,22.13,0.00
2012-07-07,34.4,21.2,28.4,48,2.11,20.49,0.00
2012-07-08,33.6,23.7,28.4,51,1.50,14.89,0.00
2012-07-09,34.5,23.4,28.8,55,2.16,19.26,0.00
2012-07-10,32.0,24.0,27.7,64,2.06,16.20,0.00
2012-07-11,34.4,24.4,29.0,55,2.33,19.89,0.00
2012-07-12,33.4,23.8,28.4,62,1.71,19.16,0.00
2012-07-13,35.4,23.8,29.4,57,2.02,20.47,0.40
2012-07-14,34.2,24.7,29.0,61,1.88,17.47,0.00
2012-07-15,32.7,25.3,28.5,60,2.10,18.24,0.20
2012-07-16,32.7,23.5,27.9,60,2.27,18.09,0.30
2012-07-17,34.5,22.7,28.4,47,2.29,21.38,0.00
2012-07-18,33.6,21.9,28.0,50,2.12,18.44,0.00
2012-07-19,33.3,23.6,28.4,56,2.10,19.10,0.00
2012-07-20,33.0,23.6,28.2,62,2.30,19.20,0.00
2012-07-21,33.3,23.9,28.3,59,2.77,19.17,0.00
2012-07-22,33.9,23.0,28.1,58,2.54,20.57,0.00
2012-07-23,35.4,21.5,28.4,46,2.26,22.90,0.00
2012-07-24,34.6,22.8,28.4,45,2.69,20.75,0.00
2012-07-25,34.6,22.3,28.5,47,2.47,22.37,0.00
2012-07-26,34.5,22.6,28.4,48,2.29,22.73,0.00
2012-07-27,35.0,22.4,28.6,44,2.59,23.41,0.00
2012-07-28,34.5,22.2,28.4,47,2.85,22.86,0.00
2012-07-29,34.5,23.0,28.7,48,2.71,22.65,0.00
2012-07-30,34.6,22.7,28.3,44,2.51,22.91,0.00
2012-07-31,33.9,22.3,27.9,41,3.17,23.63,0.00
2012-08-01,33.0,23.3,27.8,42,3.30,20.55,0.00
2012-08-02,34.2,23.4,28.5,40,2.43,22.72,0.00
2012-08-03,33.6,21.7,28.2,44,1.92,21.65,0.00
2012-08-04,34.2,21.9,28.2,44,2.40,22.53,0.00
2012-08-05,34.1,22.3,28.1,44,2.35,22.98,0.00
2012-08-06,34.5,21.8,28.2,48,1.37,21.73,0.00
2012-08-07,34.2,23.4,28.8,51,2.10,20.76,0.00
2012-08-08,34.4,24.1,29.0,53,2.60,21.00,0.00
2012-08-09,35.1,23.5,29.0,41,2.82,23.35,0.00
2012-08-10,34.7,23.1,28.6,42,2.73,23.47,0.00
2012-08-11,34.4,23.4,28.7,46,2.68,22.69,0.00
2012-08-12,34.0,23.1,28.4,45,2.99,23.48,0.00
2012-08-13,34.7,22.6,28.4,41,3.00,24.09,0.00
2012-08-14,34.7,22.1,28.6,44,3.08,22.88,0.00
2012-08-15,34.8,25.3,29.5,43,3.28,22.23,0.00
2012-08-16,35.4,24.1,29.3,37,3.44,24.47,0.00
2012-08-17,35.3,24.0,29.4,36,3.28,24.43,0.00
2012-08-18,35.0,25.0,29.4,38,2.88,24.03,0.00
2012-08-19,34.8,23.3,29.0,38,2.76,22.20,0.00
2012-08-20,35.2,22.9,28.8,34,3.19,24.85,0.00
2012-08-21,34.8,22.9,28.7,36,3.34,24.61,0.00
2012-08-22,35.2,25.3,29.8,37,3.27,22.93,0.00
2012-08-23,35.2,24.9,29.5,39,3.68,22.53,0.00
2012-08-24,34.9,24.4,29.1,38,3.52,24.72,0.00
2012-08-25,34.3,23.0,28.2,37,3.16,21.96,0.00
2012-08-26,34.8,23.6,28.7,41,2.97,20.80,0.00
2012-08-27,35.8,23.8,29.5,41,2.65,23.10,0.00
2012-08-28,35.1,24.2,29.3,44,2.06,22.26,0.00
2012-08-29,33.7,24.1,28.9,53,1.98,21.23,0.00
2012-08-30,35.2,24.0,29.5,53,2.20,21.92,0.00
2012-08-31,33.9,24.6,29.1,56,2.77,20.97,0.00
2012-09-01,33.6,24.4,28.8,55,2.51,21.14,0.00
2012-09-02,35.4,23.9,29.3,50,2.08,23.54,0.00
2012-09-03,34.3,24.1,29.1,51,2.31,21.36,0.00
2012-09-04,35.2,23.8,29.3,50,2.68,22.86,0.00
2012-09-05,35.6,23.5,29.4,41,3.08,25.95,0.00
2012-09-06,35.3,23.7,29.5,36,2.77,25.34,0.00
2012-09-07,35.5,24.8,29.7,39,2.05,24.56,0.00
2012-09-08,36.0,22.9,29.8,40,2.18,24.65,0.00
2012-09-09,36.9,23.5,30.1,36,2.50,26.18,0.00
2012-09-10,36.8,24.6,30.3,40,2.34,24.90,0.00
2012-09-11,33.6,25.6,29.6,49,2.31,20.05,0.00
2012-09-12,35.7,24.7,29.9,47,3.03,23.21,0.00
2012-09-13,36.5,24.2,30.3,42,2.06,23.77,0.00
2012-09-14,35.7,25.2,30.3,48,2.31,23.57,0.00
2012-09-15,34.8,25.1,29.6,52,2.30,21.72,0.30
2012-09-16,35.8,24.4,29.9,48,2.42,24.25,0.00
2012-09-17,35.6,24.9,29.9,49,2.80,23.66,0.00
2012-09-18,35.3,24.9,30.0,49,2.80,23.68,0.00
2012-09-19,35.5,25.3,30.2,49,2.55,22.81,0.00
2012-09-20,36.1,25.0,30.2,48,2.13,24.36,0.00
2012-09-21,36.0,25.3,30.5,51,2.44,24.28,0.00
2012-09-22,35.0,26.0,30.2,52,2.56,22.97,0.00
2012-09-23,34.1,25.5,29.6,55,2.17,21.35,0.00
2012-09-24,35.1,25.7,29.9,53,3.01,21.53,0.20
2012-09-25,34.5,24.8,29.5,54,2.87,23.41,0.10
2012-09-26,35.9,24.7,30.2,49,1.82,24.67,0.00
2012-09-27,35.4,25.6,30.4,49,1.74,23.29,0.00
2012-09-28,34.4,25.7,29.6,54,2.83,21.33,1.30
2012-09-29,32.6,23.3,27.9,65,2.70,22.26,0.90
2012-09-30,35.0,23.7,29.3,51,2.86,24.02,0.00
2012-10-01,35.6,24.0,29.8,50,2.27,24.71,0.00
2012-10-02,34.4,25.0,29.6,55,1.90,22.60,0.00
2012-10-03,35.8,25.5,30.4,53,2.76,24.48,0.00
2012-10-04,36.4,25.8,30.7,50,2.77,24.94,0.00
2012-10-05,35.2,25.9,30.3,51,2.11,22.98,0.00
2012-10-06,35.9,25.8,30.4,52,2.70,24.60,0.00
2012-10-07,36.1,25.6,30.6,44,3.16,25.25,0.00
2012-10-08,36.4,24.7,30.6,43,2.28,25.27,0.00
2012-10-09,35.1,25.0,30.2,51,1.85,24.31,0.00
2012-10-10,33.3,25.4,29.0,61,1.69,21.48,0.00
2012-10-11,34.2,25.0,28.3,67,2.11,21.12,0.60
2012-10-12,32.6,25.0,28.3,69,1.73,18.12,2.70
2012-10-13,33.6,25.5,29.1,69,1.28,21.66,0.10
2012-10-14,32.9,26.1,29.1,65,1.80,21.06,0.80
2012-10-15,31.1,25.3,27.7,70,1.49,12.84,0.50
2012-10-16,33.4,24.9,29.1,64,1.55,20.18,0.00
2012-10-17,32.7,25.4,28.5,66,1.61,17.35,1.50
2012-10-18,32.4,24.6,28.3,70,1.38,17.02,0.00
2012-10-19,33.4,23.9,28.3,70,1.32,20.00,2.90
2012-10-20,34.3,25.1,29.4,58,2.38,23.89,0.00
2012-10-21,34.9,25.4,29.9,53,1.94,23.26,0.00
2012-10-22,34.6,24.8,29.7,56,1.49,23.43,0.00
2012-10-23,36.4,25.2,30.6,50,2.40,25.18,0.00
2012-10-24,36.1,25.2,30.7,47,2.05,24.71,0.00
2012-10-25,34.9,25.9,30.3,52,1.81,23.97,0.00
2012-10-26,34.6,25.9,30.2,52,2.00,23.23,0.10
2012-10-27,31.1,25.1,27.2,70,1.99,15.10,1.90
2012-10-28,32.9,24.0,28.3,68,1.75,22.52,0.50
2012-10-29,35.1,24.7,29.5,61,2.27,24.67,0.00
2012-10-30,35.3,25.2,30.2,57,2.88,23.84,0.00
2012-10-31,35.6,25.6,30.5,56,1.66,25.88,0.00
2012-11-01,34.8,25.8,29.9,62,1.93,21.56,1.60
2012-11-02,31.8,25.0,28.1,71,1.43,19.71,3.20
2012-11-03,33.9,24.5,28.7,69,1.29,23.37,0.00
2012-11-04,34.1,25.1,29.4,59,1.77,23.76,0.00
2012-11-05,34.2,25.0,29.7,58,1.33,24.35,0.00
2012-11-06,34.0,26.4,29.9,59,1.45,23.35,1.60
2012-11-07,33.6,24.9,28.3,71,1.76,22.19,3.40
2012-11-08,32.6,25.6,28.8,67,1.80,20.73,0.70
2012-11-09,31.6,24.0,27.3,76,1.08,18.30,5.40
2012-11-10,27.8,23.8,25.5,86,1.51,8.94,17.80
2012-11-11,29.2,23.2,25.6,84,1.52,13.84,8.10
2012-11-12,31.0,23.9,26.8,82,1.17,20.00,3.80
2012-11-13,30.7,24.2,27.2,81,1.37,17.54,4.80
2012-11-14,30.6,25.0,27.4,80,1.63,18.17,1.60
2012-11-15,29.7,23.7,25.9,85,1.52,9.50,4.80
2012-11-16,31.3,24.3,27.4,80,1.09,21.11,0.40
2012-11-17,32.1,24.5,27.8,78,1.34,20.82,0.60
2012-11-18,30.8,24.3,27.5,79,1.09,21.38,0.40
2012-11-19,31.0,24.6,27.7,79,1.62,19.24,2.50
2012-11-20,31.7,24.6,27.9,78,1.04,20.76,1.00
2012-11-21,31.5,25.2,28.0,74,1.68,21.02,0.30
2012-11-22,32.6,25.3,28.7,71,1.29,21.95,0.00
2012-11-23,33.0,25.2,28.8,71,1.11,23.03,0.00
2012-11-24,31.2,25.0,28.1,75,1.19,18.00,1.40
2012-11-25,30.8,24.2,27.2,80,1.54,19.64,7.60
2012-11-26,32.1,24.3,27.5,77,1.90,23.34,1.20
2012-11-27,31.2,24.4,27.2,80,1.56,18.40,1.30
2012-11-28,31.2,25.0,27.6,80,1.09,18.00,1.00
2012-11-29,31.5,23.8,26.9,81,1.28,19.85,8.40
2012-11-30,27.9,23.8,25.1,89,1.83,9.44,18.90
2012-12-01,27.9,22.8,25.0,86,1.96,11.74,11.10
2012-12-02,29.5,23.4,26.0,84,1.47,14.14,2.70
2012-12-03,28.3,23.2,24.7,91,1.71,9.76,19.30
2012-12-04,29.2,22.7,25.4,87,1.73,11.91,1.70
2012-12-05,28.8,22.7,25.4,86,1.47,14.03,1.80
2012-12-06,30.7,23.4,26.6,82,1.80,21.20,2.60
2012-12-07,29.9,23.3,25.5,85,1.51,16.60,20.40
2012-12-08,28.0,23.2,25.2,90,0.91,11.48,8.40
2012-12-09,30.6,23.9,27.0,81,1.33,19.89,1.40
2012-12-10,31.0,23.7,27.1,78,2.12,21.76,2.40
2012-12-11,29.8,23.5,26.2,84,1.45,15.51,4.60
2012-12-12,30.5,23.6,26.9,83,1.08,18.87,1.00
2012-12-13,30.2,23.5,26.8,82,1.25,18.23,0.10
2012-12-14,30.2,23.4,26.6,84,0.81,17.71,2.30
2012-12-15,30.2,24.4,26.9,83,1.25,18.50,2.00
2012-12-16,29.7,23.5,25.8,86,1.65,16.94,1.80
2012-12-17,29.3,23.3,25.6,86,1.29,14.48,1.00
2012-12-18,30.4,22.8,26.7,82,1.57,19.57,1.70
2012-12-19,31.7,24.0,27.7,76,2.24,23.64,0.10
2012-12-20,30.7,24.2,26.8,79,2.01,18.68,2.00
2012-12-21,30.3,23.1,26.7,83,1.09,22.37,1.90
2012-12-22,30.4,23.2,26.7,81,1.47,21.77,3.30
2012-12-23,29.7,23.6,26.0,85,1.57,15.84,4.50
2012-12-24,29.8,22.9,26.0,84,1.57,17.36,1.00
2012-12-25,29.8,23.7,25.8,86,1.73,17.22,11.50
2012-12-26,28.1,23.3,25.3,86,1.71,12.57,0.60
2012-12-27,30.2,22.8,26.0,84,1.79,19.40,4.40
2012-12-28,29.6,23.5,26.3,83,1.43,18.45,1.00
2012-12-29,29.0,23.5,25.5,85,1.43,15.75,4.20
2012-12-30,30.2,22.8,26.1,84,1.23,20.57,4.30
2012-12-31,30.1,23.0,26.3,83,1.39,20.82,2.50
2013-01-01,29.7,23.3,26.0,85,1.77,16.90,3.80
2013-01-02,29.4,23.4,26.0,84,1.64,17.10,11.30
2013-01-03,29.1,23.1,25.7,83,1.93,16.46,4.50
2013-01-04,29.3,22.9,25.6,85,2.02,18.36,3.70
2013-01-05,29.5,23.3,26.0,80,2.15,18.87,1.80
2013-01-06,30.9,23.3,26.9,78,1.79,22.49,0.10
2013-01-07,29.5,24.5,26.1,84,1.30,15.65,10.20
2013-01-08,30.6,23.5,26.6,84,1.74,20.44,4.30
2013-01-09,29.4,23.7,26.0,87,1.91,14.77,20.30
2013-01-10,29.4,23.9,25.8,87,1.54,16.78,13.30
2013-01-11,28.8,23.5,25.4,88,1.59,13.43,18.00
2013-01-12,27.0,23.1,24.8,90,1.46,9.28,15.20
2013-01-13,30.4,23.2,26.4,83,1.54,18.55,1.50
2013-01-14,30.0,23.6,26.2,85,1.67,18.06,2.20
2013-01-15,27.0,22.9,24.0,92,1.16,10.29,51.40
2013-01-16,29.4,22.1,25.5,85,0.93,18.91,2.30
2013-01-17,30.0,23.1,26.2,85,1.32,17.75,3.80
2013-01-18,29.4,23.6,25.7,87,1.75,17.60,6.70
2013-01-19,30.6,23.3,26.6,80,1.86,19.01,0.20
2013-01-20,30.0,23.6,26.4,77,1.82,18.64,1.40
2013-01-21,29.0,24.1,26.3,81,1.18,12.85,0.00
2013-01-22,30.3,24.0,26.6,83,1.47,17.00,0.30
2013-01-23,29.2,23.6,26.1,86,1.29,14.86,7.30
2013-01-24,28.1,23.7,25.3,91,1.26,11.59,6.30
2013-01-25,26.5,23.2,24.6,94,1.53,6.71,20.50
2013-01-26,29.2,23.5,25.4,89,1.21,13.46,6.90
2013-01-27,30.3,23.4,26.5,85,1.29,17.11,0.60
2013-01-28,30.6,24.3,26.9,86,1.42,17.27,8.60
2013-01-29,30.0,23.8,26.2,85,1.25,16.01,5.40
2013-01-30,29.4,23.8,26.0,86,0.91,15.41,7.30
2013-01-31,28.7,23.0,25.2,88,1.45,12.96,6.60
2013-02-01,28.2,23.6,25.3,89,1.46,8.92,7.30
2013-02-02,29.5,23.2,25.5,89,0.91,17.53,12.40
2013-02-03,30.1,22.8,26.0,86,1.27,18.09,3.00
2013-02-04,30.9,23.4,26.6,85,1.21,17.98,7.20
2013-02-05,29.4,23.3,25.6,88,1.45,15.57,10.40
2013-02-06,30.1,23.9,26.1,85,1.89,17.74,5.30
2013-02-07,28.4,23.0,25.3,87,1.59,10.73,2.90
2013-02-08,29.3,22.8,25.3,87,1.34,12.17,2.90
2013-02-09,27.5,23.5,25.4,88,1.11,12.23,2.30
2013-02-10,29.5,23.1,25.1,87,2.07,11.44,3.30
2013-02-11,29.6,22.5,24.9,89,1.70,16.74,17.20
2013-02-12,30.8,22.2,25.8,87,1.32,22.18,6.70
2013-02-13,28.7,22.8,24.8,86,1.92,15.42,5.20
2013-02-14,28.4,22.2,24.7,86,1.69,15.63,4.10
2013-02-15,29.8,21.7,25.7,84,1.64,21.01,0.40
2013-02-16,29.1,23.8,25.6,85,1.80,16.29,4.80
2013-02-17,29.0,22.7,25.1,86,1.77,14.94,3.10
2013-02-18,30.1,22.9,25.6,84,1.70,17.93,6.80
2013-02-19,28.8,23.6,25.6,85,1.82,15.45,1.40
2013-02-20,30.0,22.6,25.6,86,1.53,17.50,12.30
2013-02-21,30.4,23.0,26.3,84,1.56,19.68,0.20
2013-02-22,30.4,23.9,26.7,82,1.91,17.41,0.30
2013-02-23,31.4,23.7,27.3,81,2.05,23.27,0.20
2013-02-24,30.8,24.2,27.3,80,1.45,21.35,0.10
2013-02-25,30.8,23.7,26.6,84,1.17,19.19,8.00
2013-02-26,30.3,23.4,26.3,85,1.33,18.35,1.00
2013-02-27,30.3,23.2,26.4,83,1.91,18.81,0.90
2013-02-28,30.1,23.5,26.1,84,1.41,18.46,1.20
2013-03-01,29.9,23.5,26.2,84,1.66,16.90,2.60
2013-03-02,30.7,23.6,26.6,84,0.97,19.99,12.40
2013-03-03,30.0,23.8,26.5,85,1.29,14.86,0.90
2013-03-04,31.1,24.0,27.1,83,1.35,22.42,0.70
2013-03-05,30.8,24.7,27.0,82,1.52,18.18,3.20
2013-03-06,28.5,23.6,25.4,89,1.07,11.08,17.70
2013-03-07,29.0,23.4,25.5,88,1.27,14.45,9.00
2013-03-08,29.1,23.5,26.0,86,0.96,15.61,4.00
2013-03-09,29.8,23.5,26.6,83,1.13,18.21,0.20
2013-03-10,30.9,24.1,26.9,80,2.20,21.87,1.60
2013-03-11,30.5,23.4,26.5,84,1.87,19.22,3.60
2013-03-12,29.5,24.0,26.6,84,1.66,15.72,1.00
2013-03-13,28.8,24.0,26.2,86,1.42,14.27,8.80
2013-03-14,30.3,23.8,26.6,84,1.47,23.18,0.60
2013-03-15,29.5,24.3,26.6,84,1.41,17.16,2.70
2013-03-16,29.6,23.8,25.7,87,1.33,16.06,9.20
2013-03-17,28.8,23.1,25.8,86,1.19,12.24,0.70
2013-03-18,26.9,23.4,24.7,94,1.18,9.28,30.80
2013-03-19,24.9,22.9,23.7,95,1.18,3.31,50.90
2013-03-20,28.0,22.5,24.8,88,0.94,9.90,7.60
2013-03-21,30.0,23.2,25.5,86,1.58,16.66,8.60
2013-03-22,30.6,23.1,26.1,85,2.22,19.75,2.00
2013-03-23,28.6,22.9,25.5,87,1.10,13.71,4.70
2013-03-24,28.1,22.8,24.7,90,1.17,12.31,29.30
2013-03-25,26.4,22.6,23.9,91,1.34,6.59,18.00
2013-03-26,29.7,22.2,25.6,83,1.80,16.94,2.80
2013-03-27,30.4,23.0,26.1,83,1.55,20.64,4.70
2013-03-28,30.6,23.1,26.7,80,1.92,21.73,1.90
2013-03-29,28.4,23.3,25.3,87,1.49,12.97,12.30
2013-03-30,25.7,23.2,24.0,94,0.84,5.84,31.20
2013-03-31,29.4,23.0,25.4,87,1.27,16.35,6.00
2013-04-01,30.6,22.7,26.6,80,1.78,22.68,1.10
2013-04-02,30.5,23.7,26.7,82,2.17,20.49,1.10
2013-04-03,30.5,23.5,26.6,83,1.53,21.10,0.60
2013-04-04,30.8,23.6,26.2,84,1.94,20.94,2.90
2013-04-05,30.0,23.0,25.9,85,1.67,18.73,11.50
2013-04-06,29.5,22.8,26.0,85,1.28,18.02,7.90
2013-04-07,29.3,23.1,25.9,85,1.30,17.05,4.20
2013-04-08,30.0,23.4,26.4,85,1.21,18.58,2.70
2013-04-09,29.4,24.1,26.1,85,1.41,14.00,1.50
2013-04-10,29.3,23.3,25.4,88,1.56,15.22,3.80
2013-04-11,30.4,22.8,26.0,83,1.51,19.96,1.50
2013-04-12,30.2,23.7,26.5,82,2.04,18.10,0.60
2013-04-13,30.8,23.9,27.1,82,1.52,20.40,0.50
2013-04-14,31.3,24.0,27.3,81,1.73,22.36,0.40
2013-04-15,30.6,24.1,27.2,83,1.38,19.74,0.20
2013-04-16,29.3,24.4,26.3,84,1.67,16.20,4.20
2013-04-17,27.2,23.6,24.8,90,1.29,9.56,6.70
2013-04-18,28.5,23.0,25.1,88,0.96,12.63,6.10
2013-04-19,27.2,23.0,24.1,92,0.73,7.01,18.60
2013-04-20,29.5,22.6,25.6,86,0.86,19.29,3.60
2013-04-21,29.1,23.4,25.8,85,1.31,15.99,1.80
2013-04-22,28.3,23.1,25.2,88,0.97,13.34,24.50
2013-04-23,28.8,22.7,25.4,86,1.46,14.66,4.00
2013-04-24,29.7,23.3,26.5,80,2.04,20.68,0.60
2013-04-25,30.1,23.5,26.6,81,1.90,19.41,0.70
2013-04-26,28.4,24.1,25.7,85,2.50,12.55,6.00
2013-04-27,29.2,23.0,26.1,84,1.81,16.53,0.10
2013-04-28,29.8,22.9,26.2,83,1.40,18.46,0.50
2013-04-29,30.0,22.8,26.2,83,1.68,20.16,1.30
2013-04-30,30.4,23.4,26.3,82,1.80,20.75,5.40
2013-05-01,30.0,23.3,25.8,86,1.94,17.64,5.80
2013-05-02,29.9,23.1,25.6,86,1.50,15.67,3.60
2013-05-03,29.5,23.3,26.2,86,1.32,18.51,1.80
2013-05-04,30.4,23.2,26.1,85,1.48,18.03,0.90
2013-05-05,29.4,22.3,26.1,85,1.25,17.11,0.00
2013-05-06,30.8,23.8,27.0,81,1.62,21.46,0.00
2013-05-07,30.0,24.2,26.7,83,0.96,18.85,2.10
2013-05-08,28.4,23.1,25.8,87,1.56,12.42,4.80
2013-05-09,28.5,23.7,25.3,88,1.29,13.04,12.80
2013-05-10,24.2,22.5,23.3,96,1.02,1.71,107.30
2013-05-11,29.0,21.8,25.0,88,1.86,15.99,7.20
2013-05-12,30.2,22.6,26.2,78,2.48,20.79,0.00
2013-05-13,30.6,22.0,26.4,77,2.19,20.53,0.00
2013-05-14,31.3,22.6,26.7,75,1.94,21.16,0.00
2013-05-15,30.1,23.2,26.6,77,2.10,19.46,0.30
2013-05-16,31.2,24.1,27.2,75,2.37,20.73,0.00
2013-05-17,32.0,24.0,27.5,73,2.08,21.08,0.00
2013-05-18,31.2,23.4,27.3,77,1.77,20.58,0.90
2013-05-19,28.6,23.4,26.0,85,1.43,14.13,1.60
2013-05-20,29.8,22.8,26.4,81,1.90,18.03,0.70
2013-05-21,29.9,23.6,26.6,80,1.68,19.03,0.10
2013-05-22,30.4,23.9,26.5,82,1.25,19.43,1.50
2013-05-23,30.3,22.7,26.4,84,1.23,19.04,0.10
2013-05-24,30.3,23.3,26.5,85,1.40,18.17,5.10
2013-05-25,28.4,22.8,25.4,87,1.30,13.11,3.50
2013-05-26,28.6,23.3,25.4,87,1.65,11.56,1.60
2013-05-27,29.5,21.8,25.7,84,1.88,18.12,1.10
2013-05-28,30.0,22.5,26.2,81,1.90,18.46,0.20
2013-05-29,30.9,22.8,26.6,76,1.97,19.41,0.00
2013-05-30,31.1,23.0,26.8,77,1.47,19.50,0.00
2013-05-31,31.0,22.7,26.8,78,2.16,20.20,0.00
2013-06-01,30.9,23.3,26.6,81,1.53,17.77,0.30
2013-06-02,30.6,23.2,26.7,79,1.74,17.55,0.20
2013-06-03,30.9,22.7,26.6,77,1.54,19.53,0.00
2013-06-04,29.9,23.2,26.2,81,1.12,18.00,1.10
2013-06-05,28.8,22.8,25.0,87,1.75,13.46,8.60
2013-06-06,28.3,22.1,24.5,88,1.74,11.23,2.70
2013-06-07,29.8,22.4,25.7,84,1.28,17.05,0.10
2013-06-08,29.8,22.0,25.9,82,1.61,17.52,0.00
2013-06-09,31.5,22.5,26.6,71,2.52,20.52,0.00
2013-06-10,31.6,23.1,26.7,69,2.53,19.13,0.00
2013-06-11,31.8,22.5,26.7,70,2.58,19.10,0.00
2013-06-12,32.1,24.4,27.5,68,2.30,19.14,0.00
2013-06-13,32.4,23.5,27.5,68,2.58,19.36,0.00
2013-06-14,31.0,24.0,26.7,77,2.21,17.94,2.20
2013-06-15,30.5,23.9,26.5,79,2.00,16.64,0.10
2013-06-16,31.1,23.2,26.9,77,1.70,17.76,0.10
2013-06-17,31.7,22.9,26.9,75,2.41,18.17,0.40
2013-06-18,30.8,22.9,26.6,76,2.71,16.96,0.40
2013-06-19,31.5,23.0,26.9,75,1.93,18.10,0.20
2013-06-20,31.6,23.4,26.9,75,1.85,18.33,0.30
2013-06-21,31.3,22.5,26.7,74,1.90,18.29,0.30
2013-06-22,31.9,22.1,27.0,70,1.90,18.53,0.00
2013-06-23,31.8,24.0,27.5,72,2.15,18.71,0.10
2013-06-24,31.6,23.5,27.2,72,2.40,17.79,0.30
2013-06-25,30.4,22.3,26.4,73,1.99,16.94,0.00
2013-06-26,33.5,22.3,27.6,67,1.81,20.64,0.00
2013-06-27,33.4,23.9,28.1,64,1.80,19.15,0.00
2013-06-28,31.9,22.2,27.2,68,2.26,16.34,0.00
2013-06-29,31.7,24.2,27.0,72,2.35,17.41,0.40
2013-06-30,30.0,23.3,26.2,79,1.31,12.29,0.20
2013-07-01,31.3,23.1,26.5,78,1.35,18.72,4.40
2013-07-02,30.7,23.0,26.3,79,1.37,16.84,0.20
2013-07-03,30.0,23.5,26.2,77,1.76,14.76,0.00
2013-07-04,32.4,23.3,27.4,66,2.71,19.38,0.00
2013-07-05,32.9,24.2,28.0,57,2.81,18.82,0.00
2013-07-06,32.9,22.1,27.3,60,1.95,18.82,0.00
2013-07-07,32.7,22.7,27.4,62,1.66,19.86,0.00
2013-07-08,33.6,22.9,27.9,60,2.36,18.50,0.00
2013-07-09,32.6,22.7,27.3,66,2.16,18.99,0.20
2013-07-10,32.5,23.3,27.7,64,1.96,18.78,0.10
2013-07-11,33.7,22.9,28.1,54,2.54,22.22,0.00
2013-07-12,34.1,22.9,28.1,48,2.98,19.93,0.00
2013-07-13,32.6,24.6,28.2,53,2.80,17.66,0.00
2013-07-14,32.6,23.1,27.6,61,1.93,17.92,0.00
2013-07-15,33.4,23.5,28.3,59,2.39,16.74,0.00
2013-07-16,33.3,23.3,28.0,62,2.67,19.17,0.00
2013-07-17,33.9,22.6,28.2,56,2.33,20.23,0.00
2013-07-18,34.3,22.1,28.1,55,2.36,22.00,0.00
2013-07-19,34.3,22.3,28.1,54,2.13,19.25,0.00
2013-07-20,30.7,24.0,26.9,72,2.67,14.27,1.70
2013-07-21,32.7,22.9,27.5,70,1.76,19.98,0.80
2013-07-22,31.7,22.9,27.3,69,1.37,18.45,0.10
2013-07-23,31.4,23.8,27.0,72,1.64,16.59,0.30
2013-07-24,33.5,23.0,27.7,67,1.72,19.23,0.00
2013-07-25,33.1,23.2,28.1,64,2.09,18.90,0.20
2013-07-26,33.4,23.9,28.4,62,2.33,19.68,0.10
2013-07-27,33.1,24.3,28.3,63,1.85,19.31,0.00
2013-07-28,32.1,23.9,27.6,66,1.31,16.53,0.30
2013-07-29,33.6,23.9,28.3,59,2.03,19.91,0.00
2013-07-30,34.2,21.4,27.9,56,2.23,21.30,0.00
2013-07-31,34.6,22.8,28.7,54,2.34,20.77,0.00
2013-08-01,34.6,22.5,28.5,53,2.48,23.10,0.00
2013-08-02,34.6,22.6,28.6,46,2.55,23.03,0.00
2013-08-03,34.3,21.7,28.3,45,2.17,22.29,0.00
2013-08-04,35.1,21.4,28.5,48,1.92,23.54,0.00
2013-08-05,35.4,22.3,28.8,49,2.36,22.34,0.00
2013-08-06,35.0,23.6,29.0,52,2.30,20.87,0.00
2013-08-07,34.3,23.3,28.8,53,2.09,20.75,0.00
2013-08-08,33.8,23.8,28.6,54,2.11,20.75,0.00
2013-08-09,34.7,23.8,29.1,45,2.39,22.53,0.00
2013-08-10,34.5,24.3,29.4,46,2.13,20.60,0.00
2013-08-11,33.0,23.6,28.5,56,1.98,19.77,0.00
2013-08-12,32.5,23.8,28.1,65,2.22,20.01,0.00
2013-08-13,32.7,23.9,28.3,63,2.13,19.86,0.00
2013-08-14,34.1,23.8,29.0,59,2.09,20.57,0.00
2013-08-15,34.9,23.9,29.4,57,1.89,22.01,0.00
2013-08-16,32.4,24.8,28.8,62,2.09,17.78,0.20
2013-08-17,35.1,24.9,29.5,55,2.50,21.60,0.00
2013-08-18,33.3,24.3,28.5,59,2.29,18.08,0.10
2013-08-19,33.7,24.0,28.4,57,2.49,19.00,0.40
2013-08-20,33.1,23.0,28.0,59,2.36,19.76,0.00
2013-08-21,32.9,23.8,27.9,64,2.07,19.31,0.60
2013-08-22,32.7,24.3,28.3,63,1.74,18.03,0.00
2013-08-23,35.1,24.1,29.4,54,2.58,22.27,0.00
2013-08-24,35.4,24.2,29.6,51,2.63,23.76,0.00
2013-08-25,35.1,24.5,29.6,51,2.13,21.49,0.00
2013-08-26,35.3,24.0,29.5,50,1.59,22.36,0.00
2013-08-27,34.9,24.3,29.3,59,1.45,22.24,0.40
2013-08-28,33.9,24.8,29.1,61,1.97,21.76,0.00
2013-08-29,33.1,24.7,28.4,66,2.42,16.72,0.10
2013-08-30,34.4,23.9,28.6,62,2.15,19.26,1.50
2013-08-31,35.5,23.7,29.4,53,2.33,22.88,0.00
2013-09-01,34.9,24.7,29.4,52,1.70,22.30,0.00
2013-09-02,33.3,24.9,28.8,58,2.11,17.09,0.10
2013-09-03,33.5,24.5,28.6,61,1.93,20.65,0.00
2013-09-04,34.9,24.2,29.3,59,1.47,22.92,0.10
2013-09-05,34.6,25.2,29.7,60,2.32,20.35,0.20
2013-09-06,33.0,24.4,28.1,69,2.02,17.12,1.90
2013-09-07,32.1,24.3,28.1,67,1.10,19.82,2.00
2013-09-08,32.4,24.3,28.0,66,1.78,19.63,0.40
2013-09-09,33.8,24.4,28.7,59,2.59,19.63,0.00
2013-09-10,35.4,24.9,29.5,52,2.40,24.60,0.00
2013-09-11,32.9,24.1,28.5,57,2.18,20.48,0.10
2013-09-12,34.8,23.7,29.3,51,2.12,22.19,0.00
2013-09-13,35.2,24.1,29.5,47,2.68,24.10,0.00
2013-09-14,35.7,24.0,29.7,47,2.65,23.67,0.00
2013-09-15,35.8,24.5,29.8,52,2.65,23.69,0.00
2013-09-16,36.7,24.8,30.4,51,2.30,24.41,0.00
2013-09-17,36.7,25.2,30.5,49,2.69,24.96,0.00
2013-09-18,36.6,24.7,30.3,48,2.77,24.74,0.00
2013-09-19,36.3,24.7,30.5,48,2.25,24.43,0.00
2013-09-20,36.0,26.1,30.5,47,2.71,23.91,0.00
2013-09-21,35.7,24.7,29.9,48,2.01,23.55,0.10
2013-09-22,34.2,25.2,29.6,56,1.79,21.23,0.00
2013-09-23,34.5,25.1,29.7,57,2.52,20.79,0.10
2013-09-24,35.7,25.6,30.3,52,2.17,24.87,0.00
2013-09-25,33.7,25.3,29.5,58,1.61,21.69,0.00
2013-09-26,34.0,25.4,29.6,60,1.64,21.99,0.20
2013-09-27,34.6,25.4,29.3,62,2.74,21.60,0.40
2013-09-28,34.7,24.9,29.5,59,2.35,22.55,0.10
2013-09-29,36.3,24.6,30.4,53,2.16,24.66,0.00
2013-09-30,34.4,25.2,29.5,58,2.46,20.80,0.00
2013-10-01,35.8,24.8,30.0,53,2.52,23.70,0.00
2013-10-02,36.4,24.9,30.3,51,2.55,24.40,0.00
2013-10-03,35.7,25.0,30.1,50,3.32,23.74,0.00
2013-10-04,36.5,24.8,30.3,48,3.24,25.04,0.00
2013-10-05,35.7,24.9,30.5,47,2.21,24.99,0.00
2013-10-06,33.6,25.9,29.6,57,1.84,22.39,0.10
2013-10-07,33.5,24.1,28.0,69,2.11,19.01,10.80
2013-10-08,29.9,23.8,26.5,81,1.19,16.70,11.90
2013-10-09,32.1,24.7,27.3,74,2.07,21.00,4.60
2013-10-10,31.4,23.5,27.7,71,2.01,22.56,0.20
2013-10-11,33.0,24.4,28.0,66,2.18,21.29,0.50
2013-10-12,33.7,24.1,28.6,59,2.73,24.62,0.00
2013-10-13,33.4,25.5,29.0,53,4.02,19.78,0.00
2013-10-14,35.0,25.0,29.7,49,3.57,22.48,0.00
2013-10-15,34.8,24.5,29.6,53,2.17,22.95,0.00
2013-10-16,35.1,25.2,30.1,55,1.66,24.54,0.80
2013-10-17,32.1,24.9,28.6,67,1.43,21.03,0.70
2013-10-18,32.9,24.6,28.1,71,1.28,18.28,1.60
2013-10-19,31.6,23.9,26.9,78,1.00,20.49,11.40
2013-10-20,31.1,23.4,26.6,78,1.09,19.34,2.80
2013-10-21,32.0,23.5,27.5,72,1.74,22.72,0.30
2013-10-22,31.9,24.2,27.9,71,1.53,21.73,0.10
2013-10-23,31.9,25.0,27.6,71,1.62,17.54,0.60
2013-10-24,31.5,23.4,27.5,75,1.53,20.71,1.00
2013-10-25,32.4,24.1,28.0,72,1.32,21.71,0.00
2013-10-26,33.4,24.9,28.8,67,1.76,22.99,0.10
2013-10-27,31.7,25.2,28.3,67,2.09,19.39,0.70
2013-10-28,32.6,24.2,27.7,73,1.39,20.39,3.50
2013-10-29,32.1,24.4,27.3,78,1.06,21.39,2.90
2013-10-30,28.9,24.1,25.5,86,1.55,10.50,31.10
2013-10-31,30.9,23.2,26.1,82,1.91,18.06,1.40
2013-11-01,30.8,23.0,27.1,76,1.70,22.20,0.20
2013-11-02,30.6,24.4,27.2,74,1.36,18.15,0.10
2013-11-03,30.7,23.9,26.9,81,1.14,18.01,3.70
2013-11-04,30.2,23.1,25.7,83,2.04,17.63,13.30
2013-11-05,28.9,23.2,25.4,84,1.78,13.59,6.40
2013-11-06,29.1,22.8,25.1,86,1.03,15.00,12.30
2013-11-07,30.8,22.7,26.5,83,1.36,20.38,0.50
2013-11-08,31.1,23.7,27.5,77,1.81,21.48,0.90
2013-11-09,32.0,24.0,28.0,73,1.54,22.87,0.00
2013-11-10,31.6,24.7,27.8,77,1.35,22.78,9.40
2013-11-11,28.3,23.7,25.3,87,2.20,11.65,16.20
2013-11-12,29.5,23.2,26.1,84,1.48,17.98,9.00
2013-11-13,30.9,24.0,27.3,81,1.30,20.28,0.10
2013-11-14,30.0,24.2,26.7,81,1.61,18.33,4.90
2013-11-15,30.4,23.6,26.5,80,1.50,18.48,10.00
2013-11-16,27.8,23.0,25.1,88,1.18,13.33,12.00
2013-11-17,31.9,22.4,26.5,76,2.04,25.37,2.10
2013-11-18,31.0,23.9,27.1,76,2.28,23.25,0.60
2013-11-19,31.7,23.8,27.4,75,2.02,22.65,0.00
2013-11-20,30.9,25.0,27.3,76,1.76,20.04,1.00
2013-11-21,30.2,23.1,26.3,84,1.35,19.30,0.40
2013-11-22,29.8,23.9,26.7,81,1.29,16.10,1.00
2013-11-23,28.0,23.4,25.5,84,1.67,12.38,5.50
2013-11-24,28.6,22.6,25.5,83,1.79,14.37,4.10
2013-11-25,30.9,22.7,26.6,75,1.96,21.64,0.00
2013-11-26,29.1,24.4,26.5,82,1.32,16.26,1.00
2013-11-27,29.2,23.1,25.5,86,1.70,14.76,15.20
2013-11-28,29.8,22.7,25.5,86,1.31,19.61,20.40
2013-11-29,27.3,23.0,24.9,90,1.42,8.65,6.40
2013-11-30,30.8,24.0,26.8,81,1.78,18.76,0.40
2013-12-01,31.3,23.2,27.3,77,2.01,23.27,0.20
2013-12-02,31.9,23.8,27.7,76,1.56,24.29,0.00
2013-12-03,32.1,24.0,27.7,74,2.21,23.95,0.10
2013-12-04,31.7,24.1,27.7,74,1.44,24.01,0.10
2013-12-05,31.1,23.9,27.4,79,1.35,21.74,0.30
2013-12-06,29.6,24.1,25.9,83,1.94,15.02,13.70
2013-12-07,30.8,22.6,25.7,86,0.93,21.57,7.10
2013-12-08,30.8,22.9,26.7,78,1.85,22.72,0.20
2013-12-09,31.2,24.0,27.5,74,1.58,22.46,0.20
2013-12-10,30.7,23.5,27.0,81,0.90,20.59,0.50
2013-12-11,30.2,24.2,26.2,81,1.64,15.72,1.60
2013-12-12,31.4,23.8,26.8,74,2.38,23.46,1.00
2013-12-13,31.5,23.2,27.1,74,2.02,23.94,0.00
2013-12-14,31.5,23.8,27.5,71,2.02,22.17,0.10
2013-12-15,31.3,24.8,27.3,74,1.34,20.82,0.60
2013-12-16,30.3,24.2,26.9,79,0.98,15.93,0.80
2013-12-17,31.8,24.0,27.4,75,1.49,21.77,0.30
2013-12-18,30.3,24.0,26.9,77,1.56,15.03,4.70
2013-12-19,27.7,23.5,25.2,90,1.32,10.30,16.00
2013-12-20,27.5,23.0,24.6,91,1.21,10.35,39.00
2013-12-21,26.3,23.1,24.3,91,1.75,6.92,50.40
2013-12-22,26.7,22.7,24.2,91,0.98,8.18,13.70
2013-12-23,30.0,22.2,25.7,85,1.52,19.92,3.30
2013-12-24,29.4,22.8,25.7,86,1.43,15.47,4.90
2013-12-25,30.5,23.1,26.6,84,1.88,20.27,11.50
2013-12-26,30.3,23.3,26.4,85,1.33,18.00,6.30
2013-12-27,30.5,23.8,26.8,81,1.70,20.22,1.40
2013-12-28,30.0,23.6,26.6,84,1.06,19.86,0.90
2013-12-29,29.7,23.9,26.2,85,1.34,18.06,2.50
2013-12-30,30.1,24.0,26.8,82,1.76,15.99,0.70
2013-12-31,30.3,23.4,26.8,78,2.16,22.77,0.00
2014-01-01,31.5,23.3,27.2,79,1.57,22.35,0.60
2014-01-02,31.0,23.6,27.3,78,1.91,22.88,0.70
2014-01-03,29.7,23.8,26.4,79,2.23,19.29,1.00
2014-01-04,29.4,22.5,25.5,85,1.84,20.00,8.10
2014-01-05,30.3,22.9,26.3,81,1.66,20.49,0.20
2014-01-06,30.7,23.8,26.4,79,1.92,23.51,2.20
2014-01-07,29.3,22.3,25.5,84,1.64,17.00,7.30
2014-01-08,30.9,22.4,26.0,83,1.11,23.17,4.70
2014-01-09,29.7,22.7,25.8,84,1.51,20.22,6.90
2014-01-10,28.8,22.3,24.9,85,2.16,16.68,7.00
2014-01-11,28.5,22.8,25.4,85,1.59,16.39,8.30
2014-01-12,26.5,22.6,24.1,91,1.30,9.48,17.60
2014-01-13,27.4,21.9,24.6,88,1.56,12.59,4.50
2014-01-14,29.5,22.9,25.7,84,1.40,19.84,8.00
2014-01-15,28.7,23.0,25.0,86,1.30,14.43,4.50
2014-01-16,29.5,22.2,25.7,85,1.56,20.79,1.20
2014-01-17,29.8,23.6,26.4,83,2.01,19.40,3.80
2014-01-18,30.2,23.2,26.5,82,1.86,18.93,0.40
2014-01-19,30.5,23.6,26.6,82,1.54,20.50,1.20
2014-01-20,29.3,23.8,25.9,84,1.66,16.30,3.70
2014-01-21,27.4,22.7,24.7,88,2.01,12.69,10.10
2014-01-22,29.7,22.8,25.8,83,1.38,17.78,0.80
2014-01-23,29.6,22.9,26.2,84,1.03,18.95,0.90
2014-01-24,29.8,23.2,25.5,88,1.25,19.12,28.10
2014-01-25,26.7,22.5,24.2,88,1.42,9.63,6.40
2014-01-26,28.8,21.9,24.8,83,1.38,15.52,2.30
2014-01-27,27.9,22.6,24.2,89,1.62,12.96,18.10
2014-01-28,26.4,22.1,24.1,89,1.22,10.72,9.70
2014-01-29,29.7,21.7,25.5,84,1.44,21.12,0.80
2014-01-30,27.6,22.7,24.7,86,1.79,11.66,13.80
2014-01-31,29.0,22.7,25.3,85,2.22,18.73,2.40
2014-02-01,29.3,22.7,25.2,88,1.31,17.35,6.70
2014-02-02,29.7,22.7,25.9,85,1.31,18.29,5.50
2014-02-03,28.8,22.9,25.3,87,1.95,14.75,2.00
2014-02-04,28.0,23.2,24.8,87,1.34,14.68,12.10
2014-02-05,29.2,22.2,25.5,84,1.60,17.05,0.60
2014-02-06,26.6,23.2,24.5,90,1.64,9.67,44.30
2014-02-07,28.6,22.5,25.1,85,1.74,15.60,5.40
2014-02-08,28.1,21.9,25.0,87,1.63,14.64,4.20
2014-02-09,29.2,22.3,25.4,85,2.00,17.40,5.30
2014-02-10,28.7,22.6,25.5,86,1.75,13.64,0.70
2014-02-11,29.2,23.2,25.5,85,1.96,15.94,19.20
2014-02-12,26.3,22.7,24.4,89,1.48,9.22,9.90
2014-02-13,28.5,22.4,24.9,88,1.45,15.18,5.70
2014-02-14,28.1,23.0,25.3,85,1.35,15.53,4.80
2014-02-15,27.6,23.1,24.9,88,1.30,11.91,10.30
2014-02-16,27.5,22.7,24.6,88,1.25,12.90,12.10
2014-02-17,28.0,22.8,25.1,86,1.30,14.85,5.90
2014-02-18,28.3,23.1,25.2,88,0.90,14.14,10.90
2014-02-19,25.7,22.5,23.9,94,1.11,6.54,18.50
2014-02-20,27.7,22.4,24.7,91,1.75,14.49,12.70
2014-02-21,29.1,23.0,25.4,87,1.88,13.65,5.30
2014-02-22,28.7,22.7,25.4,87,1.19,14.12,4.40
2014-02-23,30.8,22.8,26.5,82,1.66,23.31,0.10
2014-02-24,31.4,23.5,27.0,81,1.80,23.13,0.20
2014-02-25,30.3,23.6,26.0,84,1.34,19.57,18.00
2014-02-26,31.1,22.7,26.1,82,1.89,19.71,0.80
2014-02-27,29.5,23.3,25.6,84,1.96,16.85,8.80
2014-02-28,28.8,22.9,25.6,84,1.48,13.38,3.90
2014-03-01,29.0,22.9,25.7,86,1.30,17.25,5.20
2014-03-02,29.3,23.4,25.7,85,1.11,17.31,15.70
2014-03-03,27.0,23.0,24.4,92,1.25,9.10,27.40
2014-03-04,28.6,22.8,25.0,87,0.85,15.20,8.10
2014-03-05,28.3,22.8,25.2,88,0.89,14.65,21.90
2014-03-06,28.0,23.1,24.7,90,0.82,11.32,12.30
2014-03-07,25.9,23.0,24.1,92,1.15,7.77,13.40
2014-03-08,29.0,22.6,25.3,87,1.39,15.94,8.70
2014-03-09,28.5,22.4,25.1,86,1.19,14.35,9.00
2014-03-10,29.9,22.6,25.7,84,1.22,19.28,1.20
2014-03-11,28.9,23.0,25.1,87,1.81,14.89,12.00
2014-03-12,29.6,22.8,25.2,86,2.03,16.85,9.30
2014-03-13,30.4,23.2,26.0,84,1.35,20.72,1.10
2014-03-14,30.2,22.6,25.9,83,1.87,19.84,6.10
2014-03-15,29.7,23.4,25.7,83,1.70,18.28,3.20
2014-03-16,28.3,22.8,24.7,87,2.24,11.17,2.80
2014-03-17,30.2,22.2,25.8,82,2.50,20.33,1.10
2014-03-18,29.2,22.8,25.8,86,1.48,16.20,1.30
2014-03-19,30.0,23.2,25.8,84,2.25,18.56,1.80
2014-03-20,30.0,23.1,25.9,85,1.89,17.54,4.50
2014-03-21,30.2,23.4,26.2,85,1.71,15.21,3.10
2014-03-22,29.9,23.4,26.5,83,1.29,15.85,0.30
2014-03-23,30.0,23.7,26.4,83,2.08,19.87,0.80
2014-03-24,29.7,23.5,26.2,84,1.25,18.15,1.50
2014-03-25,30.2,22.9,26.0,85,1.37,21.51,2.00
2014-03-26,30.1,23.2,26.2,83,1.50,21.09,1.30
2014-03-27,29.8,22.9,25.9,85,1.08,19.50,5.80
2014-03-28,28.5,23.5,25.5,84,0.89,15.39,10.50
2014-03-29,28.3,23.0,24.9,87,1.30,14.66,22.10
2014-03-30,29.2,22.5,25.2,86,1.90,18.94,3.70
2014-03-31,29.8,22.8,25.5,86,2.06,18.03,6.10
2014-04-01,30.7,22.2,26.0,85,1.19,20.63,2.90
2014-04-02,29.1,23.2,25.3,88,1.40,15.32,10.40
2014-04-03,28.9,23.0,25.3,86,1.48,14.63,1.00
2014-04-04,30.2,23.1,26.2,83,1.58,21.51,0.90
2014-04-05,30.3,23.1,26.3,83,1.81,20.99,1.20
2014-04-06,29.3,23.1,26.1,84,1.44,17.60,0.60
2014-04-07,28.6,23.0,25.8,86,1.32,16.01,3.40
2014-04-08,29.6,23.1,25.9,85,1.88,17.34,10.40
2014-04-09,28.8,22.8,25.2,86,1.93,15.67,6.00
2014-04-10,27.8,23.3,24.9,87,1.40,12.65,4.70
2014-04-11,28.5,22.3,25.0,87,0.96,15.84,1.00
2014-04-12,28.3,22.9,25.2,87,1.23,13.53,3.40
2014-04-13,28.9,22.5,25.5,88,1.85,17.04,0.90
2014-04-14,29.4,22.9,25.8,85,2.38,17.54,0.80
2014-04-15,29.5,22.5,25.5,85,1.77,18.33,6.10
2014-04-16,29.2,22.1,25.6,86,1.33,17.82,0.60
2014-04-17,29.7,23.6,25.8,87,1.95,15.87,0.50
2014-04-18,28.5,22.5,25.0,88,1.27,13.87,4.20
2014-04-19,29.4,22.3,25.1,88,1.13,16.75,1.50
2014-04-20,29.4,23.4,25.6,87,1.00,14.70,1.00
2014-04-21,28.2,23.3,25.1,89,1.56,14.58,5.70
2014-04-22,29.9,22.6,25.5,88,1.43,17.07,2.20
2014-04-23,29.1,22.9,25.7,86,1.92,15.96,7.20
2014-04-24,30.0,22.7,26.1,86,1.64,18.98,8.70
2014-04-25,29.4,22.9,25.8,87,1.20,16.75,4.00
2014-04-26,28.6,23.3,25.5,86,1.27,11.78,2.40
2014-04-27,26.9,23.1,24.5,90,1.07,8.51,21.00
2014-04-28,26.1,23.0,24.1,93,1.53,5.25,41.40
2014-04-29,30.0,22.6,26.0,80,2.94,19.92,0.00
2014-04-30,29.4,23.0,25.9,76,2.95,16.61,0.00
2014-05-01,29.9,23.0,26.2,77,2.61,20.27,0.00
2014-05-02,29.5,23.7,26.5,80,2.18,12.25,0.10
2014-05-03,29.3,23.5,26.1,83,1.79,16.69,6.70
2014-05-04,29.0,23.2,25.5,87,1.94,14.81,2.90
2014-05-05,29.5,22.9,26.1,82,2.26,18.47,0.50
2014-05-06,30.1,23.2,26.3,79,2.04,20.40,0.00
2014-05-07,29.8,23.4,26.4,79,1.84,17.85,0.20
2014-05-08,30.0,24.0,26.1,86,1.45,15.44,7.10
2014-05-09,29.5,23.1,26.0,85,1.17,17.11,0.80
2014-05-10,29.7,23.0,26.0,84,1.63,17.59,1.40
2014-05-11,29.1,22.6,25.7,86,0.95,16.30,0.50
2014-05-12,28.5,23.1,25.4,86,1.93,14.67,0.80
2014-05-13,30.1,23.2,26.2,78,2.06,18.26,0.00
2014-05-14,30.7,23.2,26.6,76,2.11,19.40,0.00
2014-05-15,30.0,23.2,26.6,79,2.02,18.36,0.20
2014-05-16,29.2,23.5,26.0,85,2.04,13.56,3.90
2014-05-17,29.2,23.2,25.4,87,1.01,14.45,1.30
2014-05-18,29.3,22.6,25.4,87,1.17,16.00,2.30
2014-05-19,29.9,23.0,26.2,83,1.73,18.55,0.30
2014-05-20,30.2,22.8,26.3,83,1.56,18.48,0.80
2014-05-21,29.6,22.8,25.9,84,2.30,17.20,0.60
2014-05-22,28.9,23.4,25.8,83,1.83,13.49,0.70
2014-05-23,28.2,23.1,25.1,88,0.97,11.67,3.00
2014-05-24,28.8,22.3,25.1,90,1.07,12.11,0.70
2014-05-25,28.9,22.5,25.1,88,1.27,14.85,5.90
2014-05-26,29.3,22.9,25.9,84,1.48,16.47,1.00
2014-05-27,29.7,22.8,26.0,82,1.49,17.70,0.70
2014-05-28,30.6,22.1,26.1,80,1.20,19.11,0.00
2014-05-29,30.1,22.3,26.0,80,1.93,18.36,0.00
2014-05-30,30.4,23.2,26.4,80,2.60,17.90,0.10
2014-05-31,30.9,23.4,26.7,75,2.62,20.06,0.00
2014-06-01,31.4,21.9,26.3,71,2.27,20.88,0.00
2014-06-02,31.5,21.8,26.7,71,1.80,19.65,0.00
2014-06-03,32.7,22.9,27.1,72,1.93,21.18,0.00
2014-06-04,31.3,22.8,26.8,76,2.11,18.27,0.10
2014-06-05,31.2,23.3,26.9,76,2.50,17.98,0.30
2014-06-06,31.3,22.6,26.9,75,2.31,18.40,0.20
2014-06-07,31.5,22.5,26.7,74,2.52,18.52,0.10
2014-06-08,32.2,22.2,27.0,72,2.26,18.98,0.00
2014-06-09,33.3,24.0,27.9,67,2.12,19.05,0.00
2014-06-10,33.0,22.7,27.6,65,2.82,20.19,0.00
2014-06-11,32.2,23.2,27.1,66,2.72,18.30,0.00
2014-06-12,32.1,22.0,26.7,61,2.79,21.43,0.00
2014-06-13,32.9,21.5,27.1,62,2.21,20.56,0.00
2014-06-14,32.8,22.5,27.5,63,2.49,18.35,0.00
2014-06-15,31.2,24.9,27.4,70,1.73,14.53,0.00
2014-06-16,31.8,24.7,27.5,68,1.68,14.22,0.20
2014-06-17,32.1,24.7,27.7,67,2.08,14.81,0.00
2014-06-18,32.0,23.8,27.8,64,2.24,15.77,0.00
2014-06-19,33.2,23.8,28.0,64,2.58,18.28,0.00
2014-06-20,31.4,24.0,27.4,72,2.19,18.27,0.40
2014-06-21,29.9,23.4,26.7,73,2.18,15.25,0.20
2014-06-22,33.1,23.0,27.5,61,2.66,21.12,0.00
2014-06-23,33.2,22.0,27.3,58,3.22,20.81,0.00
2014-06-24,33.0,22.6,27.6,59,3.21,19.16,0.00
2014-06-25,32.3,24.6,28.0,59,2.47,17.22,0.00
2014-06-26,33.1,23.3,28.0,63,2.42,17.92,0.00
2014-06-27,31.3,23.6,27.3,69,1.93,16.22,0.10
2014-06-28,31.0,23.9,26.5,77,1.94,14.15,3.10
2014-06-29,32.9,23.3,27.4,71,1.93,19.12,0.00
2014-06-30,30.5,23.4,26.8,75,1.50,16.34,0.20
2014-07-01,31.6,23.3,27.1,72,1.52,18.77,0.00
2014-07-02,31.2,23.1,26.9,73,1.87,18.01,0.00
2014-07-03,31.8,22.8,27.0,70,2.43,17.96,0.10
2014-07-04,32.1,22.8,27.3,66,2.56,18.50,0.10
2014-07-05,33.1,22.4,27.5,61,2.76,21.32,0.00
2014-07-06,33.7,23.1,27.8,55,2.81,19.79,0.00
2014-07-07,33.3,24.0,28.0,54,3.13,19.57,0.00
2014-07-08,32.9,22.1,27.3,56,2.74,20.28,0.00
2014-07-09,33.7,22.3,27.6,54,2.64,18.85,0.00
2014-07-10,34.4,23.8,28.5,56,2.40,21.23,0.00
2014-07-11,33.7,23.4,28.1,59,2.00,19.64,0.00
2014-07-12,32.6,22.6,27.5,65,2.20,18.64,0.00
2014-07-13,31.6,24.2,27.6,65,2.58,16.10,0.00
2014-07-14,33.8,23.0,28.2,53,2.86,20.77,0.00
2014-07-15,32.7,22.8,27.6,57,2.92,18.43,0.00
2014-07-16,32.6,24.2,27.9,55,3.15,19.57,0.00
2014-07-17,31.7,23.7,27.5,60,2.87,18.09,0.00
2014-07-18,32.8,22.5,27.6,58,2.79,20.05,0.00
2014-07-19,33.5,22.8,28.1,56,2.29,20.04,0.00
2014-07-20,33.9,23.9,28.3,60,2.12,19.63,0.10
2014-07-21,33.0,23.3,27.8,63,2.52,19.61,0.10
2014-07-22,32.8,22.9,27.5,60,2.85,20.74,0.10
2014-07-23,32.6,23.2,27.4,58,2.57,18.50,0.30
2014-07-24,33.2,23.2,27.8,60,2.48,20.06,0.20
2014-07-25,33.3,23.8,28.2,54,2.76,20.33,0.00
2014-07-26,33.8,23.0,28.1,53,2.61,20.10,0.00
2014-07-27,34.9,24.0,29.0,50,2.76,22.02,0.00
2014-07-28,34.5,22.4,28.4,50,2.07,22.66,0.00
2014-07-29,31.8,23.6,27.7,56,2.76,19.23,0.00
2014-07-30,33.9,23.1,28.2,51,2.85,23.15,0.00
2014-07-31,32.7,22.6,27.7,48,2.83,19.52,0.00
2014-08-01,32.9,22.4,27.6,52,2.69,18.63,0.00
2014-08-02,34.1,22.9,28.5,50,2.20,21.82,0.00
2014-08-03,33.7,22.9,28.3,54,2.50,20.07,0.00
2014-08-04,32.9,23.4,28.0,64,2.28,19.87,0.00
2014-08-05,34.4,23.4,28.5,64,1.77,20.64,0.20
2014-08-06,31.8,24.2,27.7,65,2.83,15.91,0.00
2014-08-07,33.1,23.2,27.9,59,2.78,20.57,0.00
2014-08-08,33.8,22.8,28.1,51,2.85,22.51,0.00
2014-08-09,33.7,23.1,28.3,52,2.75,22.32,0.00
2014-08-10,34.0,23.5,28.3,51,2.92,23.05,0.00
2014-08-11,34.4,22.5,28.3,49,2.86,23.78,0.00
2014-08-12,34.3,22.6,28.4,50,2.27,23.37,0.00
2014-08-13,34.5,22.5,28.4,48,2.22,23.03,0.00
2014-08-14,35.3,22.7,28.7,44,2.46,23.32,0.00
2014-08-15,34.4,22.2,28.2,46,2.73,24.17,0.00
2014-08-16,34.6,24.0,28.6,44,2.60,23.57,0.00
2014-08-17,33.6,23.7,28.0,42,2.62,20.96,0.00
2014-08-18,34.1,22.6,28.0,46,2.25,23.44,0.00
2014-08-19,34.8,22.4,28.7,46,2.48,24.05,0.00
2014-08-20,35.0,23.8,29.2,44,2.39,23.79,0.00
2014-08-21,34.0,24.1,28.4,51,2.69,21.85,0.00
2014-08-22,32.4,23.5,27.9,62,2.10,20.58,0.00
2014-08-23,34.3,23.1,28.6,55,2.08,21.80,0.10
2014-08-24,34.2,23.8,28.4,57,2.52,21.49,0.10
2014-08-25,34.5,23.7,28.7,60,2.56,21.58,0.20
2014-08-26,35.1,24.1,29.1,54,2.94,24.60,0.00
2014-08-27,34.4,24.0,28.9,51,2.92,23.15,0.00
2014-08-28,34.2,23.5,28.7,52,2.31,21.67,0.00
2014-08-29,33.3,24.0,28.4,61,1.92,21.59,0.30
2014-08-30,32.7,24.9,28.3,66,2.28,19.04,0.10
2014-08-31,33.5,23.9,28.1,63,2.06,20.43,0.40
2014-09-01,32.6,24.2,27.9,64,2.07,19.46,0.30
2014-09-02,34.7,23.1,28.6,56,2.41,24.15,0.00
2014-09-03,35.4,23.1,29.0,51,2.48,24.87,0.00
2014-09-04,34.1,24.3,29.1,53,2.16,22.92,0.00
2014-09-05,34.5,24.2,29.1,59,2.37,22.79,0.00
2014-09-06,31.8,24.1,27.3,69,2.22,16.21,1.00
2014-09-07,34.1,23.6,28.3,58,2.29,22.27,0.00
2014-09-08,34.4,22.8,28.5,48,2.77,22.62,0.00
2014-09-09,34.1,23.1,28.7,52,2.93,22.97,0.00
2014-09-10,34.7,24.3,29.1,53,2.31,22.97,0.10
2014-09-11,35.8,24.2,29.7,53,2.50,23.76,0.00
2014-09-12,34.5,24.4,29.2,52,2.61,21.87,0.00
2014-09-13,34.3,24.0,29.1,53,2.96,22.54,0.00
2014-09-14,34.5,23.9,29.0,58,2.58,22.39,0.20
2014-09-15,34.6,24.1,29.1,59,2.08,22.65,0.20
2014-09-16,34.0,24.4,29.2,60,2.22,22.37,0.00
2014-09-17,33.9,24.2,28.9,62,2.63,22.28,0.00
2014-09-18,32.1,24.7,28.1,66,2.64,18.96,1.70
2014-09-19,31.9,23.9,27.6,68,2.34,19.28,0.30
2014-09-20,32.2,23.5,27.7,65,2.35,18.89,0.00
2014-09-21,33.6,24.1,28.9,63,2.15,22.85,0.00
2014-09-22,33.6,24.4,28.7,63,2.08,23.37,0.00
2014-09-23,33.0,24.4,28.6,63,2.45,20.15,0.00
2014-09-24,32.1,24.5,27.9,65,2.20,18.21,0.20
2014-09-25,33.4,23.9,28.4,60,2.49,23.00,0.00
2014-09-26,34.1,23.8,28.7,59,2.88,22.93,0.00
2014-09-27,34.3,24.0,29.1,59,2.38,22.81,0.00
2014-09-28,35.0,24.5,29.3,56,2.57,24.40,0.00
2014-09-29,34.3,24.3,29.2,59,2.38,22.87,0.20
2014-09-30,33.6,25.2,29.2,60,1.78,21.91,0.10
2014-10-01,34.3,24.9,29.5,60,1.75,22.33,0.00
2014-10-02,33.5,25.4,28.8,63,2.11,20.24,0.00
2014-10-03,27.3,23.4,25.3,85,2.19,11.06,18.60
2014-10-04,30.6,23.2,26.5,77,2.93,21.41,0.90
2014-10-05,31.9,23.9,27.3,65,3.50,24.10,0.00
2014-10-06,32.1,23.6,27.5,59,3.61,26.03,0.00
2014-10-07,32.9,24.1,28.0,56,3.42,26.52,0.00
2014-10-08,33.5,23.4,28.3,58,3.14,24.81,0.00
2014-10-09,34.3,24.6,29.0,57,3.14,25.43,0.00
2014-10-10,34.8,24.6,29.4,54,3.28,25.66,0.00
2014-10-11,35.0,24.4,29.2,59,2.04,24.17,0.00
2014-10-12,34.4,25.0,29.3,61,2.12,21.72,0.10
2014-10-13,34.1,25.5,29.3,61,1.74,21.03,0.20
2014-10-14,35.0,25.0,29.5,58,2.36,23.24,0.00
2014-10-15,35.6,24.3,29.7,55,2.16,24.62,0.00
2014-10-16,34.2,25.0,29.3,60,1.80,22.72,0.30
2014-10-17,34.3,25.4,28.9,66,1.89,21.49,1.60
2014-10-18,33.1,24.8,28.8,66,2.29,20.36,0.00
2014-10-19,34.7,24.8,29.4,58,2.09,25.50,0.00
2014-10-20,33.5,25.4,29.4,62,1.22,23.52,0.00
2014-10-21,32.2,25.2,28.0,72,1.16,17.47,0.60
2014-10-22,32.5,24.6,27.9,72,1.74,20.65,1.70
2014-10-23,32.2,24.2,27.3,74,1.39,17.70,1.90
2014-10-24,32.5,23.8,27.9,72,1.58,20.05,0.00
2014-10-25,33.3,24.8,28.5,68,2.14,22.33,0.50
2014-10-26,33.7,25.0,28.9,63,1.86,23.45,0.00
2014-10-27,33.1,24.8,28.6,65,1.57,21.27,0.20
2014-10-28,33.9,24.5,29.1,61,1.53,24.00,0.00
2014-10-29,32.9,24.8,28.5,66,1.70,22.23,0.00
2014-10-30,33.8,24.8,29.0,65,2.26,21.83,0.50
2014-10-31,33.9,24.3,28.8,64,1.56,21.12,0.00
2014-11-01,34.2,24.1,28.9,61,1.83,24.03,0.00
2014-11-02,34.1,24.5,29.5,61,1.28,23.66,0.10
2014-11-03,30.7,24.5,27.0,78,1.73,17.56,6.80
2014-11-04,31.1,23.4,27.1,75,1.91,19.89,0.00
2014-11-05,32.9,24.6,28.3,71,2.58,23.63,0.00
2014-11-06,34.5,24.4,29.1,62,2.24,25.60,0.00
2014-11-07,34.5,25.3,29.7,62,1.30,23.43,0.00
2014-11-08,33.3,25.7,28.7,68,2.09,19.35,0.60
2014-11-09,32.4,25.0,28.2,69,1.52,19.21,0.10
2014-11-10,34.3,25.1,29.6,61,1.32,26.10,0.00
2014-11-11,33.8,25.6,29.3,64,1.30,22.01,0.50
2014-11-12,30.8,25.8,27.7,74,2.03,15.99,5.70
2014-11-13,31.6,23.3,26.8,78,1.86,17.63,2.40
2014-11-14,32.5,23.7,28.0,69,1.31,23.64,0.00
2014-11-15,32.2,24.0,28.0,73,1.18,22.20,0.80
2014-11-16,32.0,24.8,27.8,73,1.83,21.43,4.80
2014-11-17,28.7,23.1,25.4,86,0.91,13.05,10.00
2014-11-18,30.1,23.5,26.6,80,1.38,17.49,0.00
2014-11-19,31.8,23.4,27.0,78,2.08,21.96,0.60
2014-11-20,30.0,23.6,26.1,84,2.26,17.35,10.70
2014-11-21,30.9,23.7,26.8,80,2.11,18.24,1.90
2014-11-22,31.9,24.5,27.8,74,1.92,20.50,0.60
2014-11-23,31.5,24.7,27.1,77,1.94,20.13,7.90
2014-11-24,31.7,23.6,27.3,73,1.96,23.50,0.10
2014-11-25,33.0,23.4,27.9,65,1.96,24.43,0.00
2014-11-26,31.2,24.5,27.2,74,1.98,18.96,9.90
2014-11-27,31.1,24.3,27.1,79,1.84,18.78,0.30
2014-11-28,31.8,23.3,27.5,75,1.31,24.78,0.10
2014-11-29,32.2,23.8,28.4,73,1.49,22.61,0.50
2014-11-30,32.6,24.8,28.5,69,1.94,22.09,0.10
2014-12-01,32.5,24.3,28.3,66,2.44,22.25,0.00
2014-12-02,32.6,24.4,28.4,67,2.37,23.99,0.00
2014-12-03,33.0,24.7,28.6,65,1.55,21.37,0.00
2014-12-04,32.5,24.0,28.4,69,1.46,22.85,0.00
2014-12-05,30.1,23.9,26.8,78,2.39,16.25,10.10
2014-12-06,31.9,24.1,27.1,77,1.43,19.79,5.60
2014-12-07,28.8,22.7,25.3,86,1.67,13.11,9.20
2014-12-08,30.6,22.7,26.5,81,1.44,20.89,2.50
2014-12-09,30.2,23.6,26.5,84,1.06,18.87,2.90
2014-12-10,29.9,24.4,26.7,80,1.82,16.10,8.50
2014-12-11,31.4,24.3,27.0,79,1.96,20.37,2.20
2014-12-12,28.9,24.0,26.2,83,1.21,13.31,4.20
2014-12-13,27.8,23.2,25.1,87,1.15,10.56,8.50
2014-12-14,29.4,22.9,25.7,85,1.40,15.37,7.70
2014-12-15,28.5,23.0,25.5,86,1.87,14.07,11.50
2014-12-16,30.6,23.6,27.0,77,1.33,16.81,0.00
2014-12-17,28.6,23.2,25.4,87,1.36,12.46,7.30
2014-12-18,30.1,23.0,26.2,84,1.30,17.21,3.50
2014-12-19,29.8,23.4,25.9,85,1.74,16.46,2.80
2014-12-20,29.7,23.9,26.3,81,1.94,17.58,5.60
2014-12-21,31.4,23.3,27.1,79,1.92,22.38,0.20
2014-12-22,30.9,23.8,27.4,79,1.43,19.76,0.60
2014-12-23,30.3,24.4,26.1,83,1.83,14.97,5.90
2014-12-24,29.5,23.2,25.6,86,1.61,15.18,4.70
2014-12-25,29.9,23.4,26.0,83,1.50,18.75,1.70
2014-12-26,30.8,22.5,26.8,76,1.86,22.99,0.00
2014-12-27,31.0,23.0,27.0,74,2.22,21.56,0.30
2014-12-28,31.3,24.2,27.2,77,1.99,21.57,0.50
2014-12-29,29.8,24.1,26.6,79,2.13,19.74,5.60
2014-12-30,31.2,22.9,26.6,78,1.91,24.43,0.80
2014-12-31,29.5,23.4,25.9,82,1.73,17.49,3.30
2015-01-01,30.1,22.8,26.1,81,2.12,21.52,1.30
2015-01-02,30.3,23.2,26.5,79,1.44,21.49,0.90
2015-01-03,30.6,23.0,26.7,79,1.61,21.87,0.20
2015-01-04,29.9,23.7,26.4,79,2.07,19.13,1.00
2015-01-05,30.5,23.0,25.9,80,2.00,18.67,3.90
2015-01-06,29.7,23.2,26.0,82,1.15,17.83,1.50
2015-01-07,29.6,23.0,25.6,83,1.85,16.54,1.90
2015-01-08,29.1,23.0,26.0,82,2.05,18.66,4.60
2015-01-09,31.0,23.9,26.7,78,1.77,21.69,1.00
2015-01-10,30.8,23.5,26.7,82,1.29,17.98,1.20
2015-01-11,31.5,23.9,27.3,77,1.87,21.29,0.10
2015-01-12,30.3,23.8,26.2,81,2.17,16.97,5.40
2015-01-13,29.9,23.3,26.3,84,1.29,19.16,9.50
2015-01-14,29.5,22.6,25.5,86,1.32,18.28,18.80
2015-01-15,30.2,23.0,26.5,82,1.46,20.59,1.90
2015-01-16,29.6,23.3,25.6,86,1.47,16.05,7.30
2015-01-17,30.2,23.3,26.2,85,0.96,20.23,3.00
2015-01-18,29.8,23.6,25.6,86,1.48,17.00,9.70
2015-01-19,26.7,22.6,24.2,90,1.78,10.09,9.30
2015-01-20,28.6,22.5,24.9,89,1.12,15.98,12.50
2015-01-21,28.9,22.5,25.1,90,0.90,16.71,4.60
2015-01-22,29.7,22.8,25.4,86,1.54,18.26,2.80
2015-01-23,29.1,22.7,25.5,84,1.60,17.98,4.70
2015-01-24,29.5,22.9,25.2,87,1.52,16.89,7.00
2015-01-25,27.6,23.8,25.1,87,1.86,12.33,11.50
2015-01-26,28.8,22.4,25.0,86,1.53,16.02,6.80
2015-01-27,30.1,22.3,26.1,81,1.83,20.31,1.10
2015-01-28,30.7,21.8,26.3,81,1.69,24.23,0.80
2015-01-29,30.9,23.4,27.0,81,1.82,22.48,0.60
2015-01-30,31.3,24.2,27.2,77,2.23,23.81,0.50
2015-01-31,31.2,23.8,27.2,79,1.89,24.62,1.40
2015-02-01,29.2,23.4,25.8,86,1.60,16.24,11.60
2015-02-02,28.3,23.0,25.2,86,1.56,15.54,9.80
2015-02-03,29.7,22.6,25.2,87,1.71,18.67,8.70
2015-02-04,29.4,22.9,25.2,85,1.30,16.98,5.40
2015-02-05,28.6,22.6,24.9,87,2.07,16.73,12.20
2015-02-06,30.1,23.4,26.3,81,1.68,20.21,1.10
2015-02-07,29.4,23.3,25.7,86,1.04,15.99,10.20
2015-02-08,28.4,23.3,25.5,88,1.46,13.80,1.90
2015-02-09,31.6,23.3,27.1,82,1.24,23.02,0.60
2015-02-10,29.6,22.9,25.8,85,1.43,16.93,1.50
2015-02-11,30.2,23.3,26.1,84,1.29,18.28,1.30
2015-02-12,30.1,23.2,26.5,83,1.84,16.96,0.80
2015-02-13,31.6,24.2,27.5,77,1.78,23.78,0.30
2015-02-14,30.7,23.4,26.7,82,1.77,22.31,0.40
2015-02-15,30.6,23.8,26.5,82,1.95,20.87,3.70
2015-02-16,29.3,23.6,26.1,84,1.90,18.69,6.80
2015-02-17,30.6,23.6,26.6,81,2.28,21.67,3.50
2015-02-18,28.7,23.3,25.2,89,1.36,15.27,27.10
2015-02-19,29.1,22.9,24.7,89,1.48,12.96,14.00
2015-02-20,27.9,22.5,24.9,88,1.41,12.09,4.30
2015-02-21,27.4,22.8,24.9,84,1.37,10.60,6.70
2015-02-22,26.0,22.2,23.8,90,1.04,8.77,11.80
2015-02-23,29.4,21.3,24.8,86,1.03,20.58,0.80
2015-02-24,29.2,23.1,25.2,85,1.76,17.69,9.80
2015-02-25,29.9,22.9,26.0,83,2.32,18.42,0.40
2015-02-26,29.2,22.5,25.7,85,2.02,15.78,2.80
2015-02-27,29.1,23.2,25.5,86,1.30,17.16,7.70
2015-02-28,29.0,22.7,25.5,85,1.52,19.04,9.80
2015-03-01,29.5,22.4,25.6,84,1.25,19.38,2.10
2015-03-02,28.6,23.2,25.4,85,1.43,16.79,9.20
2015-03-03,28.5,22.7,24.8,88,1.71,14.89,10.60
2015-03-04,29.9,22.7,25.6,83,1.52,17.69,0.90
2015-03-05,29.9,22.9,25.3,87,1.41,17.94,6.70
2015-03-06,29.2,22.5,25.3,86,1.27,17.10,4.40
2015-03-07,27.8,22.7,24.2,90,1.61,9.75,7.80
2015-03-08,30.0,22.0,25.9,84,1.51,21.30,0.60
2015-03-09,28.5,23.7,25.6,85,2.22,13.83,1.20
2015-03-10,29.5,23.8,26.0,84,1.83,15.75,6.20
2015-03-11,29.7,23.8,26.1,85,1.62,15.37,5.50
2015-03-12,29.0,23.6,26.0,88,1.22,16.79,0.60
2015-03-13,30.5,23.5,26.6,85,0.91,19.90,7.90
2015-03-14,29.9,23.4,26.0,87,1.23,16.24,3.70
2015-03-15,30.5,23.8,26.7,84,1.31,20.85,2.70
2015-03-16,29.4,23.8,26.2,84,1.76,15.48,5.10
2015-03-17,27.0,23.2,24.8,91,1.12,10.45,30.70
2015-03-18,30.5,22.6,25.6,86,1.15,19.53,1.80
2015-03-19,30.3,23.4,26.1,84,1.26,20.23,18.90
2015-03-20,26.2,23.0,23.9,92,1.72,8.64,12.40
2015-03-21,26.8,22.0,24.2,84,1.07,11.80,0.00
2015-03-22,29.1,22.9,25.3,84,0.91,16.21,5.40
2015-03-23,27.9,22.4,24.4,91,1.24,8.51,3.10
2015-03-24,30.1,22.3,25.7,86,1.29,22.02,1.70
2015-03-25,30.0,23.3,25.6,86,1.06,16.61,7.80
2015-03-26,29.9,22.5,25.6,86,0.98,17.41,5.00
2015-03-27,30.0,22.7,26.1,84,1.60,17.59,3.70
2015-03-28,30.1,23.3,26.2,84,1.74,17.65,0.40
2015-03-29,30.5,23.5,26.5,82,2.01,19.90,0.70
2015-03-30,30.2,23.5,26.1,85,1.61,17.99,9.50
2015-03-31,28.4,23.5,25.4,88,1.43,12.76,11.10
2015-04-01,29.3,22.7,25.4,87,1.27,17.05,8.10
2015-04-02,27.9,23.4,25.2,88,1.41,14.24,5.50
2015-04-03,29.2,22.3,25.5,86,1.43,18.35,0.10
2015-04-04,29.5,22.9,25.9,83,1.34,19.52,0.80
2015-04-05,28.8,23.5,25.4,84,1.73,14.87,0.80
2015-04-06,29.5,22.7,25.6,83,1.19,17.39,0.80
2015-04-07,28.8,23.0,25.5,85,1.15,16.43,0.90
2015-04-08,29.4,22.9,25.6,84,1.40,17.22,0.40
2015-04-09,27.9,22.4,24.9,88,1.44,13.25,2.80
2015-04-10,28.5,22.6,24.7,88,1.51,12.64,3.70
2015-04-11,29.5,22.6,25.7,85,1.22,17.07,0.40
2015-04-12,30.0,22.4,25.7,86,1.47,17.88,1.50
2015-04-13,28.1,22.7,25.0,90,1.28,11.92,6.20
2015-04-14,27.8,23.2,25.1,89,1.18,11.72,1.90
2015-04-15,29.8,22.7,25.8,85,1.55,17.92,1.30
2015-04-16,29.7,23.4,26.2,84,1.78,17.45,0.30
2015-04-17,31.0,23.0,26.9,82,1.54,21.87,0.50
2015-04-18,29.7,23.6,26.0,86,1.55,17.14,1.90
2015-04-19,29.3,23.0,26.0,84,1.64,17.77,0.60
2015-04-20,30.0,23.5,26.4,81,1.74,18.72,0.40
2015-04-21,30.5,23.0,26.4,80,1.73,21.11,1.10
2015-04-22,30.0,23.3,26.2,84,1.42,19.22,0.90
2015-04-23,30.3,22.9,26.3,82,1.84,19.84,1.20
2015-04-24,28.9,23.8,25.8,86,1.84,13.64,10.40
2015-04-25,29.0,22.8,25.8,86,1.93,16.55,1.90
2015-04-26,30.2,23.0,26.2,84,1.82,18.46,0.80
2015-04-27,29.7,22.7,26.2,84,1.67,18.22,0.60
2015-04-28,30.7,22.9,26.6,82,1.72,20.65,0.30
2015-04-29,30.3,23.5,26.8,82,1.52,20.06,0.00
2015-04-30,29.1,23.9,26.2,84,1.34,13.70,2.90
2015-05-01,29.2,23.2,25.6,88,1.11,14.60,2.20
2015-05-02,30.0,23.1,25.9,84,1.09,17.50,2.60
2015-05-03,28.6,22.7,24.6,89,0.80,11.01,9.10
2015-05-04,29.1,22.5,25.4,87,1.49,14.46,1.40
2015-05-05,29.6,23.0,25.9,87,1.08,17.49,5.20
2015-05-06,29.1,22.9,25.8,87,1.19,14.52,4.10
2015-05-07,28.6,22.7,25.4,88,1.20,13.74,1.50
2015-05-08,29.0,23.2,25.5,88,1.37,15.62,2.70
2015-05-09,28.7,22.8,25.5,86,1.31,14.80,5.40
2015-05-10,29.6,23.2,26.1,84,1.71,16.19,0.50
2015-05-11,30.6,23.2,26.6,81,1.60,19.83,0.00
2015-05-12,30.8,23.6,26.9,80,1.54,18.99,0.00
2015-05-13,30.9,23.6,27.0,80,1.51,19.13,0.30
2015-05-14,31.2,22.9,26.9,78,2.06,21.06,0.10
2015-05-15,30.0,23.1,26.7,79,2.30,19.08,0.50
2015-05-16,31.7,22.9,27.0,75,2.44,21.27,0.00
2015-05-17,32.4,22.0,27.0,72,2.36,21.31,0.00
2015-05-18,31.1,22.5,26.8,74,2.27,17.68,0.20
2015-05-19,31.8,22.8,27.3,74,2.07,19.16,0.00
2015-05-20,30.7,24.2,26.7,80,1.59,17.13,0.60
2015-05-21,29.4,23.5,25.6,84,1.65,13.84,5.60
2015-05-22,30.2,23.4,26.3,80,2.46,17.72,0.10
2015-05-23,30.6,24.0,26.9,75,2.36,17.08,0.20
2015-05-24,31.9,24.0,27.2,74,2.14,19.29,0.60
2015-05-25,32.4,23.7,27.4,73,2.06,20.35,0.30
2015-05-26,30.7,23.5,27.0,78,1.63,17.96,0.50
2015-05-27,30.7,23.4,26.4,80,2.06,17.12,0.90
2015-05-28,31.5,22.6,26.7,79,1.53,19.05,0.00
2015-05-29,32.4,23.6,27.5,73,2.14,19.50,0.00
2015-05-30,32.6,23.1,27.6,73,2.01,19.31,0.20
2015-05-31,34.0,23.9,28.4,69,2.45,20.80,0.00
2015-06-01,32.9,23.9,27.7,71,2.00,18.37,0.10
2015-06-02,33.1,23.2,27.7,68,1.90,18.70,0.10
2015-06-03,31.1,23.3,27.1,73,2.17,17.96,0.20
2015-06-04,32.9,22.9,27.5,70,2.52,20.14,0.00
2015-06-05,32.3,24.0,26.8,75,2.40,17.26,1.00
2015-06-06,33.3,24.0,27.9,68,1.98,18.82,0.10
2015-06-07,33.1,22.8,27.5,68,1.89,18.45,0.10
2015-06-08,31.1,23.6,27.0,74,1.86,14.89,0.00
2015-06-09,31.0,24.5,26.9,73,2.32,13.21,0.00
2015-06-10,33.2,22.7,27.7,67,1.96,18.22,0.00
2015-06-11,33.4,23.1,28.0,64,1.99,18.51,0.00
2015-06-12,33.2,22.9,27.7,68,2.13,17.93,0.00
2015-06-13,32.3,23.3,27.6,68,2.39,18.07,0.10
2015-06-14,31.9,24.0,27.7,70,2.19,17.46,0.20
2015-06-15,34.2,22.4,28.0,61,2.49,19.97,0.00
2015-06-16,35.1,22.4,28.8,57,2.66,19.89,0.00
2015-06-17,32.7,23.9,28.0,66,2.40,17.99,0.20
2015-06-18,33.2,22.7,27.8,62,2.17,21.41,0.00
2015-06-19,33.8,23.7,28.6,56,1.89,17.64,0.00
2015-06-20,33.9,23.8,28.6,55,2.78,19.63,0.00
2015-06-21,33.5,23.3,27.9,58,3.13,19.76,0.00
2015-06-22,32.8,24.1,27.8,55,2.97,18.13,0.00
2015-06-23,32.5,22.0,27.1,58,2.36,18.46,0.00
2015-06-24,33.6,22.0,27.8,57,2.31,18.67,0.00
2015-06-25,30.9,24.1,27.0,70,2.74,14.70,0.20
2015-06-26,33.1,24.1,28.1,59,3.19,20.95,0.00
2015-06-27,33.0,24.0,28.1,51,2.96,20.83,0.00
2015-06-28,32.8,23.1,27.8,53,2.66,17.42,0.00
2015-06-29,32.3,24.4,27.9,57,2.69,15.66,0.00
2015-06-30,33.1,23.0,27.8,62,2.41,18.98,0.00
2015-07-01,32.8,23.7,28.1,61,2.32,17.84,0.00
2015-07-02,32.9,23.1,28.0,61,2.61,15.14,0.00
2015-07-03,31.8,23.8,27.1,71,2.74,16.16,0.30
2015-07-04,30.9,24.1,27.1,72,2.44,14.25,0.20
2015-07-05,32.9,24.1,27.3,73,2.02,17.69,2.80
2015-07-06,32.4,24.0,26.9,78,1.61,15.30,6.40
2015-07-07,31.8,22.7,26.6,77,1.92,18.51,2.30
2015-07-08,30.8,23.1,26.8,74,1.66,17.51,0.20
2015-07-09,31.9,22.6,27.2,67,2.31,19.77,0.00
2015-07-10,32.2,23.1,27.2,68,2.87,18.76,0.10
2015-07-11,33.0,22.8,27.4,64,2.67,19.52,0.00
2015-07-12,33.4,22.6,27.6,57,2.78,21.97,0.00
2015-07-13,32.8,21.9,27.6,57,2.69,18.19,0.00
2015-07-14,33.5,24.1,28.2,56,2.57,18.33,0.00
2015-07-15,33.8,22.3,27.9,50,3.09,21.52,0.00
2015-07-16,33.3,22.4,27.8,51,3.00,19.21,0.00
2015-07-17,33.9,23.9,28.6,47,3.43,20.86,0.00
2015-07-18,33.1,24.7,28.6,48,3.07,19.68,0.00
2015-07-19,33.8,23.8,28.6,47,3.02,22.05,0.00
2015-07-20,33.8,22.8,28.2,50,2.93,20.90,0.00
2015-07-21,33.6,23.8,28.6,54,2.20,18.54,0.00
2015-07-22,33.5,23.5,28.3,60,1.99,19.14,0.00
2015-07-23,32.2,24.0,27.8,63,2.24,18.28,0.30
2015-07-24,32.8,23.0,28.0,61,2.10,19.43,0.10
2015-07-25,32.8,23.5,27.7,64,2.41,18.79,0.10
2015-07-26,33.3,22.9,27.7,64,1.98,19.80,0.00
2015-07-27,33.0,22.3,27.7,62,2.29,19.54,0.10
2015-07-28,32.5,23.1,27.7,64,2.39,18.72,0.00
2015-07-29,33.6,23.9,28.4,61,2.49,19.59,0.00
2015-07-30,34.5,23.0,28.7,50,2.84,21.91,0.00
2015-07-31,34.5,24.4,29.0,46,2.87,21.94,0.00
2015-08-01,35.0,23.8,28.9,44,2.83,23.26,0.00
2015-08-02,33.9,22.8,28.3,47,3.07,23.41,0.00
2015-08-03,34.6,22.7,28.6,47,2.88,23.31,0.00
2015-08-04,34.6,22.8,28.7,48,2.58,23.27,0.00
2015-08-05,33.9,23.2,28.2,51,2.63,20.49,0.00
2015-08-06,34.7,22.1,28.5,49,2.55,23.56,0.00
2015-08-07,34.5,22.4,28.3,53,2.83,22.28,0.00
2015-08-08,34.5,22.7,28.4,48,2.72,23.63,0.00
2015-08-09,33.9,22.7,28.1,49,2.44,22.22,0.00
2015-08-10,34.6,22.2,28.4,46,2.65,23.95,0.00
2015-08-11,34.0,22.7,28.1,48,3.22,22.34,0.00
2015-08-12,34.1,23.5,28.4,48,3.17,23.21,0.00
2015-08-13,33.5,22.7,27.8,45,3.22,24.11,0.00
2015-08-14,34.0,22.7,28.3,44,3.08,24.01,0.00
2015-08-15,34.9,23.2,29.1,46,3.08,21.30,0.00
2015-08-16,35.9,23.3,29.5,46,3.02,23.99,0.00
2015-08-17,35.5,24.0,29.3,42,2.95,23.68,0.00
2015-08-18,35.6,22.9,29.3,42,2.60,24.13,0.00
2015-08-19,36.0,24.8,30.0,40,2.20,23.67,0.00
2015-08-20,35.2,23.3,29.5,41,2.44,24.00,0.00
2015-08-21,35.1,23.8,29.1,51,2.33,21.64,0.00
2015-08-22,33.6,24.2,28.9,56,2.44,20.99,0.00
2015-08-23,33.9,24.0,29.1,57,1.87,21.41,0.00
2015-08-24,34.7,24.7,29.4,59,1.88,21.24,0.30
2015-08-25,34.1,25.0,29.2,63,2.92,21.15,0.00
2015-08-26,34.6,24.3,29.2,59,2.95,22.39,0.00
2015-08-27,35.7,24.7,29.7,55,1.97,23.39,0.00
2015-08-28,33.2,25.9,28.8,63,1.62,18.41,1.90
2015-08-29,33.2,24.5,28.5,65,2.61,19.18,0.20
2015-08-30,34.3,24.0,28.9,57,2.83,22.58,0.00
2015-08-31,35.2,23.1,29.2,53,2.29,23.58,0.00
2015-09-01,32.8,24.1,28.4,57,1.75,20.40,0.00
2015-09-02,34.5,23.3,29.1,56,1.76,22.31,0.00
2015-09-03,34.6,24.8,29.2,60,2.59,21.85,0.00
2015-09-04,35.5,24.5,29.5,62,2.53,22.49,0.00
2015-09-05,34.1,25.3,29.4,64,2.65,21.67,0.00
2015-09-06,32.8,24.9,28.6,65,2.80,17.28,0.00
2015-09-07,33.8,24.7,29.0,60,3.14,19.50,0.00
2015-09-08,35.1,24.0,29.1,56,2.67,24.53,0.00
2015-09-09,34.9,24.2,29.1,52,2.65,22.54,0.00
2015-09-10,36.0,24.2,29.6,51,2.80,24.37,0.00
2015-09-11,34.2,24.8,29.2,54,1.72,21.87,0.00
2015-09-12,35.4,24.5,30.0,52,1.72,22.99,0.00
2015-09-13,35.4,24.3,29.7,56,2.26,23.68,0.00
2015-09-14,34.9,25.1,29.7,58,2.43,22.62,0.00
2015-09-15,35.3,25.1,29.9,56,2.77,22.49,0.20
2015-09-16,36.1,26.0,30.4,48,2.84,23.48,0.00
2015-09-17,36.3,25.3,30.3,46,2.80,24.14,0.00
2015-09-18,36.6,25.0,30.5,44,3.18,25.75,0.00
2015-09-19,36.0,24.6,30.1,48,2.84,24.72,0.00
2015-09-20,35.4,25.0,30.1,50,2.49,22.39,0.00
2015-09-21,35.5,24.9,30.0,54,2.58,24.08,0.00
2015-09-22,34.8,25.6,30.1,55,2.52,23.78,0.00
2015-09-23,35.0,24.6,29.8,56,2.89,23.76,0.00
2015-09-24,35.3,25.4,29.9,53,2.89,23.44,0.00
2015-09-25,35.1,24.9,29.9,54,2.57,24.19,0.00
2015-09-26,35.3,25.0,30.1,51,2.14,23.51,0.00
2015-09-27,35.1,25.7,30.1,52,2.08,24.44,0.00
2015-09-28,34.7,25.6,30.0,54,2.46,23.84,0.00
2015-09-29,34.5,25.4,30.0,55,2.75,23.13,0.00
2015-09-30,35.5,25.4,30.1,54,2.51,23.24,0.00
2015-10-01,35.4,24.6,29.8,53,2.51,22.69,0.00
2015-10-02,35.3,25.0,30.1,49,2.90,24.16,0.00
2015-10-03,36.5,25.0,30.5,48,2.32,24.74,0.00
2015-10-04,37.0,25.9,31.4,49,2.05,25.48,0.00
2015-10-05,36.6,26.2,31.4,52,2.70,25.02,0.00
2015-10-06,34.5,26.3,29.9,52,2.87,19.79,0.00
2015-10-07,35.0,25.9,30.5,54,1.98,22.74,0.10
2015-10-08,33.0,26.6,29.5,60,2.04,16.57,1.10
2015-10-09,34.5,25.3,29.3,62,2.45,21.40,0.30
2015-10-10,34.9,25.6,30.0,57,2.60,24.10,0.00
2015-10-11,37.2,25.8,31.0,49,2.74,26.75,0.00
2015-10-12,36.5,25.6,30.6,50,2.89,25.43,0.00
2015-10-13,36.9,25.9,30.9,48,3.41,25.10,0.00
2015-10-14,36.2,25.7,30.9,46,2.86,23.80,0.00
2015-10-15,35.4,25.7,30.6,51,2.82,23.97,0.00
2015-10-16,36.9,26.3,31.1,46,2.73,25.24,0.00
2015-10-17,37.3,25.9,31.4,42,2.53,26.16,0.00
2015-10-18,36.4,26.4,31.1,48,1.89,24.48,0.00
2015-10-19,34.7,26.2,30.2,54,2.11,22.47,0.00
2015-10-20,35.2,26.0,29.6,59,2.24,22.35,2.00
2015-10-21,36.3,25.9,30.8,57,1.85,25.60,0.00
2015-10-22,36.1,26.7,30.9,58,2.57,24.24,0.00
2015-10-23,35.7,25.9,30.3,60,2.10,25.08,3.50
2015-10-24,32.5,24.2,28.4,72,1.89,21.38,9.80
2015-10-25,34.1,24.8,29.2,61,2.17,24.71,0.00
2015-10-26,33.3,25.7,29.2,66,1.26,22.92,0.20
2015-10-27,34.0,25.6,29.7,64,1.66,23.07,0.00
2015-10-28,33.6,26.4,29.6,62,2.12,23.02,0.00
2015-10-29,33.5,25.9,29.2,66,1.47,22.34,1.20
2015-10-30,34.0,25.7,29.2,69,1.25,21.90,1.30
2015-10-31,32.3,24.4,28.0,73,1.94,16.85,1.10
2015-11-01,32.8,24.2,28.0,71,1.66,22.04,2.70
2015-11-02,33.1,25.1,28.8,69,1.68,18.94,0.00
2015-11-03,33.3,26.0,28.7,69,1.92,20.65,1.40
2015-11-04,34.3,23.9,28.1,72,1.84,23.46,1.30
2015-11-05,35.4,24.5,29.2,59,2.41,24.61,0.00
2015-11-06,33.7,24.8,29.3,57,1.77,22.42,0.00
2015-11-07,34.5,24.7,29.6,62,1.30,23.48,0.10
2015-11-08,33.3,25.8,29.4,63,2.17,21.23,0.60
2015-11-09,33.5,25.7,29.4,63,2.05,21.64,0.10
2015-11-10,33.2,25.4,28.6,68,1.17,19.90,0.70
2015-11-11,33.9,25.4,29.7,62,1.94,23.15,0.00
2015-11-12,34.6,25.5,30.0,58,1.97,24.46,0.00
2015-11-13,35.6,24.9,30.3,55,2.70,24.29,0.00
2015-11-14,34.8,25.6,30.0,57,3.37,23.09,0.00
2015-11-15,35.3,25.2,30.2,52,3.05,23.72,0.00
2015-11-16,35.6,25.4,30.4,48,2.29,24.13,0.00
2015-11-17,32.9,26.4,29.0,62,2.01,17.25,0.60
2015-11-18,32.7,25.1,29.1,66,1.65,21.02,0.70
2015-11-19,33.7,26.2,29.6,62,1.47,21.49,0.00
2015-11-20,34.2,26.2,29.8,61,1.79,23.05,0.00
2015-11-21,35.9,25.8,30.4,58,2.26,23.72,0.00
2015-11-22,34.7,25.9,30.4,53,2.46,23.79,0.00
2015-11-23,35.6,25.9,30.7,53,1.57,24.69,0.00
2015-11-24,32.8,26.0,28.6,67,1.53,17.77,0.80
2015-11-25,33.3,25.6,29.2,64,1.29,20.82,0.10
2015-11-26,33.5,25.7,29.5,63,1.49,21.21,0.10
2015-11-27,34.6,26.0,30.1,61,1.64,22.94,0.00
2015-11-28,33.9,26.4,30.0,57,1.42,21.83,0.00
2015-11-29,35.1,25.9,30.2,57,2.05,23.05,0.00
2015-11-30,35.9,25.8,30.7,50,2.60,23.10,0.00
2015-12-01,36.5,25.6,31.0,48,3.30,23.62,0.00
2015-12-02,35.6,26.1,30.8,54,2.10,23.59,0.30
2015-12-03,34.0,26.7,30.1,60,2.38,22.49,0.00
2015-12-04,35.3,26.8,30.4,58,2.14,23.86,0.00
2015-12-05,34.6,27.4,30.3,55,1.96,22.01,0.00
2015-12-06,33.2,27.1,29.6,62,1.20,18.47,0.30
2015-12-07,33.0,26.5,29.6,61,2.22,21.12,0.00
2015-12-08,35.4,26.0,30.3,54,2.44,24.57,0.00
2015-12-09,34.5,25.7,30.2,53,2.18,22.53,0.00
2015-12-10,33.9,26.0,29.8,60,1.89,20.88,0.10
2015-12-11,34.4,26.3,29.8,62,1.93,22.41,0.30
2015-12-12,34.9,26.3,29.8,62,2.32,22.59,0.50
2015-12-13,35.6,25.7,30.1,58,2.42,23.81,0.00
2015-12-14,33.8,26.3,29.5,63,1.30,20.51,0.70
2015-12-15,33.3,25.0,29.1,64,2.11,20.38,0.10
2015-12-16,34.9,25.6,28.9,65,2.15,22.64,2.00
2015-12-17,32.9,25.3,28.5,68,2.60,21.08,1.80
2015-12-18,33.5,24.9,28.3,72,2.05,21.32,4.70
2015-12-19,31.2,24.3,27.0,81,1.51,17.07,5.40
2015-12-20,30.3,24.3,27.1,82,0.91,17.57,8.80
2015-12-21,29.8,24.0,26.5,84,1.20,14.61,6.10
2015-12-22,31.1,24.2,27.1,80,1.76,19.60,2.50
2015-12-23,30.9,24.8,27.7,76,1.85,19.09,0.20
2015-12-24,30.7,24.7,27.3,77,1.93,16.63,1.40
2015-12-25,30.5,23.7,26.6,80,1.97,18.56,9.30
2015-12-26,31.2,24.0,26.9,79,1.92,19.65,0.20
2015-12-27,31.6,24.5,27.7,76,1.45,20.53,0.20
2015-12-28,31.5,25.2,28.1,71,2.81,20.19,0.40
2015-12-29,33.9,24.8,29.0,61,2.96,25.38,0.00
2015-12-30,32.8,25.5,28.4,69,1.58,22.55,1.00
2015-12-31,29.8,24.4,26.6,82,1.53,14.48,7.30
2016-01-01,29.2,23.3,25.5,86,2.01,13.76,12.00
2016-01-02,31.2,23.1,26.7,81,1.80,18.61,1.00
2016-01-03,31.8,24.4,27.6,78,1.49,20.17,1.60
2016-01-04,32.1,24.8,27.8,77,1.81,23.05,4.40
2016-01-05,31.7,25.2,27.6,79,1.59,21.61,2.80
2016-01-06,30.1,24.9,27.3,81,1.09,13.75,3.00
2016-01-07,28.9,24.2,26.0,85,1.30,10.01,4.30
2016-01-08,30.1,23.9,25.7,87,1.31,12.02,6.80
2016-01-09,29.2,24.0,25.8,87,1.50,12.40,10.20
2016-01-10,29.5,24.3,26.1,85,1.67,13.24,3.30
2016-01-11,30.5,23.8,26.8,82,2.28,15.52,2.10
2016-01-12,32.4,25.4,28.1,77,1.38,21.60,0.90
2016-01-13,28.7,24.2,25.5,91,1.84,10.56,18.80
2016-01-14,29.5,24.0,25.8,87,1.47,14.52,3.00
2016-01-15,30.7,23.9,26.4,85,1.31,17.35,1.40
2016-01-16,30.2,25.1,27.4,80,1.59,17.48,0.00
2016-01-17,31.7,25.2,27.6,78,1.37,18.59,0.50
2016-01-18,29.3,25.2,26.7,83,1.66,9.23,1.50
2016-01-19,30.2,24.9,26.6,83,2.14,13.56,1.30
2016-01-20,29.2,24.8,26.2,82,1.84,9.56,2.90
2016-01-21,30.3,24.3,26.6,79,1.89,16.23,1.80
2016-01-22,28.9,23.9,26.0,82,1.97,14.45,5.00
2016-01-23,29.5,23.5,25.9,85,1.80,13.98,2.10
2016-01-24,30.6,23.6,26.4,84,2.35,18.30,3.00
2016-01-25,30.2,24.4,26.9,81,2.58,15.93,0.70
2016-01-26,29.2,24.2,26.1,86,1.80,13.73,16.00
2016-01-27,27.4,23.9,25.1,89,1.66,9.35,14.80
2016-01-28,27.0,22.9,24.3,89,1.76,6.30,11.10
2016-01-29,28.6,23.2,25.6,81,1.45,13.82,0.20
2016-01-30,30.0,23.3,26.3,84,1.58,19.93,2.20
2016-01-31,29.8,23.9,26.6,79,2.16,22.55,0.60
2016-02-01,30.5,22.9,26.1,81,2.02,21.61,2.90
2016-02-02,30.3,22.7,25.8,84,1.89,20.42,5.80
2016-02-03,29.6,23.4,25.8,84,1.79,18.26,11.20
2016-02-04,29.2,23.1,25.6,86,1.71,17.29,12.00
2016-02-05,30.2,23.5,26.6,82,1.53,17.52,0.70
2016-02-06,31.4,23.8,27.0,82,1.32,20.88,1.30
2016-02-07,32.0,23.9,27.3,82,1.75,23.73,2.20
2016-02-08,31.6,24.8,27.4,81,2.91,21.53,0.70
2016-02-09,32.1,24.3,27.8,75,2.84,23.89,0.00
2016-02-10,31.8,24.8,27.7,76,2.61,22.87,1.80
2016-02-11,30.9,24.3,27.1,82,1.63,18.48,2.40
2016-02-12,30.0,24.2,26.9,82,1.49,17.18,0.90
2016-02-13,29.9,23.9,26.2,83,1.29,16.50,2.70
2016-02-14,29.1,23.6,26.2,83,1.62,16.56,8.20
2016-02-15,31.2,24.0,27.1,76,2.74,22.09,0.00
2016-02-16,31.9,23.8,27.6,76,2.24,23.06,0.60
2016-02-17,32.0,24.4,27.6,79,2.42,22.42,1.30
2016-02-18,31.8,24.2,27.7,76,2.22,21.27,0.40
2016-02-19,31.7,24.5,27.6,78,2.40,22.96,0.20
2016-02-20,31.7,24.4,27.3,79,2.45,20.03,0.40
2016-02-21,32.4,24.6,27.8,75,2.56,22.42,0.40
2016-02-22,32.4,24.8,27.9,75,2.64,21.73,2.30
2016-02-23,32.2,24.7,27.5,79,2.72,21.56,5.60
2016-02-24,32.9,24.2,28.2,76,2.51,24.11,0.40
2016-02-25,32.4,25.4,28.2,74,2.37,21.77,2.60
2016-02-26,30.8,25.0,27.2,81,1.97,15.85,1.30
2016-02-27,31.6,24.5,27.6,78,1.97,19.02,1.60
2016-02-28,32.4,24.7,27.9,76,2.60,20.20,0.50
2016-02-29,33.7,25.2,28.9,74,1.90,23.53,1.50
2016-03-01,32.1,25.5,28.3,78,2.13,18.26,1.90
2016-03-02,32.0,24.9,27.3,82,1.64,15.86,9.90
2016-03-03,29.7,24.0,26.6,83,1.06,12.55,1.20
2016-03-04,31.8,25.0,27.7,80,1.90,21.92,2.10
2016-03-05,30.7,24.8,27.1,82,1.90,15.51,6.60
2016-03-06,28.8,23.8,25.8,89,1.60,12.45,17.00
2016-03-07,30.4,24.3,26.2,87,1.34,14.31,3.90
2016-03-08,29.4,23.9,26.0,88,1.42,12.70,10.50
2016-03-09,29.8,24.3,26.2,85,1.37,13.72,1.80
2016-03-10,28.8,23.8,25.5,88,1.13,12.67,7.10
2016-03-11,27.0,23.3,24.6,92,1.56,8.77,22.90
2016-03-12,30.2,22.8,26.2,84,1.53,18.49,0.40
2016-03-13,29.9,23.1,26.1,86,1.03,15.71,9.30
2016-03-14,30.2,23.5,26.3,85,1.19,16.53,2.80
2016-03-15,30.8,24.4,27.2,80,2.00,18.67,0.70
2016-03-16,31.9,23.6,27.2,82,1.21,22.51,3.80
2016-03-17,30.8,23.9,26.8,84,2.14,19.39,2.50
2016-03-18,31.1,24.7,27.0,81,2.61,17.53,1.30
2016-03-19,31.0,23.9,26.7,85,1.41,18.53,10.70
2016-03-20,30.6,24.1,26.6,85,1.48,12.75,2.40
2016-03-21,29.4,23.9,25.8,88,1.62,15.00,14.00
2016-03-22,29.2,24.1,26.4,87,1.26,13.15,5.60
2016-03-23,31.2,24.2,26.7,85,1.81,19.30,6.80
2016-03-24,30.2,24.1,26.6,84,1.41,17.40,3.90
2016-03-25,31.3,24.2,27.2,84,1.23,19.44,0.50
2016-03-26,30.6,24.4,27.4,82,1.36,17.47,1.10
2016-03-27,30.1,24.1,26.7,86,1.34,16.26,6.30
2016-03-28,30.9,24.4,27.2,84,1.37,17.22,3.40
2016-03-29,29.7,23.7,26.3,85,1.07,15.81,5.10
2016-03-30,30.7,23.6,26.7,84,1.41,17.43,0.40
2016-03-31,31.1,24.2,27.0,84,2.12,20.37,12.90
2016-04-01,29.1,24.0,26.3,85,1.56,14.95,12.10
2016-04-02,29.9,24.1,26.5,86,1.29,16.85,6.50
2016-04-03,29.2,23.8,26.3,86,1.42,14.31,0.60
2016-04-04,31.2,23.8,27.4,82,1.45,21.47,0.90
2016-04-05,32.3,24.9,27.7,81,1.88,22.61,1.10
2016-04-06,30.0,24.6,26.7,83,2.24,14.50,1.70
2016-04-07,30.9,23.7,26.7,86,1.52,18.57,4.50
2016-04-08,30.6,24.0,26.9,84,1.48,19.45,0.70
2016-04-09,31.2,24.1,27.4,81,1.62,20.48,0.90
2016-04-10,30.9,24.7,26.9,84,1.51,15.55,1.40
2016-04-11,29.1,23.9,26.1,85,1.69,13.62,7.40
2016-04-12,29.9,23.7,26.0,87,1.26,13.44,5.90
2016-04-13,30.3,23.8,26.5,85,1.29,18.04,2.40
2016-04-14,31.7,23.6,27.3,80,1.83,22.36,0.10
2016-04-15,30.1,24.4,26.4,85,1.98,17.16,3.20
2016-04-16,30.9,23.7,27.0,82,2.11,19.34,0.40
2016-04-17,30.8,24.8,27.3,81,2.73,18.40,1.30
2016-04-18,30.9,25.0,27.3,83,2.27,18.09,5.00
2016-04-19,30.9,24.2,27.3,82,2.45,20.57,2.10
2016-04-20,32.6,25.0,28.2,74,2.10,22.06,0.00
2016-04-21,32.1,24.4,28.1,74,2.14,21.73,0.00
2016-04-22,32.2,25.0,27.5,82,1.67,19.59,2.10
2016-04-23,32.4,24.5,27.6,81,2.12,21.86,1.50
2016-04-24,32.0,25.4,28.1,78,1.79,19.25,0.00
2016-04-25,31.3,24.5,27.7,79,1.71,19.72,0.00
2016-04-26,31.4,24.5,27.4,81,1.42,19.00,1.80
2016-04-27,32.3,24.2,27.9,80,1.26,20.43,0.40
2016-04-28,30.8,24.8,27.3,84,1.40,17.10,8.80
2016-04-29,30.2,23.7,26.0,88,1.20,15.53,7.70
2016-04-30,30.2,23.7,26.5,86,1.21,15.38,0.40
2016-05-01,29.0,23.2,25.9,87,1.21,13.42,1.80
2016-05-02,29.7,24.1,26.3,85,1.68,12.79,1.40
2016-05-03,30.0,23.4,26.1,86,1.33,16.26,11.60
2016-05-04,29.1,23.4,26.1,87,0.93,14.94,4.60
2016-05-05,30.2,23.6,26.6,84,1.58,15.90,0.90
2016-05-06,30.3,23.3,26.8,79,1.59,18.15,0.40
2016-05-07,31.3,23.6,27.3,77,2.04,20.62,0.20
2016-05-08,30.4,23.5,26.9,81,2.01,18.68,0.10
2016-05-09,31.2,23.0,27.0,77,2.03,19.89,0.30
2016-05-10,30.4,24.3,27.2,79,1.72,17.59,0.40
2016-05-11,30.5,24.7,27.4,82,1.62,16.86,0.10
2016-05-12,30.3,24.9,26.8,85,2.07,15.22,5.50
2016-05-13,30.1,24.2,26.3,86,1.73,12.93,0.80
2016-05-14,30.4,23.3,26.5,84,1.58,16.77,0.20
2016-05-15,30.6,23.5,26.7,80,2.32,15.98,0.50
2016-05-16,31.0,23.1,27.0,78,1.95,17.60,0.30
2016-05-17,31.4,24.1,27.4,78,1.80,18.39,0.40
2016-05-18,31.6,24.2,27.7,80,1.40,20.16,0.60
2016-05-19,31.6,24.2,28.0,78,1.83,18.99,0.30
2016-05-20,32.1,24.1,27.9,74,2.36,18.75,0.10
2016-05-21,32.4,23.3,27.7,70,2.62,21.88,0.00
2016-05-22,32.6,23.8,27.8,70,1.97,19.27,0.00
2016-05-23,32.3,23.7,27.9,71,1.56,18.18,0.00
2016-05-24,32.1,24.4,28.1,73,1.72,19.14,0.00
2016-05-25,31.2,24.8,27.2,81,1.87,14.54,8.00
2016-05-26,29.3,23.9,26.4,81,2.06,11.19,3.50
2016-05-27,31.3,24.1,27.1,77,1.55,17.02,0.00
2016-05-28,32.0,24.0,27.6,74,2.57,19.14,0.20
2016-05-29,32.3,23.7,27.7,73,2.17,19.02,0.20
2016-05-30,33.3,24.5,28.3,70,2.56,19.63,0.00
2016-05-31,32.1,24.6,27.7,76,1.68,16.46,4.20
2016-06-01,30.2,23.8,26.6,82,1.90,13.27,0.40
2016-06-02,31.0,23.6,27.2,81,1.34,17.75,0.40
2016-06-03,31.4,24.1,27.5,77,2.05,18.01,0.10
2016-06-04,31.3,23.9,27.5,77,1.96,16.93,0.00
2016-06-05,31.9,24.6,27.9,76,2.05,16.81,0.10
2016-06-06,31.2,24.1,27.0,79,2.13,14.28,0.20
2016-06-07,31.2,23.4,27.2,76,1.53,18.36,0.30
2016-06-08,32.5,23.4,27.8,71,1.69,18.50,0.10
2016-06-09,31.3,23.8,27.0,75,2.00,16.10,0.30
2016-06-10,30.7,23.3,26.7,77,1.22,14.72,0.80
2016-06-11,30.7,23.2,26.8,76,1.41,17.50,0.60
2016-06-12,30.7,24.0,27.1,75,1.07,15.20,0.20
2016-06-13,31.8,22.9,27.1,76,1.56,17.14,0.70
2016-06-14,32.3,22.9,27.2,69,2.49,18.41,0.40
2016-06-15,33.2,21.3,27.2,60,2.63,21.81,0.00
2016-06-16,33.8,22.0,28.0,58,2.06,20.22,0.00
2016-06-17,34.2,23.3,28.6,57,2.16,19.02,0.00
2016-06-18,32.8,23.5,28.2,58,2.13,17.92,0.00
2016-06-19,33.8,22.9,28.4,58,2.61,19.88,0.00
2016-06-20,33.7,23.5,28.4,60,2.23,18.90,0.00
2016-06-21,34.7,23.0,28.7,55,2.53,20.89,0.00
2016-06-22,34.5,21.9,28.4,52,2.86,19.86,0.00
2016-06-23,32.5,25.6,28.7,54,2.86,13.67,0.00
2016-06-24,34.9,24.1,29.1,52,2.89,20.86,0.00
2016-06-25,33.8,23.4,28.5,52,3.05,20.10,0.00
2016-06-26,33.6,23.8,28.6,48,3.66,18.27,0.00
2016-06-27,33.7,24.1,28.7,49,3.45,19.99,0.00
2016-06-28,34.3,25.6,29.4,45,2.99,19.04,0.00
2016-06-29,34.2,24.7,29.1,45,3.11,21.40,0.00
2016-06-30,34.5,23.0,28.6,46,2.79,22.02,0.00
2016-07-01,34.4,22.6,28.2,48,2.73,21.96,0.00
2016-07-02,33.8,22.7,28.2,50,2.83,16.60,0.00
2016-07-03,34.4,24.0,29.2,47,3.03,21.13,0.00
2016-07-04,34.4,24.4,28.9,49,2.88,16.07,0.00
2016-07-05,34.1,23.2,28.3,49,3.20,18.54,0.00
2016-07-06,34.4,21.8,28.4,49,2.70,21.86,0.00
2016-07-07,34.3,25.1,29.3,49,2.50,18.87,0.00
2016-07-08,33.5,24.8,29.1,56,1.65,18.41,0.00
2016-07-09,33.6,24.3,28.1,65,2.40,18.37,0.10
2016-07-10,32.3,24.0,28.1,64,2.31,18.21,0.00
2016-07-11,34.2,23.4,28.7,57,2.25,20.24,0.00
2016-07-12,34.5,23.1,28.9,50,2.52,19.43,0.00
2016-07-13,35.3,23.6,29.3,51,2.90,20.07,0.00
2016-07-14,34.7,22.9,29.0,51,2.50,19.11,0.00
2016-07-15,35.1,22.9,29.2,50,2.12,21.05,0.00
2016-07-16,35.3,22.1,28.9,47,1.35,21.13,0.00
2016-07-17,35.4,23.0,29.4,49,1.74,21.33,0.00
2016-07-18,34.9,24.0,29.3,55,1.85,20.97,0.00
2016-07-19,34.1,24.9,29.0,61,2.04,19.53,0.40
2016-07-20,32.7,24.7,28.7,60,2.24,17.99,0.20
2016-07-21,34.5,24.1,29.1,55,1.84,19.92,0.00
2016-07-22,35.3,23.9,29.4,47,1.96,21.37,0.00
2016-07-23,35.0,23.6,28.9,43,3.05,22.79,0.00
2016-07-24,34.8,22.1,28.4,41,2.79,23.09,0.00
2016-07-25,34.9,22.0,28.7,43,2.59,22.93,0.00
2016-07-26,34.7,23.8,29.0,42,2.66,22.98,0.00
2016-07-27,34.5,21.6,28.1,40,2.69,23.41,0.00
2016-07-28,34.5,20.8,28.0,43,2.18,23.16,0.00
2016-07-29,34.7,24.5,29.5,44,2.18,18.04,0.00
2016-07-30,34.9,25.4,29.5,40,3.44,22.94,0.00
2016-07-31,34.4,23.3,28.6,38,3.70,22.04,0.00
2016-08-01,34.8,23.8,29.1,42,2.93,23.23,0.00
2016-08-02,35.1,23.3,29.1,41,2.79,23.41,0.00
2016-08-03,35.3,24.6,29.9,41,2.89,23.36,0.00
2016-08-04,35.3,23.9,29.6,42,3.27,22.95,0.00
2016-08-05,35.4,22.9,29.1,38,2.89,23.77,0.00
2016-08-06,34.9,22.9,29.0,42,2.66,23.55,0.00
2016-08-07,35.8,24.3,29.8,41,2.11,23.19,0.00
2016-08-08,34.9,23.6,29.1,45,2.56,21.22,0.00
2016-08-09,36.5,23.9,30.0,45,2.50,22.50,0.00
2016-08-10,34.8,24.3,29.6,50,2.29,21.34,0.00
2016-08-11,33.8,25.0,29.4,56,1.44,19.95,0.00
2016-08-12,33.9,25.0,29.3,59,2.34,20.80,0.00
2016-08-13,34.1,24.6,29.1,60,2.54,20.35,0.00
2016-08-14,34.6,24.3,29.2,55,2.67,22.18,0.00
2016-08-15,35.4,23.8,29.3,49,2.55,23.56,0.00
2016-08-16,35.9,24.2,29.6,51,2.47,22.71,0.00
2016-08-17,36.1,24.9,30.3,51,2.33,22.01,0.00
2016-08-18,36.1,25.5,30.4,53,2.80,22.64,0.00
2016-08-19,34.7,25.7,29.8,55,2.81,20.75,0.00
2016-08-20,35.6,24.9,29.9,50,2.55,23.13,0.00
2016-08-21,35.4,25.0,30.1,47,2.15,21.82,0.00
2016-08-22,36.5,25.0,30.6,51,1.88,22.71,0.00
2016-08-23,33.7,26.3,29.7,59,2.22,18.67,0.50
2016-08-24,34.2,24.8,29.1,58,2.47,19.48,0.20
2016-08-25,35.6,23.3,29.4,49,2.93,23.05,0.00
2016-08-26,35.5,23.9,29.9,43,3.19,23.55,0.00
2016-08-27,36.2,25.2,30.6,42,2.83,24.03,0.00
2016-08-28,35.3,25.5,30.1,50,2.51,22.05,0.00
2016-08-29,36.2,25.2,30.3,46,2.72,23.56,0.00
2016-08-30,35.6,24.9,30.2,50,2.80,21.97,0.00
2016-08-31,35.6,24.9,30.2,52,2.74,22.13,0.00
2016-09-01,36.5,25.9,30.9,47,2.84,21.91,0.00
2016-09-02,36.7,26.6,31.3,45,2.23,22.60,0.00
2016-09-03,35.9,26.6,30.5,45,2.17,20.62,0.20
2016-09-04,36.0,25.3,30.5,45,2.36,22.91,0.00
2016-09-05,36.5,25.2,30.7,45,2.81,22.44,0.00
2016-09-06,35.5,25.3,30.5,50,2.26,21.84,0.00
2016-09-07,34.8,25.9,30.3,53,1.64,21.23,0.00
2016-09-08,34.8,25.5,29.4,60,1.68,21.31,0.10
2016-09-09,34.1,25.2,28.7,68,2.17,19.69,3.60
2016-09-10,33.9,25.3,28.6,66,1.71,19.09,0.90
2016-09-11,35.2,24.0,29.3,56,2.56,22.25,0.00
2016-09-12,34.4,24.9,29.6,56,2.64,21.92,0.00
2016-09-13,35.1,25.5,29.8,60,2.42,22.87,0.00
2016-09-14,36.1,25.1,30.4,56,2.04,23.09,0.00
2016-09-15,35.4,26.1,30.2,56,2.69,20.18,0.00
2016-09-16,34.6,26.0,30.0,57,2.38,20.99,0.00
2016-09-17,35.4,26.2,30.5,54,2.59,22.01,0.00
2016-09-18,35.3,25.9,30.3,51,2.35,22.15,0.00
2016-09-19,34.6,25.8,30.1,53,1.66,21.80,0.20
2016-09-20,34.5,25.2,29.7,56,1.54,22.27,0.30
2016-09-21,35.7,25.6,30.5,54,2.32,23.17,0.00
2016-09-22,35.8,25.8,30.5,55,3.01,23.57,0.30
2016-09-23,31.0,24.0,27.4,72,2.02,13.77,3.80
2016-09-24,33.4,24.7,28.9,66,1.44,20.15,0.20
2016-09-25,33.8,25.6,29.6,60,1.45,21.57,0.00
2016-09-26,32.2,24.8,28.0,70,1.48,17.10,2.90
2016-09-27,32.9,24.8,28.6,69,0.83,18.53,0.30
2016-09-28,33.2,24.0,28.5,68,1.88,20.61,1.70
2016-09-29,32.8,25.5,28.0,73,1.48,18.21,5.90
2016-09-30,30.4,23.9,26.0,84,1.68,13.36,15.60
2016-10-01,31.6,23.1,27.2,77,1.83,21.10,0.20
2016-10-02,34.2,23.3,28.8,65,1.77,25.24,0.00
2016-10-03,34.1,25.6,29.1,64,2.18,22.71,0.00
2016-10-04,34.7,25.3,29.8,59,2.14,22.03,0.00
2016-10-05,33.2,25.4,28.7,69,2.18,17.68,0.90
2016-10-06,33.4,24.3,27.9,74,2.06,19.59,14.60
2016-10-07,30.7,23.2,26.4,81,1.82,17.18,5.30
2016-10-08,32.3,24.0,27.7,76,1.78,20.30,2.10
2016-10-09,32.4,24.3,28.3,73,1.93,22.57,0.00
2016-10-10,33.0,24.1,28.6,69,1.80,20.74,0.30
2016-10-11,35.0,24.7,29.1,59,2.69,26.06,0.00
2016-10-12,34.6,22.4,28.6,58,2.35,23.71,0.00
2016-10-13,34.1,23.7,28.9,57,2.91,19.63,0.00
2016-10-14,35.1,25.2,29.8,54,2.63,21.45,0.00
2016-10-15,36.3,24.6,30.2,50,2.32,24.03,0.00
2016-10-16,36.8,25.3,30.7,48,2.07,23.94,0.00
2016-10-17,34.1,25.4,29.5,60,2.44,19.57,0.00
2016-10-18,36.0,25.6,30.5,53,2.85,23.74,0.00
2016-10-19,36.5,25.3,31.1,48,2.11,23.71,0.00
2016-10-20,35.7,26.0,30.6,55,2.21,22.34,0.00
2016-10-21,33.8,25.6,28.3,69,1.53,17.31,4.20
2016-10-22,33.9,24.5,28.7,71,1.65,21.98,1.40
2016-10-23,32.6,25.5,27.8,75,1.66,17.75,6.80
2016-10-24,32.3,25.1,27.5,74,2.07,16.75,0.50
2016-10-25,32.9,24.2,27.9,74,1.54,17.53,0.20
2016-10-26,33.7,24.7,29.1,68,1.77,21.32,0.00
2016-10-27,34.5,25.6,29.4,66,1.79,20.70,1.80
2016-10-28,32.0,25.6,28.6,70,1.22,16.71,0.50
2016-10-29,31.5,24.7,27.9,73,1.42,13.74,0.80
2016-10-30,32.1,23.8,27.9,73,1.31,18.13,0.30
2016-10-31,33.0,24.8,28.3,67,2.39,18.61,0.70
2016-11-01,34.5,24.9,29.5,62,2.46,22.31,0.20
2016-11-02,36.9,25.5,31.0,51,2.91,24.57,0.00
2016-11-03,37.0,25.7,31.0,48,2.49,24.04,0.50
2016-11-04,36.7,26.1,31.2,50,1.93,23.41,0.00
2016-11-05,38.2,26.3,32.4,44,2.40,24.19,0.00
2016-11-06,36.9,26.7,31.6,48,2.55,23.46,0.00
2016-11-07,34.0,26.7,30.3,58,1.79,18.97,0.40
2016-11-08,33.6,26.2,29.5,64,1.52,18.34,1.80
2016-11-09,32.5,25.1,27.4,78,1.45,15.04,16.50
2016-11-10,30.8,24.7,27.6,80,0.83,13.58,0.70
2016-11-11,32.8,24.6,28.1,76,1.19,18.09,0.60
2016-11-12,32.3,25.1,28.2,73,1.64,17.58,3.80
2016-11-13,32.6,25.2,28.4,71,1.14,22.91,0.20
2016-11-14,33.4,25.3,29.3,71,1.48,22.38,0.30
2016-11-15,31.6,25.0,27.5,78,1.26,14.87,6.70
2016-11-16,31.0,24.0,26.7,83,1.43,18.09,9.70
2016-11-17,32.7,23.9,28.0,73,1.61,23.60,0.00
2016-11-18,31.6,25.2,27.9,75,1.28,18.92,3.20
2016-11-19,30.7,24.8,26.8,82,1.20,13.78,9.30
2016-11-20,30.4,23.7,26.4,83,1.82,16.39,16.50
2016-11-21,28.3,23.1,25.4,88,1.69,9.39,7.00
2016-11-22,30.8,23.7,27.2,81,1.67,19.39,0.80
2016-11-23,33.4,24.2,28.4,73,2.00,24.49,0.00
2016-11-24,33.4,24.5,28.8,71,2.00,24.35,0.00
2016-11-25,33.7,25.1,29.0,69,1.84,24.49,0.00
2016-11-26,33.0,25.3,28.9,70,1.93,23.40,0.00
2016-11-27,33.2,24.5,28.8,64,1.74,24.02,0.00
2016-11-28,34.6,24.3,29.5,61,1.40,24.63,0.00
2016-11-29,34.3,25.4,29.3,64,1.48,24.37,0.10
2016-11-30,33.5,25.7,29.4,64,1.63,20.48,0.00
2016-12-01,33.9,25.4,28.7,66,1.74,21.25,0.70
2016-12-02,31.9,25.3,27.4,77,1.21,16.77,3.50
2016-12-03,31.7,24.3,27.7,77,1.34,18.72,1.00
2016-12-04,32.0,24.9,27.9,73,1.27,17.90,0.80
2016-12-05,31.9,24.8,28.1,74,1.07,20.93,0.40
2016-12-06,32.4,24.7,28.5,73,1.05,20.09,1.40
2016-12-07,30.6,25.0,27.6,76,1.21,16.22,3.90
2016-12-08,31.4,24.3,27.3,79,1.00,18.19,5.00
2016-12-09,32.9,24.5,28.4,73,1.62,20.76,0.20
2016-12-10,32.8,25.8,28.5,71,1.12,20.01,3.20
2016-12-11,31.4,24.2,27.5,79,1.05,18.29,9.50
2016-12-12,31.2,23.9,26.8,82,1.38,20.73,11.40
2016-12-13,30.0,24.1,26.2,85,0.90,14.21,9.20
2016-12-14,29.2,23.5,26.1,85,1.47,13.90,10.10
2016-12-15,26.5,23.4,24.6,88,1.88,7.65,23.20
2016-12-16,30.6,23.3,26.2,80,1.38,20.41,5.10
2016-12-17,29.9,23.4,26.0,84,1.62,16.14,12.00
2016-12-18,27.8,23.4,24.9,88,1.13,11.52,10.80
2016-12-19,29.2,23.2,25.5,83,1.57,16.83,4.40
2016-12-20,30.5,23.1,26.5,78,1.39,23.17,1.10
2016-12-21,30.3,23.3,26.3,81,2.10,16.76,11.80
2016-12-22,30.2,23.6,27.0,81,2.03,17.72,6.60
2016-12-23,30.5,24.9,27.0,84,1.33,17.52,2.70
2016-12-24,30.3,23.8,26.6,83,1.64,16.53,6.90
2016-12-25,30.4,24.2,26.6,83,1.68,16.01,2.90
2016-12-26,30.6,23.6,26.6,82,1.58,18.44,0.70
2016-12-27,29.8,24.1,26.1,86,1.68,16.01,9.60
2016-12-28,30.0,24.1,26.8,84,1.42,16.82,1.40
2016-12-29,30.2,24.8,26.8,80,1.87,15.88,2.70
2016-12-30,30.2,23.8,26.4,82,1.78,18.96,5.70
2016-12-31,29.7,23.9,26.4,86,1.13,16.86,11.00
2017-01-01,29.4,24.4,26.3,85,1.54,16.66,2.60
2017-01-02,28.9,23.4,25.8,85,1.53,14.48,9.60
2017-01-03,28.9,23.4,25.7,84,1.34,16.87,2.80
2017-01-04,30.1,22.9,25.9,84,1.39,17.64,8.20
2017-01-05,30.5,23.0,25.9,84,1.55,16.84,15.20
2017-01-06,30.0,23.3,26.5,83,1.48,18.73,0.80
2017-01-07,29.9,24.2,26.7,81,1.67,17.13,2.60
2017-01-08,29.5,24.1,26.3,83,1.97,16.68,8.10
2017-01-09,27.9,23.3,25.3,86,1.28,13.27,23.50
2017-01-10,29.6,23.4,26.4,80,1.57,19.22,1.00
2017-01-11,30.5,23.7,26.4,80,1.62,20.29,2.70
2017-01-12,31.0,22.8,26.4,81,1.49,20.05,11.40
2017-01-13,30.0,23.4,26.2,84,1.25,17.91,5.60
2017-01-14,27.3,23.0,24.5,89,1.37,9.96,20.10
2017-01-15,30.2,22.9,26.2,83,1.15,18.15,0.30
2017-01-16,29.4,23.1,25.6,86,1.40,14.97,15.10
2017-01-17,29.4,23.0,25.4,87,1.28,15.67,30.80
2017-01-18,27.5,23.1,24.7,87,1.89,9.55,34.30
2017-01-19,29.4,22.9,25.5,85,1.09,16.00,5.10
2017-01-20,30.6,22.7,26.4,83,1.65,19.49,0.60
2017-01-21,30.5,23.3,26.3,83,1.50,20.15,5.30
2017-01-22,30.0,22.9,26.1,83,1.44,20.64,4.90
2017-01-23,29.1,22.8,25.9,83,1.40,16.61,30.10
2017-01-24,24.3,22.9,23.7,92,1.23,3.76,45.30
2017-01-25,30.0,22.3,25.6,85,1.40,17.88,7.90
2017-01-26,28.7,22.5,25.7,85,1.29,17.65,4.30
2017-01-27,29.3,22.7,25.5,85,1.66,16.98,14.40
2017-01-28,28.3,23.1,25.5,86,1.37,15.39,15.30
2017-01-29,29.2,22.8,25.8,85,1.83,15.04,12.20
2017-01-30,29.8,23.3,25.8,86,1.47,18.15,17.00
2017-01-31,29.7,23.8,25.8,87,1.58,17.32,15.10
2017-02-01,28.0,24.1,25.8,86,1.22,13.12,7.00
2017-02-02,29.3,23.0,25.7,87,1.05,15.24,7.80
2017-02-03,29.0,23.7,26.3,84,1.29,16.87,6.50
2017-02-04,29.7,23.7,26.5,84,1.04,17.42,2.40
2017-02-05,31.0,23.8,27.0,83,1.35,21.33,2.60
2017-02-06,31.0,24.0,26.9,83,1.19,21.79,7.30
2017-02-07,30.3,23.9,26.6,83,1.52,17.56,18.90
2017-02-08,30.1,23.4,26.2,83,1.71,15.85,11.40
2017-02-09,29.1,24.1,25.7,87,1.15,14.64,18.40
2017-02-10,25.6,23.6,24.4,93,1.58,3.54,96.10
2017-02-11,26.5,22.8,24.6,91,1.43,8.29,11.30
2017-02-12,30.0,23.2,25.6,86,1.09,18.54,11.20
2017-02-13,25.3,23.5,24.1,91,1.38,6.31,24.90
2017-02-14,28.8,22.6,25.2,85,1.72,13.37,7.90
2017-02-15,30.4,23.2,26.6,78,2.41,21.86,0.30
2017-02-16,28.9,24.0,26.2,83,1.20,13.68,0.10
2017-02-17,29.2,23.9,26.0,86,1.86,17.53,10.90
2017-02-18,28.3,23.1,25.3,88,1.56,12.61,28.80
2017-02-19,29.5,22.8,25.6,85,1.10,14.65,12.20
2017-02-20,28.2,23.0,25.2,87,1.29,13.92,7.80
2017-02-21,30.0,23.4,26.0,83,1.57,16.44,10.60
2017-02-22,29.3,23.9,25.5,86,1.21,15.93,8.80
2017-02-23,28.3,22.6,25.2,85,1.69,11.36,3.00
2017-02-24,29.6,22.7,25.7,86,1.60,19.38,13.00
2017-02-25,29.9,23.0,25.6,86,1.36,16.43,11.20
2017-02-26,27.1,22.7,24.8,88,1.23,11.11,14.10
2017-02-27,31.0,23.2,26.3,84,1.41,20.62,1.00
2017-02-28,29.0,23.4,25.6,85,1.72,16.71,13.20
2017-03-01,28.4,22.6,24.7,88,1.19,15.39,13.60
2017-03-02,29.5,22.5,25.5,83,2.15,16.87,1.50
2017-03-03,31.2,23.3,26.4,82,1.93,19.58,4.10
2017-03-04,31.5,23.4,27.1,81,1.65,21.90,0.20
2017-03-05,30.3,23.7,26.4,85,1.37,19.02,7.00
2017-03-06,31.7,23.6,26.8,83,1.65,20.79,2.50
2017-03-07,30.4,23.9,26.5,85,1.53,17.80,8.80
2017-03-08,30.2,24.2,26.1,85,1.35,16.88,12.50
2017-03-09,29.8,23.3,25.8,87,1.22,16.32,12.60
2017-03-10,29.9,23.4,25.6,88,1.37,16.42,44.40
2017-03-11,30.1,23.3,26.1,83,2.12,18.96,14.70
2017-03-12,29.5,24.0,26.0,82,1.31,17.34,4.80
2017-03-13,28.6,23.6,25.9,85,1.12,15.46,5.00
2017-03-14,30.7,23.6,26.0,85,1.41,17.48,18.90
2017-03-15,27.7,23.0,24.7,90,1.38,10.08,36.20
2017-03-16,29.9,22.8,26.0,85,1.14,17.99,6.10
2017-03-17,28.3,22.7,24.9,88,1.72,10.40,56.30
2017-03-18,30.2,23.3,25.5,85,1.10,16.35,13.40
2017-03-19,31.4,23.2,27.0,80,1.92,24.47,0.20
2017-03-20,29.7,24.1,26.7,83,1.49,19.20,10.00
2017-03-21,28.2,23.5,25.4,87,0.96,11.17,8.60
2017-03-22,29.0,23.5,26.0,85,1.55,17.87,9.90
2017-03-23,29.7,23.9,26.4,82,1.39,17.73,2.20
2017-03-24,30.7,23.6,27.0,80,1.61,21.87,1.80
2017-03-25,29.7,23.1,25.9,86,1.43,17.57,11.30
2017-03-26,29.0,23.3,25.7,86,1.41,13.91,9.00
2017-03-27,29.9,23.5,26.3,83,1.38,19.03,3.80
2017-03-28,30.3,23.6,26.4,82,1.66,19.37,4.50
2017-03-29,31.6,23.8,26.8,83,1.33,20.10,2.70
2017-03-30,29.8,23.6,26.2,85,1.20,19.37,11.80
2017-03-31,28.6,22.9,25.6,85,1.51,16.12,11.20
2017-04-01,29.3,23.4,26.2,86,0.99,15.10,17.40
2017-04-02,29.0,23.4,25.4,87,1.43,14.41,14.40
2017-04-03,29.4,23.4,25.2,90,1.04,16.32,20.30
2017-04-04,29.7,23.1,25.8,84,1.83,14.05,6.20
2017-04-05,30.5,24.0,26.3,84,1.09,17.95,8.80
2017-04-06,30.0,23.3,26.1,84,1.34,19.98,6.60
2017-04-07,29.7,23.6,25.8,86,1.11,17.96,16.90
2017-04-08,30.7,22.4,26.3,84,1.44,20.08,6.30
2017-04-09,31.2,23.2,26.9,81,1.71,22.72,0.40
2017-04-10,30.9,24.0,26.4,82,1.39,19.61,1.60
2017-04-11,29.3,23.5,26.1,86,1.51,16.84,12.50
2017-04-12,31.5,23.4,26.5,84,1.25,19.57,2.00
2017-04-13,28.6,23.8,25.8,89,1.42,14.10,14.40
2017-04-14,30.3,24.1,26.4,85,1.66,16.14,10.80
2017-04-15,30.7,23.7,26.8,83,2.17,18.83,2.50
2017-04-16,29.6,24.3,26.8,85,1.36,18.61,5.70
2017-04-17,31.7,24.0,27.6,80,1.50,20.96,2.30
2017-04-18,30.0,23.7,26.8,83,1.24,17.52,1.20
2017-04-19,29.2,24.2,26.1,86,1.45,13.42,2.80
2017-04-20,29.2,23.7,26.3,84,1.53,16.47,3.90
2017-04-21,29.6,24.0,26.8,82,1.15,20.48,2.10
2017-04-22,30.5,24.1,27.0,81,1.83,19.90,2.70
2017-04-23,30.2,23.9,26.9,80,1.31,15.58,4.50
2017-04-24,30.4,24.4,26.5,85,1.48,17.94,5.60
2017-04-25,30.6,23.5,26.7,81,2.24,17.83,0.20
2017-04-26,31.4,23.4,27.1,82,1.55,22.58,0.40
2017-04-27,30.3,24.7,27.1,83,1.35,19.70,1.60
2017-04-28,30.4,23.5,26.9,83,1.41,18.64,4.40
2017-04-29,29.3,24.2,26.2,86,1.47,14.22,2.10
2017-04-30,28.9,24.0,26.0,86,1.39,15.27,10.70
2017-05-01,29.8,23.2,26.3,83,2.11,16.97,0.90
2017-05-02,30.2,23.8,26.9,79,2.34,19.30,1.30
2017-05-03,31.6,23.8,26.9,77,2.15,18.26,0.10
2017-05-04,30.7,23.9,26.3,82,1.67,17.43,8.20
2017-05-05,30.5,23.5,26.8,81,2.04,18.35,1.50
2017-05-06,30.8,24.5,27.1,81,1.84,19.72,0.80
2017-05-07,31.3,23.8,27.4,79,1.92,20.33,0.30
2017-05-08,31.3,23.7,27.4,79,1.93,20.52,0.80
2017-05-09,30.4,23.8,26.9,83,1.76,17.78,1.20
2017-05-10,29.9,24.1,26.3,86,1.08,14.85,14.50
2017-05-11,29.6,24.0,26.1,87,1.37,15.12,3.20
2017-05-12,29.0,24.4,26.4,85,1.70,13.50,1.70
2017-05-13,31.1,24.0,26.8,81,2.03,18.33,0.60
2017-05-14,31.5,23.6,27.2,79,1.67,20.40,0.10
2017-05-15,31.4,24.1,27.5,79,2.06,19.83,0.30
2017-05-16,32.3,24.2,27.8,79,1.84,21.12,0.20
2017-05-17,31.4,23.8,27.3,80,1.47,19.63,0.40
2017-05-18,30.0,24.2,26.7,84,1.36,17.13,2.50
2017-05-19,30.0,23.6,26.6,81,1.62,17.67,4.10
2017-05-20,29.9,23.7,26.4,84,1.87,16.56,5.60
2017-05-21,31.0,23.8,27.1,81,2.28,18.06,0.40
2017-05-22,31.4,24.6,27.3,76,2.94,18.18,0.40
2017-05-23,30.7,23.8,27.0,78,2.04,17.55,0.00
2017-05-24,29.4,23.4,26.3,82,1.71,17.43,8.10
2017-05-25,31.1,24.3,27.1,77,2.13,16.47,3.60
2017-05-26,30.7,24.4,26.8,77,2.48,16.41,0.50
2017-05-27,31.8,25.0,27.5,76,1.81,17.73,0.40
2017-05-28,31.7,23.8,27.3,76,1.71,18.08,0.30
2017-05-29,28.6,23.9,26.3,81,1.80,15.01,1.70
2017-05-30,31.0,24.0,27.0,79,2.05,17.66,0.40
2017-05-31,30.5,24.4,26.9,82,1.39,16.69,4.30
2017-06-01,31.7,25.0,27.2,80,1.77,16.06,3.50
2017-06-02,31.2,24.1,27.0,82,1.48,16.50,1.90
2017-06-03,30.4,23.9,26.7,82,1.53,16.19,4.00
2017-06-04,31.7,23.8,27.0,76,2.82,17.64,2.30
2017-06-05,32.5,23.4,27.3,68,3.04,19.71,0.00
2017-06-06,33.2,23.4,27.7,66,2.78,21.37,0.00
2017-06-07,32.9,22.1,27.4,65,2.73,21.71,0.00
2017-06-08,33.6,22.1,27.5,66,2.21,19.38,0.00
2017-06-09,34.0,22.7,28.2,65,1.91,19.89,0.00
2017-06-10,33.3,22.9,28.4,66,1.46,18.26,0.00
2017-06-11,30.7,24.2,27.0,75,1.68,14.53,0.90
2017-06-12,30.8,23.8,26.7,77,2.28,15.66,1.90
2017-06-13,33.2,22.9,27.7,66,2.91,20.56,0.00
2017-06-14,32.9,23.1,27.6,65,2.38,18.86,0.00
2017-06-15,33.9,23.2,28.1,59,2.53,21.04,0.00
2017-06-16,32.8,23.2,27.3,61,2.83,18.35,0.00
2017-06-17,33.3,23.2,27.7,61,2.99,17.77,0.00
2017-06-18,33.8,23.0,28.3,59,2.86,20.38,0.00
2017-06-19,33.5,23.2,28.1,60,2.43,19.59,0.00
2017-06-20,32.5,24.0,28.2,61,3.02,17.82,0.10
2017-06-21,33.5,23.3,28.3,62,2.89,18.90,0.00
2017-06-22,33.5,23.5,28.2,56,3.03,19.02,0.00
2017-06-23,33.6,22.5,27.8,55,3.15,21.55,0.00
2017-06-24,33.5,22.7,28.1,56,2.82,19.79,0.00
2017-06-25,33.5,23.3,28.0,56,2.68,17.85,0.00
2017-06-26,33.5,23.2,28.1,53,2.85,17.60,0.00
2017-06-27,33.2,24.1,28.0,56,2.74,18.77,0.00
2017-06-28,32.0,24.7,27.7,58,2.60,15.73,0.00
2017-06-29,33.4,23.0,27.7,58,2.68,20.39,0.00
2017-06-30,32.1,22.9,27.5,63,2.51,16.33,0.00
2017-07-01,32.5,24.0,28.0,62,2.20,16.75,0.20
2017-07-02,31.3,24.6,27.7,65,2.20,15.12,1.40
2017-07-03,31.9,23.8,27.4,69,2.42,15.28,0.80
2017-07-04,31.9,24.6,27.6,55,3.39,16.14,0.00
2017-07-05,31.8,23.4,26.9,52,3.49,21.60,0.00
2017-07-06,32.8,20.9,26.7,59,2.53,18.40,0.00
2017-07-07,33.2,25.0,28.3,56,2.40,16.29,0.00
2017-07-08,33.6,24.4,28.6,52,2.88,19.62,0.00
2017-07-09,33.1,22.9,27.5,51,3.06,21.88,0.00
2017-07-10,33.1,22.5,27.7,52,2.61,21.83,0.00
2017-07-11,33.4,23.4,27.8,56,2.51,16.97,0.00
2017-07-12,33.6,24.7,28.6,53,2.99,17.38,0.00
2017-07-13,33.6,23.1,28.0,46,3.52,22.56,0.00
2017-07-14,33.7,23.4,28.3,49,2.51,21.77,0.00
2017-07-15,33.7,21.5,27.2,45,2.89,22.41,0.00
2017-07-16,33.1,21.3,27.1,51,2.71,22.46,0.00
2017-07-17,33.7,22.3,27.4,53,2.23,22.62,0.00
2017-07-18,33.3,22.0,27.5,49,2.61,19.07,0.00
2017-07-19,33.8,22.0,27.5,51,2.53,22.78,0.00
2017-07-20,33.9,22.0,27.6,54,2.54,17.87,0.00
2017-07-21,33.4,23.3,28.2,55,2.69,18.10,0.00
2017-07-22,34.6,24.6,29.1,54,3.17,20.46,0.00
2017-07-23,33.8,24.0,29.0,51,3.44,20.80,0.00
2017-07-24,33.9,24.6,28.9,49,3.81,20.77,0.00
2017-07-25,34.4,23.8,28.9,46,3.95,22.97,0.00
2017-07-26,33.8,22.8,28.1,42,3.60,23.28,0.00
2017-07-27,33.7,21.9,27.9,44,3.02,22.52,0.00
2017-07-28,34.0,22.6,28.3,45,3.35,20.21,0.00
2017-07-29,34.5,23.6,28.7,48,3.53,20.09,0.00
2017-07-30,34.1,24.3,28.7,45,3.19,23.25,0.00
2017-07-31,34.4,23.7,28.7,46,3.39,22.19,0.00
2017-08-01,34.0,23.0,28.1,50,2.51,22.56,0.00
2017-08-02,34.8,22.9,28.5,52,2.75,20.39,0.00
2017-08-03,34.6,24.8,29.3,55,2.65,19.25,0.00
2017-08-04,33.9,24.6,29.4,57,1.89,20.23,0.00
2017-08-05,34.1,24.5,28.5,62,1.66,19.74,0.30
2017-08-06,33.1,25.1,28.2,66,2.10,19.32,1.80
2017-08-07,33.0,24.0,28.0,64,2.92,20.46,0.30
2017-08-08,34.1,24.2,28.5,56,2.94,23.14,0.00
2017-08-09,34.8,23.4,28.8,51,3.00,23.75,0.00
2017-08-10,33.8,23.4,28.4,56,2.19,20.81,0.00
2017-08-11,33.0,23.8,28.4,60,2.19,19.87,0.00
2017-08-12,33.6,24.0,28.7,60,2.52,20.96,0.50
2017-08-13,34.5,24.1,29.1,59,2.67,20.65,0.00
2017-08-14,34.9,24.6,29.4,58,2.05,21.09,0.30
2017-08-15,34.8,24.4,29.2,56,2.37,21.00,0.20
2017-08-16,33.3,24.6,28.5,60,2.83,19.52,0.10
2017-08-17,34.1,23.5,28.6,56,2.50,21.51,0.10
2017-08-18,33.9,24.4,29.0,54,1.92,21.45,0.00
2017-08-19,34.5,23.7,29.2,55,2.37,20.30,0.10
2017-08-20,33.3,23.9,28.6,61,2.61,19.54,0.50
2017-08-21,34.1,24.6,29.0,63,1.95,21.71,0.30
2017-08-22,34.4,24.8,28.9,64,1.94,19.62,0.00
2017-08-23,35.0,24.1,29.3,54,3.02,23.26,0.70
2017-08-24,34.1,23.8,28.7,45,3.79,20.76,0.00
2017-08-25,33.4,24.9,28.9,49,3.65,19.77,0.00
2017-08-26,35.9,23.7,29.4,47,3.03,24.54,0.00
2017-08-27,35.7,25.0,29.7,46,3.09,22.73,0.00
2017-08-28,35.2,24.0,29.2,53,2.84,21.12,0.20
2017-08-29,34.2,23.9,28.9,55,2.44,20.75,0.10
2017-08-30,34.9,24.1,29.2,53,2.16,20.86,0.00
2017-08-31,35.8,23.4,29.6,48,2.32,22.69,0.00
2017-09-01,34.1,24.1,28.9,56,2.35,20.38,0.00
2017-09-02,32.9,24.8,28.4,61,2.48,19.30,1.60
2017-09-03,35.6,24.8,29.7,48,2.54,24.13,0.20
2017-09-04,35.6,26.2,30.0,39,3.51,23.55,0.00
2017-09-05,34.7,24.1,29.0,45,3.79,21.96,0.00
2017-09-06,35.1,24.3,29.5,46,3.61,24.43,0.00
2017-09-07,34.4,24.6,29.4,51,3.16,20.94,0.10
2017-09-08,35.5,25.5,30.2,48,3.56,22.04,0.10
2017-09-09,36.3,25.2,30.3,49,3.38,23.41,0.00
2017-09-10,36.9,26.0,30.9,40,3.59,24.51,0.00
2017-09-11,36.7,26.3,31.3,41,3.53,23.73,0.00
2017-09-12,36.0,26.0,30.7,39,3.84,24.69,0.00
2017-09-13,35.8,25.4,30.5,41,3.42,19.68,0.00
2017-09-14,37.3,24.6,30.2,44,3.06,23.19,0.00
2017-09-15,36.5,25.1,30.5,47,2.56,23.51,0.00
2017-09-16,37.1,25.5,30.8,40,2.72,24.84,0.00
2017-09-17,36.1,25.6,30.5,37,3.72,24.52,0.00
2017-09-18,37.0,24.1,30.5,41,3.62,24.39,0.00
2017-09-19,36.9,25.4,30.9,42,2.72,24.74,0.00
2017-09-20,36.6,26.7,31.0,45,2.81,22.57,0.60
2017-09-21,37.0,26.3,31.3,46,3.04,22.89,0.00
2017-09-22,36.8,25.8,31.2,45,3.78,21.32,0.00
2017-09-23,35.7,25.7,30.7,44,3.23,21.89,0.10
2017-09-24,36.4,26.0,30.9,49,2.67,20.39,0.10
2017-09-25,33.4,26.7,29.4,57,2.43,17.26,1.90
2017-09-26,36.2,24.2,29.9,51,2.80,24.43,0.00
2017-09-27,35.1,25.8,30.3,52,2.82,21.06,0.10
2017-09-28,35.7,26.1,30.8,51,2.58,21.21,0.00
2017-09-29,36.3,26.1,30.8,52,3.16,21.95,0.20
2017-09-30,35.0,25.9,30.5,54,2.59,21.15,0.00
2017-10-01,36.5,26.3,31.2,47,2.82,22.14,0.00
2017-10-02,36.0,25.2,30.4,48,3.23,21.03,0.00
2017-10-03,34.7,25.3,29.5,57,1.82,21.39,0.60
2017-10-04,35.3,25.6,30.3,54,1.63,21.42,0.00
2017-10-05,36.4,25.6,30.8,49,3.03,22.28,0.40
2017-10-06,36.2,25.9,30.8,49,2.57,21.97,0.00
2017-10-07,35.4,26.7,30.7,47,2.51,19.89,0.00
2017-10-08,33.5,26.0,29.7,57,2.19,18.92,0.70
2017-10-09,32.0,25.6,28.6,63,2.02,15.71,1.50
2017-10-10,33.5,25.3,29.2,61,2.26,18.85,0.20
2017-10-11,33.7,25.7,29.3,63,1.66,18.46,0.50
2017-10-12,34.8,25.5,29.6,60,2.39,19.04,0.20
2017-10-13,34.3,26.3,30.0,61,2.20,18.58,0.10
2017-10-14,34.0,26.2,29.8,60,2.39,16.90,0.40
2017-10-15,35.0,26.4,30.2,59,2.66,18.26,0.00
2017-10-16,34.0,26.5,29.0,67,2.56,18.44,3.70
2017-10-17,34.1,25.2,29.2,62,2.90,19.28,0.50
2017-10-18,35.2,25.1,29.4,58,2.93,19.37,0.20
2017-10-19,35.1,25.4,29.7,57,3.28,20.84,0.30
2017-10-20,36.1,25.8,30.5,54,2.89,21.24,0.00
2017-10-21,36.7,25.5,31.1,49,3.74,22.87,0.00
2017-10-22,37.3,26.0,31.6,45,3.02,23.70,0.00
2017-10-23,36.6,26.5,31.3,46,1.90,21.01,0.00
2017-10-24,35.7,26.7,31.0,50,2.22,20.59,0.30
2017-10-25,35.7,26.1,30.5,55,2.09,17.71,0.70
2017-10-26,35.0,26.3,30.0,60,2.45,18.13,1.00
2017-10-27,33.6,26.6,29.7,62,1.92,15.38,0.60
2017-10-28,33.6,26.0,29.6,63,2.19,16.66,0.80
2017-10-29,34.3,26.0,30.0,60,1.28,18.64,0.10
2017-10-30,34.1,26.7,29.2,62,2.10,16.50,4.30
2017-10-31,27.6,24.1,25.2,87,1.44,4.64,16.70
2017-11-01,32.1,22.8,27.3,73,1.16,17.96,0.00
2017-11-02,33.9,25.4,28.6,71,1.32,18.44,3.90
2017-11-03,32.0,24.9,28.1,69,1.66,15.74,5.90
2017-11-04,32.7,25.2,28.7,64,1.66,16.72,1.80
2017-11-05,35.9,25.4,30.3,56,1.81,21.67,0.00
2017-11-06,34.9,26.3,30.3,56,1.42,18.90,0.00
2017-11-07,33.4,24.4,28.1,72,1.57,15.95,11.00
2017-11-08,32.1,23.5,26.5,82,1.57,15.68,9.00
2017-11-09,31.1,24.2,26.8,81,1.44,16.14,6.80
2017-11-10,32.5,25.6,28.4,71,1.69,16.82,0.80
2017-11-11,31.8,25.5,28.0,74,1.47,16.62,1.30
2017-11-12,33.2,25.3,28.9,72,1.50,18.99,0.40
2017-11-13,33.9,25.4,29.4,64,1.62,20.75,0.20
2017-11-14,33.4,25.5,28.6,66,1.66,15.70,0.00
2017-11-15,32.6,25.6,27.6,74,1.63,13.86,1.60
2017-11-16,28.3,24.3,26.0,85,1.17,8.56,11.50
2017-11-17,31.2,24.5,27.1,83,1.17,14.91,1.60
2017-11-18,32.3,25.1,28.1,70,1.62,16.62,3.30
2017-11-19,27.8,24.3,26.1,83,0.94,9.14,3.50
2017-11-20,33.6,24.1,28.3,69,1.73,19.44,0.40
2017-11-21,33.8,24.8,28.6,70,1.65,20.24,2.00
2017-11-22,33.3,25.1,28.0,74,2.06,18.30,7.50
2017-11-23,32.7,24.5,27.6,74,1.55,16.30,2.70
2017-11-24,32.3,25.0,27.3,76,1.68,16.94,6.20
2017-11-25,32.1,23.4,26.6,79,1.91,17.07,1.90
2017-11-26,32.9,23.7,27.5,74,1.25,21.13,2.60
2017-11-27,33.3,23.7,27.4,76,1.75,17.72,5.40
2017-11-28,33.3,24.2,28.2,72,1.82,21.23,0.80
2017-11-29,32.5,24.6,28.0,73,1.86,19.50,3.90
2017-11-30,32.9,25.2,28.3,73,1.35,16.61,1.20
2017-12-01,32.7,24.9,28.2,71,2.27,16.61,0.20
2017-12-02,34.1,24.8,28.9,65,2.07,20.47,0.10
2017-12-03,34.3,24.3,29.2,60,1.93,21.45,0.00
2017-12-04,35.3,25.6,29.9,54,2.50,20.65,0.10
2017-12-05,35.0,26.1,30.1,58,1.57,19.84,0.00
2017-12-06,35.0,25.8,29.9,61,1.68,21.32,0.20
2017-12-07,30.9,24.8,27.9,73,1.67,12.71,5.70
2017-12-08,31.7,23.9,26.7,80,1.69,13.48,25.60
2017-12-09,33.9,25.0,28.8,67,1.54,18.64,2.00
2017-12-10,32.6,25.7,28.4,70,1.56,15.27,0.30
2017-12-11,31.7,25.0,27.8,77,1.16,17.78,2.40
2017-12-12,34.3,25.2,28.5,72,1.57,19.50,11.00
2017-12-13,30.7,23.7,26.5,83,1.29,15.98,21.00
2017-12-14,29.3,23.7,25.1,89,1.26,9.22,24.20
2017-12-15,28.2,23.1,25.4,87,1.18,14.46,13.90
2017-12-16,28.8,23.1,25.4,86,1.41,13.81,10.30
2017-12-17,29.2,22.7,25.4,87,1.23,13.59,21.00
2017-12-18,29.7,23.2,25.5,86,1.34,15.13,3.80
2017-12-19,28.3,23.9,25.2,88,1.14,11.97,11.30
2017-12-20,29.8,22.9,25.9,85,0.90,16.34,0.90
2017-12-21,29.8,23.2,25.9,82,1.36,16.79,3.90
2017-12-22,31.1,23.2,26.7,79,1.64,20.27,1.40
2017-12-23,29.3,22.8,25.7,85,1.49,13.90,17.10
2017-12-24,29.6,23.0,25.5,86,1.13,14.15,7.80
2017-12-25,29.0,23.6,25.3,86,1.48,13.47,12.60
2017-12-26,30.3,23.5,26.2,84,1.41,17.19,1.10
2017-12-27,29.9,23.4,26.1,85,1.38,14.35,6.10
2017-12-28,29.1,23.3,25.7,88,1.08,14.34,5.80
2017-12-29,28.8,23.7,26.2,85,1.16,16.93,2.10
2017-12-30,31.3,23.5,26.5,84,1.17,18.11,4.00
2017-12-31,31.3,24.3,27.1,84,1.21,19.68,3.80
2018-01-01,30.3,23.5,26.8,81,1.34,18.54,1.70
2018-01-02,29.2,23.5,26.1,84,1.44,16.53,3.40
2018-01-03,29.0,23.1,26.0,83,1.11,16.07,6.40
2018-01-04,28.2,23.6,25.6,85,1.18,14.29,2.40
2018-01-05,29.0,22.6,25.1,86,1.35,15.19,12.60
2018-01-06,28.3,22.9,24.7,88,0.82,12.15,23.10
2018-01-07,28.5,22.1,25.0,85,1.23,16.36,8.10
2018-01-08,30.2,22.6,25.7,80,1.35,20.31,4.90
2018-01-09,29.3,22.2,25.0,86,1.43,18.86,5.80
2018-01-10,29.2,21.6,24.8,85,1.28,18.56,12.70
2018-01-11,29.3,22.6,25.1,85,1.49,17.14,8.70
2018-01-12,28.6,23.1,25.7,85,1.15,18.18,1.60
2018-01-13,28.4,23.2,25.5,85,1.17,14.61,3.50
2018-01-14,28.9,23.2,25.2,85,1.38,16.11,8.10
2018-01-15,28.6,22.7,24.5,89,1.62,14.30,14.80
2018-01-16,29.9,22.1,25.6,85,1.63,18.57,3.50
2018-01-17,30.4,23.0,26.5,80,1.94,20.53,0.40
2018-01-18,30.1,22.8,25.7,83,1.59,15.85,6.10
2018-01-19,29.5,22.9,25.8,83,1.80,14.77,4.30
2018-01-20,29.7,22.8,25.7,83,1.49,16.21,7.00
2018-01-21,30.4,23.2,25.8,83,1.12,19.24,4.30
2018-01-22,29.5,22.9,25.8,84,1.53,17.68,4.30
2018-01-23,29.9,23.4,26.1,83,1.54,18.07,3.80
2018-01-24,28.7,23.5,25.9,83,1.46,17.61,3.60
2018-01-25,29.6,22.2,25.7,84,1.34,15.13,5.60
2018-01-26,29.7,23.2,26.2,82,1.38,18.69,3.10
2018-01-27,27.9,23.1,25.1,86,1.49,13.55,18.80
2018-01-28,28.5,22.6,25.4,87,1.29,14.61,9.30
2018-01-29,30.2,23.5,26.3,84,1.37,17.87,3.60
2018-01-30,30.8,24.4,27.0,82,1.43,19.53,1.90
2018-01-31,31.5,23.7,27.2,81,1.88,19.02,11.60
2018-02-01,30.9,24.0,26.6,85,1.02,15.64,8.60
2018-02-02,29.8,24.2,26.2,86,1.19,14.85,22.30
2018-02-03,29.1,23.8,25.7,87,1.88,14.56,14.50
2018-02-04,28.3,23.4,24.9,90,1.60,11.11,14.00
2018-02-05,28.2,23.0,24.7,90,1.43,10.02,10.60
2018-02-06,26.8,23.1,24.4,90,1.64,8.46,26.50
2018-02-07,26.5,22.4,24.2,85,1.32,10.13,6.90
2018-02-08,30.4,22.9,26.1,83,1.28,19.54,2.30
2018-02-09,26.2,23.3,24.6,90,1.51,6.24,21.90
2018-02-10,29.8,22.9,25.9,80,2.09,17.24,1.70
2018-02-11,30.4,23.3,26.3,80,1.29,19.77,3.20
2018-02-12,29.3,22.4,25.3,85,1.33,19.22,17.10
2018-02-13,29.8,22.1,25.3,86,1.17,20.42,12.80
2018-02-14,29.6,22.4,25.2,85,1.60,16.25,9.90
2018-02-15,28.8,22.6,25.1,86,1.52,15.73,11.60
2018-02-16,30.8,23.0,26.4,80,1.73,20.38,5.20
2018-02-17,29.5,22.7,25.0,88,1.77,15.00,35.10
2018-02-18,29.6,22.7,25.2,87,1.44,15.75,1.40
2018-02-19,28.7,22.9,25.3,87,1.48,15.46,18.30
2018-02-20,28.6,22.8,25.2,87,1.13,15.52,17.60
2018-02-21,28.6,23.1,25.2,87,1.50,13.92,16.50
2018-02-22,27.3,23.2,24.7,88,2.27,14.13,19.70
2018-02-23,29.1,22.6,25.3,85,1.21,17.96,4.60
2018-02-24,31.0,23.4,26.2,85,1.25,20.48,10.00
2018-02-25,27.1,22.9,24.7,88,2.02,13.71,12.60
2018-02-26,29.2,22.4,25.4,87,0.98,16.43,4.90
2018-02-27,30.2,22.5,25.7,85,1.13,20.43,3.40
2018-02-28,29.0,22.5,24.9,88,1.39,16.71,26.00
2018-03-01,29.1,23.0,25.0,87,1.47,17.29,13.50
2018-03-02,29.8,22.8,25.9,82,2.22,16.15,1.00
2018-03-03,31.2,22.4,26.7,78,1.88,22.66,0.30
2018-03-04,30.9,23.4,26.1,83,1.45,17.54,4.30
2018-03-05,28.5,23.3,25.6,87,1.31,15.00,4.20
2018-03-06,30.3,23.3,26.3,83,1.81,19.71,7.40
2018-03-07,29.6,23.4,26.1,84,1.92,17.04,18.00
2018-03-08,28.3,23.5,25.4,88,1.11,14.45,17.30
2018-03-09,28.5,23.2,25.6,87,1.30,15.34,5.70
2018-03-10,30.4,23.5,26.8,80,1.55,19.34,2.00
2018-03-11,29.7,23.5,26.4,86,0.99,17.64,2.90
2018-03-12,29.5,24.4,26.4,85,1.41,15.43,8.20
2018-03-13,30.3,24.6,26.8,81,1.77,15.80,2.40
2018-03-14,28.3,23.5,25.0,88,1.47,11.33,31.90
2018-03-15,29.3,23.0,25.3,87,1.42,13.74,13.70
2018-03-16,30.6,23.3,26.5,84,1.42,20.53,9.50
2018-03-17,31.2,23.6,27.4,78,0.88,21.88,1.30
2018-03-18,30.1,24.0,26.6,84,1.64,20.01,4.00
2018-03-19,29.4,23.1,25.5,86,1.56,15.98,16.60
2018-03-20,29.9,23.3,25.8,84,1.41,15.60,11.60
2018-03-21,29.5,23.6,26.2,86,1.14,19.02,4.10
2018-03-22,29.6,23.7,26.3,85,1.13,17.42,6.50
2018-03-23,26.6,23.1,24.5,92,1.40,7.41,32.90
2018-03-24,30.1,23.0,25.5,88,0.96,17.12,14.70
2018-03-25,28.9,23.2,25.1,89,1.32,11.75,43.60
2018-03-26,27.4,22.6,24.7,88,1.61,9.53,22.10
2018-03-27,30.5,22.0,25.9,83,2.12,20.40,2.90
2018-03-28,30.2,23.2,26.1,84,1.79,18.36,10.20
2018-03-29,30.1,23.6,25.9,85,1.56,15.56,4.80
2018-03-30,29.1,23.4,25.5,86,1.39,17.34,20.10
2018-03-31,28.4,23.0,25.7,87,1.50,14.20,8.40
2018-04-01,30.7,23.6,26.4,85,1.21,18.80,4.20
2018-04-02,28.3,23.1,25.3,89,1.66,14.15,23.40
2018-04-03,29.5,23.1,25.6,87,1.26,15.08,5.00
2018-04-04,29.2,23.5,25.7,87,1.32,14.78,10.00
2018-04-05,29.7,23.5,25.8,85,1.22,17.06,2.60
2018-04-06,28.3,23.3,25.3,86,1.08,15.55,11.30
2018-04-07,28.5,22.6,25.0,87,1.54,14.30,14.10
2018-04-08,28.5,22.2,25.2,86,1.05,15.93,5.50
2018-04-09,27.9,22.5,25.0,87,1.48,13.74,7.80
2018-04-10,29.3,22.6,24.8,89,1.43,14.71,38.70
2018-04-11,27.4,22.7,25.0,86,1.39,11.75,9.10
2018-04-12,27.3,22.5,24.3,88,1.13,11.25,14.90
2018-04-13,28.7,22.5,25.0,87,1.06,15.33,7.10
2018-04-14,28.3,22.8,25.5,86,1.68,16.39,1.30
2018-04-15,30.9,22.8,26.1,84,1.45,20.77,4.70
2018-04-16,29.4,23.0,25.1,88,1.02,14.39,22.80
2018-04-17,29.0,22.7,25.4,86,1.15,16.25,3.80
2018-04-18,30.3,22.0,26.3,80,2.31,20.55,0.90
2018-04-19,29.6,22.8,26.2,81,2.72,19.18,2.10
2018-04-20,31.2,22.6,26.8,80,1.69,20.61,0.70
2018-04-21,31.0,23.3,26.9,80,1.62,20.78,1.60
2018-04-22,29.7,23.8,26.4,83,1.54,16.04,2.60
2018-04-23,29.7,23.0,26.2,82,2.36,18.14,4.40
2018-04-24,30.1,23.9,26.4,83,1.22,18.44,3.80
2018-04-25,30.6,22.9,26.5,84,1.49,19.92,2.20
2018-04-26,30.4,23.6,26.7,81,2.10,18.90,1.10
2018-04-27,31.2,24.2,26.9,80,1.58,19.90,0.60
2018-04-28,31.1,23.9,26.7,84,1.56,19.00,1.20
2018-04-29,29.0,23.4,25.8,86,1.31,15.65,5.20
2018-04-30,30.2,23.1,25.9,86,1.49,17.59,2.50
2018-05-01,31.0,23.8,26.1,84,1.55,19.84,24.00
2018-05-02,29.5,23.1,25.8,85,1.73,16.37,2.40
2018-05-03,29.1,23.6,26.2,82,1.50,13.07,0.70
2018-05-04,29.5,22.8,26.0,83,1.74,17.94,7.80
2018-05-05,29.4,24.2,26.5,81,1.71,16.42,1.10
2018-05-06,30.8,22.6,26.4,77,2.50,19.22,0.20
2018-05-07,31.6,22.8,27.0,75,2.30,20.71,0.00
2018-05-08,30.4,23.4,26.6,79,1.88,18.08,0.60
2018-05-09,30.6,23.2,26.7,79,1.67,17.86,0.30
2018-05-10,30.1,24.2,26.5,79,1.79,16.08,0.90
2018-05-11,31.5,23.2,27.0,79,1.53,20.00,0.40
2018-05-12,28.6,24.1,25.9,83,1.51,14.39,6.40
2018-05-13,28.6,23.4,26.0,85,1.29,13.63,0.40
2018-05-14,29.0,22.8,25.5,86,1.85,14.94,4.10
2018-05-15,28.5,23.4,25.8,85,1.44,14.53,3.50
2018-05-16,31.1,23.3,26.7,79,1.66,19.92,0.60
2018-05-17,30.4,23.0,26.3,81,1.95,17.86,1.00
2018-05-18,31.2,23.0,26.5,81,1.76,19.02,0.40
2018-05-19,30.5,23.5,26.2,82,1.52,17.90,4.90
2018-05-20,30.6,23.0,26.2,84,1.32,19.25,3.20
2018-05-21,29.3,23.7,26.3,85,1.21,15.92,4.10
2018-05-22,29.0,23.0,25.5,87,1.30,15.18,6.10
2018-05-23,29.5,22.6,25.8,86,1.72,16.21,0.30
2018-05-24,30.8,22.9,26.6,81,1.87,17.83,0.20
2018-05-25,32.0,22.4,26.8,74,2.54,20.36,0.30
2018-05-26,31.5,22.4,26.4,72,2.28,20.89,0.10
2018-05-27,32.0,21.6,26.5,71,2.29,19.58,0.20
2018-05-28,32.4,23.7,27.2,69,2.45,18.54,0.00
2018-05-29,31.5,23.8,27.2,69,2.44,16.16,0.10
2018-05-30,32.5,23.3,27.6,65,2.82,18.35,0.00
2018-05-31,33.3,23.1,27.7,61,2.91,21.73,0.00
2018-06-01,32.4,22.2,27.2,67,2.77,20.35,0.00
2018-06-02,33.3,23.1,27.4,68,2.48,18.20,0.20
2018-06-03,33.7,23.5,28.1,71,1.83,20.16,0.10
2018-06-04,31.2,24.0,27.4,74,1.38,15.70,1.50
2018-06-05,32.2,24.7,27.9,73,2.13,17.84,0.70
2018-06-06,33.5,23.8,28.2,67,2.21,18.93,0.10
2018-06-07,33.7,23.8,28.4,68,2.29,19.52,0.20
2018-06-08,32.9,23.6,27.8,73,2.37,18.55,1.60
2018-06-09,31.8,24.7,27.4,74,2.70,15.54,3.80
2018-06-10,33.3,23.6,28.0,66,3.01,19.12,0.30
2018-06-11,32.3,22.6,27.6,63,2.91,19.34,0.40
2018-06-12,33.9,21.4,27.4,60,2.62,21.99,0.00
2018-06-13,34.1,21.6,27.8,61,1.68,19.59,0.00
2018-06-14,34.6,24.1,28.7,56,1.94,20.50,0.00
2018-06-15,34.0,23.9,28.1,59,2.30,19.39,0.00
2018-06-16,33.8,22.9,27.9,61,2.80,19.53,0.10
2018-06-17,33.4,23.2,27.7,63,2.31,19.69,0.00
2018-06-18,32.7,22.2,27.1,62,2.71,18.14,0.00
2018-06-19,31.2,23.2,27.1,68,2.37,17.82,1.40
2018-06-20,33.2,22.9,27.6,64,2.82,19.36,1.60
2018-06-21,33.8,21.8,27.5,52,2.77,20.52,0.00
2018-06-22,33.9,21.7,27.8,54,2.54,21.92,0.00
2018-06-23,34.0,22.2,28.2,55,2.72,19.45,0.00
2018-06-24,34.3,23.1,28.4,50,2.92,21.74,0.00
2018-06-25,33.3,21.6,27.1,51,2.70,22.31,0.00
2018-06-26,33.1,20.4,26.9,53,2.17,21.22,0.00
2018-06-27,33.8,21.7,27.4,55,2.04,22.01,0.00
2018-06-28,33.7,21.3,27.3,56,2.39,18.34,0.00
2018-06-29,33.8,22.8,27.9,55,2.27,21.33,0.00
2018-06-30,33.0,21.9,27.2,56,2.39,18.39,0.00
2018-07-01,34.7,22.6,28.2,51,2.42,21.48,0.00
2018-07-02,34.4,20.9,27.5,51,1.85,21.82,0.00
2018-07-03,34.5,21.8,27.9,54,1.83,18.56,0.00
2018-07-04,33.1,23.9,28.0,62,1.82,19.44,0.10
2018-07-05,33.9,21.9,27.8,58,2.16,20.61,0.00
2018-07-06,34.0,22.2,27.8,50,2.45,22.06,0.00
2018-07-07,33.0,21.8,27.2,60,3.03,18.64,0.60
2018-07-08,33.3,22.2,27.6,68,2.30,20.43,2.10
2018-07-09,35.3,22.2,28.2,59,1.92,21.39,0.00
2018-07-10,32.6,22.5,27.1,65,2.15,19.25,0.60
2018-07-11,32.3,23.3,27.5,67,2.85,17.48,0.70
2018-07-12,32.3,23.2,27.9,63,2.46,18.91,0.10
2018-07-13,33.4,23.5,28.1,64,2.18,18.72,0.10
2018-07-14,33.0,24.1,27.8,64,2.35,19.12,0.40
2018-07-15,33.9,22.8,27.7,59,2.33,21.43,0.00
2018-07-16,34.9,21.7,28.0,52,2.29,22.57,0.00
2018-07-17,33.9,21.2,27.6,50,2.82,22.84,0.00
2018-07-18,33.7,21.7,27.7,51,2.73,22.36,0.00
2018-07-19,34.8,21.8,28.3,49,2.64,22.69,0.00
2018-07-20,34.6,22.4,28.0,50,2.48,22.65,0.00
2018-07-21,35.2,21.3,28.0,49,2.82,21.02,0.00
2018-07-22,35.6,22.6,28.7,49,2.50,21.55,0.00
2018-07-23,35.2,25.1,29.6,50,2.66,20.84,0.40
2018-07-24,34.9,24.3,29.3,51,2.74,21.45,0.00
2018-07-25,34.5,23.7,29.0,52,2.66,18.34,0.00
2018-07-26,35.1,23.7,29.2,49,2.93,22.57,0.00
2018-07-27,34.3,24.1,28.9,51,2.72,20.26,0.20
2018-07-28,35.7,24.2,29.4,54,2.60,19.97,0.10
2018-07-29,33.9,24.7,28.7,58,2.30,19.70,0.70
2018-07-30,33.4,24.5,28.4,63,2.98,19.65,0.90
2018-07-31,34.3,23.6,28.7,61,2.24,20.39,0.10
2018-08-01,34.3,23.9,29.0,56,2.58,20.83,0.00
2018-08-02,33.4,24.1,28.5,63,1.90,19.98,0.10
2018-08-03,33.4,24.3,28.6,61,2.54,20.13,0.10
2018-08-04,33.5,24.3,28.6,59,2.99,21.24,0.00
2018-08-05,34.4,22.8,27.6,65,1.48,19.82,1.70
2018-08-06,35.7,24.1,29.4,54,2.15,22.03,0.00
2018-08-07,34.4,24.6,29.4,56,2.37,21.55,0.00
2018-08-08,34.3,24.7,29.1,58,2.97,20.91,0.20
2018-08-09,33.7,24.1,28.5,59,2.44,19.83,0.10
2018-08-10,34.7,23.0,28.7,57,2.25,21.70,0.00
2018-08-11,34.1,23.8,28.9,57,1.94,20.26,0.10
2018-08-12,33.4,25.2,29.0,60,2.35,18.84,0.00
2018-08-13,33.5,24.7,29.1,59,2.50,20.46,0.30
2018-08-14,32.0,24.9,28.5,62,2.05,16.55,0.40
2018-08-15,31.5,23.5,27.6,70,1.50,17.15,4.00
2018-08-16,32.1,24.4,28.1,67,1.98,16.70,0.40
2018-08-17,31.1,25.0,27.5,73,1.49,15.34,2.10
2018-08-18,32.2,23.8,27.9,68,1.85,18.78,0.70
2018-08-19,34.4,24.0,28.5,59,2.74,20.80,0.20
2018-08-20,35.2,23.1,29.1,52,2.90,22.46,0.00
2018-08-21,34.9,23.9,29.3,53,2.77,23.49,0.00
2018-08-22,35.3,23.9,29.2,49,2.72,22.63,0.00
2018-08-23,34.9,22.8,28.5,47,2.73,22.48,0.00
2018-08-24,35.4,22.9,29.2,50,2.81,24.07,0.00
2018-08-25,34.9,24.0,29.1,56,2.01,20.90,0.20
2018-08-26,32.9,25.0,28.4,63,1.88,19.32,1.10
2018-08-27,33.7,24.6,28.6,62,2.84,20.51,0.30
2018-08-28,32.9,24.4,28.1,58,2.81,20.40,0.70
2018-08-29,34.5,22.1,28.3,55,2.64,22.70,0.00
2018-08-30,35.8,23.1,28.9,47,2.60,23.56,0.00
2018-08-31,35.1,23.0,28.9,45,2.36,24.30,0.00
2018-09-01,35.3,23.1,28.9,45,2.42,24.51,0.00
2018-09-02,35.4,23.1,29.2,50,2.37,23.51,0.00
2018-09-03,33.5,24.1,28.7,62,1.47,20.10,0.80
2018-09-04,33.7,24.8,29.1,62,1.90,19.89,0.30
2018-09-05,33.4,23.6,28.6,68,1.72,20.09,4.10
2018-09-06,34.3,24.6,28.2,70,1.76,19.90,3.50
2018-09-07,33.2,24.1,27.7,73,1.60,18.42,2.70
2018-09-08,31.4,23.9,27.5,68,1.56,16.91,0.30
2018-09-09,32.3,23.8,27.6,68,2.33,18.34,0.80
2018-09-10,32.7,24.1,28.5,64,2.05,20.27,0.10
2018-09-11,32.3,24.0,28.2,69,1.60,19.57,0.90
2018-09-12,32.4,24.5,28.5,66,2.40,17.24,1.50
2018-09-13,32.9,24.6,28.5,65,2.61,19.72,0.50
2018-09-14,35.2,23.3,28.9,59,2.30,23.88,0.00
2018-09-15,34.5,23.8,29.0,54,2.63,23.09,0.10
2018-09-16,35.5,24.3,29.6,55,2.56,22.66,0.00
2018-09-17,35.0,24.4,29.8,56,1.84,21.16,0.00
2018-09-18,33.5,25.9,29.7,60,1.60,18.81,0.10
2018-09-19,35.3,25.0,29.8,57,2.57,20.29,0.70
2018-09-20,35.1,24.8,29.6,56,2.47,21.08,0.30
2018-09-21,34.4,24.4,29.5,56,2.53,20.77,0.00
2018-09-22,36.4,24.8,30.4,52,2.58,23.18,0.00
2018-09-23,34.2,25.3,29.8,54,2.30,20.86,0.00
2018-09-24,35.0,25.6,30.0,57,2.41,20.82,0.20
2018-09-25,34.3,25.7,29.8,60,1.61,20.31,0.10
2018-09-26,35.3,25.6,29.7,62,2.22,19.39,0.40
2018-09-27,35.5,25.6,30.0,57,2.63,20.75,0.20
2018-09-28,34.0,25.6,29.7,60,2.14,19.82,0.10
2018-09-29,35.4,25.6,30.4,55,2.45,22.12,0.00
2018-09-30,34.4,25.5,29.8,55,2.44,19.00,0.30
2018-10-01,33.1,25.4,29.3,60,2.06,18.05,0.50
2018-10-02,33.5,25.8,29.4,60,1.59,17.89,1.10
2018-10-03,34.6,26.1,29.8,58,1.91,18.96,0.10
2018-10-04,34.8,25.4,30.0,55,2.48,21.56,0.10
2018-10-05,34.7,25.5,30.2,57,1.40,21.06,0.00
2018-10-06,32.6,25.5,28.0,72,1.63,12.95,6.70
2018-10-07,31.3,24.1,26.5,83,1.64,14.31,20.20
2018-10-08,32.0,24.2,27.5,77,1.61,18.95,1.90
2018-10-09,32.6,24.3,27.8,71,1.80,18.27,0.70
2018-10-10,34.4,24.7,28.8,61,2.12,22.78,0.00
2018-10-11,32.9,24.7,28.6,63,1.93,17.62,0.00
2018-10-12,33.1,25.1,28.5,66,2.38,19.27,0.70
2018-10-13,34.7,24.7,29.4,61,1.95,21.50,0.00
2018-10-14,35.4,25.7,30.2,56,1.65,22.39,0.00
2018-10-15,35.4,25.5,29.9,60,2.47,22.11,1.20
2018-10-16,34.5,24.6,28.1,71,2.46,17.65,12.10
2018-10-17,32.7,24.0,27.3,78,1.63,17.92,4.40
2018-10-18,31.4,24.1,27.5,79,1.68,17.37,11.30
2018-10-19,32.2,24.6,27.6,80,1.14,17.76,4.20
2018-10-20,33.9,24.6,28.3,73,1.31,19.49,0.60
2018-10-21,31.7,24.7,27.0,81,1.13,17.13,5.80
2018-10-22,32.0,23.2,27.7,74,2.72,19.67,2.10
2018-10-23,33.2,24.1,28.3,68,2.02,19.79,0.20
2018-10-24,35.5,24.4,29.6,61,2.23,22.04,0.10
2018-10-25,35.4,24.9,29.7,61,1.39,22.48,0.00
2018-10-26,36.6,25.0,30.5,57,1.86,22.70,0.10
2018-10-27,35.6,25.7,30.5,57,2.08,21.36,0.20
2018-10-28,36.5,26.6,31.1,55,1.37,22.82,0.00
2018-10-29,33.6,27.0,30.2,61,1.08,17.97,1.10
2018-10-30,34.0,25.1,28.3,73,1.82,17.45,6.20
2018-10-31,33.2,25.0,28.3,73,1.51,18.27,1.10
2018-11-01,33.0,25.0,28.6,72,1.48,18.80,2.20
2018-11-02,34.0,24.4,28.8,69,1.86,19.26,1.00
2018-11-03,33.5,24.5,28.9,68,1.73,17.81,1.10
2018-11-04,33.7,24.0,27.8,76,1.72,19.08,8.60
2018-11-05,32.4,23.3,26.9,79,1.45,15.74,17.30
2018-11-06,33.4,24.1,27.7,78,1.92,17.07,3.70
2018-11-07,31.2,23.8,26.7,82,1.65,13.28,18.90
2018-11-08,32.1,24.1,27.5,78,1.61,17.33,5.40
2018-11-09,33.2,24.4,28.7,71,1.60,19.62,0.20
2018-11-10,33.1,25.1,29.0,68,1.62,18.48,0.30
2018-11-11,34.3,25.2,28.4,75,1.69,18.81,1.80
2018-11-12,32.5,24.9,27.2,82,1.48,14.81,21.40
2018-11-13,33.5,25.1,28.8,73,1.73,21.05,0.20
2018-11-14,31.4,25.3,28.0,74,1.54,17.59,2.90
2018-11-15,31.3,24.5,27.4,80,1.75,17.71,4.90
2018-11-16,31.8,23.9,27.4,77,1.73,17.31,2.30
2018-11-17,33.2,24.1,28.5,70,1.91,21.82,0.00
2018-11-18,32.9,24.7,28.9,69,1.41,20.69,0.20
2018-11-19,33.2,24.9,29.1,70,1.40,19.54,0.60
2018-11-20,34.1,25.4,28.8,70,1.72,19.62,1.30
2018-11-21,33.1,25.3,28.5,71,1.98,18.39,0.90
2018-11-22,31.7,24.0,27.0,81,1.57,15.42,14.10
2018-11-23,29.9,24.0,26.2,85,1.41,14.03,26.50
2018-11-24,31.0,22.9,26.1,86,1.68,15.55,45.60
2018-11-25,31.0,23.7,26.6,86,1.51,16.67,13.60
2018-11-26,29.9,23.5,25.9,88,1.59,13.84,31.90
2018-11-27,29.2,23.7,26.0,86,1.91,12.80,6.10
2018-11-28,30.6,23.4,26.1,85,1.67,14.73,7.80
2018-11-29,28.7,24.0,25.6,91,1.86,9.41,26.50
2018-11-30,27.7,22.7,25.0,89,1.81,8.34,14.90
2018-12-01,30.3,23.5,26.4,82,1.25,11.80,1.70
2018-12-02,30.5,23.2,26.3,83,1.53,16.68,9.00
2018-12-03,28.5,23.9,25.2,91,1.33,9.62,20.80
2018-12-04,26.5,23.0,24.3,93,1.35,6.09,23.10
2018-12-05,27.0,23.3,24.5,90,1.06,6.67,5.20
2018-12-06,26.8,23.3,24.8,89,1.02,7.28,4.20
2018-12-07,29.6,22.3,25.9,85,1.18,15.02,0.00
2018-12-08,30.9,23.2,26.4,83,1.51,19.75,4.90
2018-12-09,29.3,22.6,25.5,85,1.64,15.53,13.50
2018-12-10,28.3,22.8,25.3,87,2.04,13.10,12.80
2018-12-11,30.6,22.9,25.9,85,1.84,17.31,11.10
2018-12-12,29.9,23.5,26.2,84,1.44,16.61,7.10
2018-12-13,31.9,23.0,27.0,77,2.10,21.41,0.30
2018-12-14,29.8,23.5,25.9,83,1.66,16.33,3.60
2018-12-15,29.0,22.7,25.2,87,1.40,14.74,8.80
2018-12-16,29.8,22.0,25.5,85,1.45,17.79,2.90
2018-12-17,31.2,22.9,26.9,78,2.08,19.92,0.80
2018-12-18,29.4,23.9,26.3,82,2.15,13.78,0.90
2018-12-19,31.9,22.8,27.1,80,1.61,19.97,0.80
2018-12-20,30.8,23.1,26.8,80,1.72,17.33,1.90
2018-12-21,31.7,24.0,27.1,80,1.69,19.59,1.30
2018-12-22,29.5,23.5,25.9,87,1.20,14.30,3.90
2018-12-23,28.7,23.4,25.6,87,1.49,13.91,2.30
2018-12-24,29.1,22.2,25.3,85,1.37,16.02,4.50
2018-12-25,31.3,22.9,26.9,75,1.81,22.60,0.40
2018-12-26,31.0,23.6,26.4,81,1.63,18.48,3.90
2018-12-27,30.9,23.9,26.8,81,1.08,19.67,5.10
2018-12-28,31.9,23.0,27.6,77,1.52,22.38,0.50
2018-12-29,29.2,23.4,25.6,87,1.21,14.30,15.50
2018-12-30,29.3,22.7,25.5,86,1.24,17.05,4.30
2018-12-31,28.8,23.4,25.5,87,1.37,14.31,5.20
2019-01-01,28.6,22.7,25.2,87,1.40,14.42,9.60
2019-01-02,30.6,23.2,26.7,84,1.75,18.40,2.20
2019-01-03,31.4,23.9,27.5,76,2.32,21.59,0.40
2019-01-04,32.0,24.3,27.5,80,2.09,22.24,0.90
2019-01-05,30.0,23.8,26.4,85,1.42,18.58,5.00
2019-01-06,28.3,23.0,25.6,85,1.51,13.36,8.00
2019-01-07,29.9,23.4,26.1,84,1.41,16.57,4.10
2019-01-08,27.3,23.7,24.8,90,1.28,9.58,7.30
2019-01-09,29.2,22.7,25.3,87,1.40,17.81,12.90
2019-01-10,27.5,22.5,24.7,87,1.71,12.48,13.30
2019-01-11,30.3,22.9,25.6,86,1.17,18.14,17.60
2019-01-12,29.4,21.7,25.5,85,1.50,19.02,2.10
2019-01-13,29.8,24.0,25.9,86,1.25,19.47,11.50
2019-01-14,28.7,23.2,25.0,90,1.45,14.14,19.90
2019-01-15,27.3,22.6,24.5,90,1.20,10.77,8.10
2019-01-16,29.2,22.6,25.6,84,1.77,13.57,0.30
2019-01-17,30.0,23.2,26.0,86,1.22,18.90,6.00
2019-01-18,29.1,23.1,25.7,86,1.43,16.50,6.20
2019-01-19,29.3,23.3,25.8,86,1.37,16.00,6.30
2019-01-20,31.1,23.2,26.2,84,1.76,20.20,6.90
2019-01-21,30.2,22.8,26.2,86,1.29,16.53,13.90
2019-01-22,28.9,23.6,25.7,88,1.27,14.29,8.70
2019-01-23,29.7,23.4,25.9,87,1.42,16.52,5.70
2019-01-24,29.4,23.3,26.0,86,1.38,18.34,3.00
2019-01-25,30.0,23.2,26.0,85,1.34,18.72,5.70
2019-01-26,27.7,22.6,24.8,89,1.36,12.33,7.20
2019-01-27,30.6,22.5,25.8,85,1.41,19.35,15.00
2019-01-28,30.4,23.1,26.1,84,2.39,18.32,3.80
2019-01-29,30.1,23.0,26.4,83,1.68,20.59,0.60
2019-01-30,30.5,22.6,26.6,85,1.42,21.16,5.70
2019-01-31,30.7,24.4,26.6,85,1.95,18.60,8.00
2019-02-01,29.6,24.0,26.3,84,1.64,15.75,12.60
2019-02-02,29.3,23.6,26.0,87,1.47,16.10,5.70
2019-02-03,29.5,23.0,25.6,86,1.14,14.37,8.80
2019-02-04,30.8,23.6,26.6,82,1.38,21.11,6.10
2019-02-05,29.4,23.1,25.8,86,1.33,16.83,5.30
2019-02-06,30.8,23.4,25.9,86,0.99,17.90,10.90
2019-02-07,29.3,23.1,25.6,89,1.20,13.77,18.90
2019-02-08,30.2,23.2,26.2,86,1.42,19.29,2.70
2019-02-09,30.9,23.8,26.9,83,1.28,20.20,6.00
2019-02-10,30.5,24.2,27.2,84,1.19,20.94,2.80
2019-02-11,31.3,24.1,27.5,80,2.00,23.66,2.50
2019-02-12,31.4,24.1,27.6,79,1.58,21.06,5.50
2019-02-13,31.0,23.3,26.5,84,1.94,17.73,13.30
2019-02-14,30.2,23.3,26.1,85,1.36,17.87,6.30
2019-02-15,30.3,23.1,26.3,84,1.35,20.19,1.60
2019-02-16,30.0,24.1,26.5,84,1.74,17.36,3.90
2019-02-17,27.8,23.2,25.3,88,1.22,12.74,8.10
2019-02-18,29.3,23.4,25.9,88,0.90,13.63,9.00
2019-02-19,30.9,22.9,25.9,86,1.45,18.33,12.50
2019-02-20,30.3,24.0,26.9,83,0.90,18.54,3.60
2019-02-21,29.3,24.4,26.1,87,1.62,17.19,10.00
2019-02-22,29.6,23.3,25.9,86,1.48,14.63,5.00
2019-02-23,29.2,23.2,25.7,87,1.20,18.67,7.40
2019-02-24,30.5,22.9,26.1,83,1.73,21.22,5.90
2019-02-25,30.0,23.2,26.2,80,1.42,14.90,0.10
2019-02-26,30.1,23.4,25.8,85,1.41,17.51,5.70
2019-02-27,27.6,23.3,25.0,87,1.20,10.62,6.50
2019-02-28,29.5,22.5,25.2,87,1.26,16.77,15.90
2019-03-01,28.0,22.7,25.3,86,1.18,13.95,11.60
2019-03-02,30.1,23.2,26.2,84,1.15,18.67,7.70
2019-03-03,28.8,22.8,25.0,88,1.41,14.32,20.90
2019-03-04,27.1,23.0,24.9,88,1.48,12.18,9.50
2019-03-05,29.3,23.1,25.4,87,1.21,16.03,8.50
2019-03-06,26.4,23.3,24.5,90,1.10,8.90,11.40
2019-03-07,28.5,22.3,24.9,88,1.58,13.00,2.40
2019-03-08,29.9,22.7,26.2,85,1.76,18.83,0.90
2019-03-09,30.6,23.5,26.5,84,1.62,19.24,1.90
2019-03-10,31.2,22.9,26.8,79,2.11,21.58,0.70
2019-03-11,29.0,23.7,25.8,87,1.26,13.27,11.00
2019-03-12,29.4,23.4,25.7,88,1.51,14.81,18.70
2019-03-13,28.5,22.7,25.5,88,1.27,15.16,4.00
2019-03-14,29.1,22.9,25.2,89,1.38,14.63,7.50
2019-03-15,29.6,23.0,25.9,85,1.50,18.23,2.30
2019-03-16,30.9,23.1,26.1,85,1.70,19.09,3.70
2019-03-17,30.2,22.7,26.0,86,1.28,18.68,0.90
2019-03-18,31.3,22.7,26.5,81,1.41,20.82,0.50
2019-03-19,29.9,23.7,26.2,84,1.94,17.75,1.30
2019-03-20,30.6,22.7,26.4,85,1.19,20.23,1.10
2019-03-21,30.1,23.3,26.4,84,1.71,20.58,5.00
2019-03-22,29.1,23.4,25.6,90,1.36,15.59,11.60
2019-03-23,28.8,23.7,25.6,89,1.61,15.63,14.70
2019-03-24,29.7,23.4,25.7,88,1.22,16.32,20.20
2019-03-25,28.7,23.3,25.4,88,1.20,14.70,10.40
2019-03-26,27.3,23.6,25.0,91,1.31,11.18,11.30
2019-03-27,30.7,22.9,26.3,85,1.21,20.16,4.00
2019-03-28,30.8,23.3,26.5,85,1.51,18.78,7.60
2019-03-29,30.5,23.3,26.2,85,1.77,18.30,6.00
2019-03-30,30.1,22.8,26.2,86,1.42,18.24,8.30
2019-03-31,29.9,23.4,26.1,87,1.53,17.12,31.40
2019-04-01,27.7,23.4,24.7,92,1.26,8.49,65.70
2019-04-02,30.3,22.9,26.4,83,1.14,20.28,1.90
2019-04-03,30.7,23.4,26.6,84,1.29,19.82,3.20
2019-04-04,29.7,24.3,26.0,86,1.44,13.69,16.50
2019-04-05,26.9,22.9,24.8,85,1.17,8.36,37.00
2019-04-06,30.1,22.6,26.0,82,1.01,20.91,2.80
2019-04-07,29.4,23.1,25.8,87,1.24,16.33,3.00
2019-04-08,30.3,22.8,26.6,84,1.29,18.66,10.60
2019-04-09,29.6,23.3,25.8,88,1.50,14.00,12.00
2019-04-10,29.3,23.2,25.5,89,1.47,15.20,9.60
2019-04-11,30.2,23.5,26.0,87,1.20,15.19,5.80
2019-04-12,30.0,23.7,26.4,86,1.15,17.97,1.90
2019-04-13,30.3,23.6,26.3,86,1.17,18.35,2.00
2019-04-14,30.0,23.2,25.8,88,1.07,16.27,11.90
2019-04-15,30.7,22.9,26.5,81,2.03,21.08,5.00
2019-04-16,31.8,23.3,26.7,83,1.26,22.54,5.20
2019-04-17,30.2,23.5,26.5,85,1.11,18.76,0.30
2019-04-18,30.2,23.4,26.4,87,1.41,19.13,1.20
2019-04-19,28.7,23.8,26.1,87,1.52,14.85,12.40
2019-04-20,29.2,23.6,26.0,88,1.06,14.44,6.70
2019-04-21,30.6,23.2,26.4,85,1.12,18.64,1.40
2019-04-22,29.8,22.9,26.0,88,1.15,18.09,4.80
2019-04-23,30.1,23.3,26.4,85,1.35,18.63,1.00
2019-04-24,30.5,23.8,26.5,84,1.37,18.43,3.00
2019-04-25,31.3,23.8,26.6,85,1.47,19.70,12.60
2019-04-26,31.6,23.6,27.2,79,2.20,22.60,0.20
2019-04-27,31.1,23.8,27.2,79,1.56,19.96,0.10
2019-04-28,29.6,24.1,26.5,84,1.52,12.33,0.70
2019-04-29,29.9,23.3,26.1,86,1.32,16.56,3.20
2019-04-30,29.2,23.5,25.9,87,1.42,16.16,4.00
2019-05-01,28.9,23.5,25.9,88,1.47,15.39,2.80
2019-05-02,29.9,23.3,26.2,86,1.74,16.52,2.10
2019-05-03,31.4,23.1,26.7,81,2.28,19.72,0.50
2019-05-04,31.7,22.4,26.8,76,2.32,21.02,0.10
2019-05-05,32.3,21.6,26.8,73,2.45,23.99,0.00
2019-05-06,32.0,21.4,26.4,75,1.99,21.82,0.10
2019-05-07,32.7,21.7,26.8,74,1.74,22.77,0.00
2019-05-08,32.0,22.5,27.1,77,1.75,20.03,0.10
2019-05-09,31.0,23.6,26.5,83,2.33,15.95,7.40
2019-05-10,31.7,23.0,26.9,83,1.85,18.81,0.60
2019-05-11,32.6,22.6,27.6,78,2.20,21.54,0.10
2019-05-12,31.0,23.8,27.0,83,1.36,18.30,2.70
2019-05-13,29.8,24.0,26.4,87,1.14,14.67,3.30
2019-05-14,29.7,23.5,26.4,86,1.35,16.81,2.90
2019-05-15,29.2,23.8,25.8,87,1.40,14.80,8.40
2019-05-16,28.9,23.1,25.1,89,1.33,14.30,14.20
2019-05-17,29.8,22.9,25.7,84,1.64,15.00,3.80
2019-05-18,30.4,23.2,26.1,85,1.43,15.21,14.00
2019-05-19,29.6,23.9,25.8,88,1.60,15.22,6.70
2019-05-20,30.7,22.7,26.4,84,1.97,17.63,1.90
2019-05-21,30.8,23.5,27.0,81,1.59,19.10,1.00
2019-05-22,31.3,23.4,26.5,85,1.49,18.31,1.60
2019-05-23,30.5,23.0,26.2,84,1.57,18.96,0.20
2019-05-24,30.8,22.9,26.5,83,1.70,19.94,0.90
2019-05-25,31.7,23.0,26.8,80,1.74,20.24,0.30
2019-05-26,31.7,22.8,27.0,79,1.88,19.61,0.60
2019-05-27,31.8,23.3,27.1,77,2.00,19.25,0.40
2019-05-28,31.2,22.0,26.4,79,2.15,19.95,0.20
2019-05-29,32.9,23.3,27.4,74,2.21,19.75,0.10
2019-05-30,31.1,23.7,26.9,80,1.62,18.41,0.90
2019-05-31,31.1,22.7,26.7,81,1.70,18.10,0.20
2019-06-01,31.1,23.0,27.0,78,1.50,19.15,0.60
2019-06-02,32.3,23.6,27.1,75,1.68,20.16,0.00
2019-06-03,32.2,22.9,27.0,77,1.44,19.79,0.10
2019-06-04,32.6,23.2,27.3,74,1.94,20.38,0.20
2019-06-05,33.7,22.6,27.3,71,2.11,20.26,0.00
2019-06-06,31.9,22.8,26.8,70,2.19,18.07,0.40
2019-06-07,32.6,22.5,27.2,65,3.06,20.37,0.00
2019-06-08,33.4,22.4,27.4,61,3.03,21.89,0.00
2019-06-09,33.4,22.6,27.5,64,2.43,19.96,0.00
2019-06-10,33.3,22.7,27.6,64,2.52,19.56,0.00
2019-06-11,33.1,23.4,27.8,61,3.04,20.12,0.00
2019-06-12,33.1,22.1,27.4,61,2.87,20.19,0.00
2019-06-13,32.3,22.7,27.3,68,2.39,17.41,0.30
2019-06-14,32.6,22.6,27.4,65,3.00,17.43,0.00
2019-06-15,32.9,23.7,27.9,57,3.14,21.36,0.00
2019-06-16,33.2,23.3,27.4,59,2.88,20.69,0.00
2019-06-17,34.1,21.7,27.2,61,2.67,21.34,0.00
2019-06-18,31.5,23.0,26.9,65,2.65,15.06,0.10
2019-06-19,32.3,23.9,27.4,66,2.51,17.22,0.00
2019-06-20,33.8,22.6,27.6,61,2.40,22.06,0.00
2019-06-21,32.8,22.9,27.2,61,3.39,19.84,0.00
2019-06-22,33.0,20.7,26.4,62,2.76,22.19,0.00
2019-06-23,32.9,20.4,26.3,58,2.67,21.71,0.00
2019-06-24,32.3,20.5,26.4,62,2.58,18.13,0.00
2019-06-25,32.4,21.8,26.7,65,2.29,17.76,0.00
2019-06-26,33.9,21.4,27.3,60,2.48,21.38,0.00
2019-06-27,33.6,21.5,27.2,58,3.14,22.26,0.00
2019-06-28,33.9,20.9,27.1,61,2.90,20.91,0.00
2019-06-29,34.1,21.7,27.5,57,2.91,22.22,0.00
2019-06-30,34.2,22.5,27.6,55,3.16,19.97,0.00
2019-07-01,34.5,22.2,28.0,57,3.00,20.47,0.00
2019-07-02,33.6,21.9,27.7,57,2.70,19.90,0.00
2019-07-03,32.9,21.8,27.4,68,2.15,18.90,0.00
2019-07-04,33.1,23.5,27.9,68,2.05,19.61,0.20
2019-07-05,33.2,23.4,28.0,69,1.65,19.36,0.30
2019-07-06,32.4,23.1,27.8,71,1.42,18.83,0.10
2019-07-07,28.9,23.5,26.3,81,1.05,13.72,8.00
2019-07-08,29.4,22.3,25.3,85,1.67,15.27,9.10
2019-07-09,31.4,22.2,26.0,71,2.91,20.24,0.20
2019-07-10,30.5,21.0,25.7,66,2.89,18.87,0.10
2019-07-11,31.7,21.4,26.1,66,2.73,19.34,0.00
2019-07-12,31.7,21.5,26.4,66,2.57,19.58,0.00
2019-07-13,32.0,22.4,27.0,66,2.61,20.69,0.30
2019-07-14,32.3,21.6,26.8,64,2.59,21.95,0.00
2019-07-15,33.3,20.7,26.6,64,2.18,21.81,0.00
2019-07-16,31.1,22.3,26.6,72,1.50,18.16,0.30
2019-07-17,32.2,22.7,27.1,71,1.66,19.54,0.00
2019-07-18,32.3,21.7,26.3,66,2.19,18.86,0.80
2019-07-19,32.3,19.9,26.2,56,3.06,22.42,0.00
2019-07-20,32.5,21.6,26.8,54,3.71,20.28,0.00
2019-07-21,31.6,22.4,26.7,57,3.32,18.02,0.00
2019-07-22,33.1,21.9,27.1,57,3.14,22.79,0.00
2019-07-23,32.9,21.4,26.7,56,3.30,20.92,0.00
2019-07-24,33.3,21.4,26.9,63,2.39,20.66,0.00
2019-07-25,33.2,22.1,27.6,56,2.53,19.23,0.00
2019-07-26,34.3,22.6,27.8,50,3.14,23.30,0.00
2019-07-27,33.2,21.4,27.0,53,2.79,21.68,0.00
2019-07-28,32.9,22.1,26.9,59,2.10,17.97,0.00
2019-07-29,33.7,22.2,27.4,57,2.26,20.85,0.00
2019-07-30,34.5,22.1,27.7,53,2.07,23.40,0.00
2019-07-31,34.5,21.3,27.5,51,2.59,23.21,0.00
2019-08-01,33.2,21.7,27.5,60,2.26,21.10,0.20
2019-08-02,34.8,23.3,28.4,55,2.63,22.26,0.00
2019-08-03,35.1,22.3,28.1,57,2.13,21.99,0.00
2019-08-04,33.7,22.0,27.7,61,2.10,19.54,0.10
2019-08-05,34.6,22.2,28.2,57,2.80,21.25,0.10
2019-08-06,34.4,23.2,28.5,43,3.76,20.02,0.00
2019-08-07,32.6,23.2,27.7,45,3.09,17.73,0.00
2019-08-08,34.5,21.8,27.8,47,2.81,21.95,0.00
2019-08-09,34.8,21.4,28.2,46,2.87,23.23,0.00
2019-08-10,34.9,21.6,28.0,42,2.79,24.23,0.00
2019-08-11,35.5,20.9,28.1,44,3.16,23.81,0.00
2019-08-12,35.5,21.4,28.7,48,2.53,21.05,0.00
2019-08-13,35.9,22.2,29.3,48,2.69,21.93,0.00
2019-08-14,36.1,24.3,29.4,48,2.91,20.39,0.00
2019-08-15,34.7,23.6,28.9,54,3.20,21.91,0.20
2019-08-16,34.8,25.1,29.2,38,3.67,22.40,0.00
2019-08-17,35.0,21.4,28.3,38,3.01,24.21,0.00
2019-08-18,35.6,21.6,28.4,50,2.33,23.19,0.00
2019-08-19,35.4,21.8,28.5,52,2.01,22.61,0.00
2019-08-20,34.5,23.1,28.7,55,2.27,22.26,0.10
2019-08-21,33.2,23.6,28.2,62,2.51,19.00,0.00
2019-08-22,34.0,23.5,28.6,61,2.45,19.89,0.10
2019-08-23,33.7,23.2,28.2,62,2.23,21.06,0.20
2019-08-24,35.5,23.3,28.7,55,2.57,22.46,0.00
2019-08-25,35.1,23.7,28.8,56,2.94,22.31,0.00
2019-08-26,36.1,22.6,29.1,51,2.94,24.35,0.00
2019-08-27,35.9,21.8,28.9,42,2.74,24.38,0.00
2019-08-28,35.8,22.4,29.2,47,2.65,23.82,0.00
2019-08-29,35.5,22.2,29.1,47,2.20,23.51,0.00
2019-08-30,35.5,23.2,29.1,50,2.58,22.37,0.10
2019-08-31,36.0,23.2,29.4,51,2.58,22.38,0.00
2019-09-01,34.8,23.4,29.1,54,2.00,21.03,0.10
2019-09-02,35.1,24.3,29.6,58,2.53,22.06,0.00
2019-09-03,35.7,24.5,30.0,60,2.55,21.86,0.00
2019-09-04,34.8,25.1,29.7,61,2.48,20.79,0.00
2019-09-05,33.8,25.1,29.5,60,2.34,19.84,0.00
2019-09-06,34.3,25.2,29.5,58,2.89,20.68,0.10
2019-09-07,35.3,23.4,29.0,56,2.52,22.49,0.20
2019-09-08,36.1,22.6,29.2,46,2.62,24.33,0.00
2019-09-09,35.5,23.8,29.3,50,2.19,21.46,0.10
2019-09-10,36.0,23.4,29.4,54,2.54,22.55,0.10
2019-09-11,35.6,23.5,29.4,53,2.30,23.00,0.00
2019-09-12,35.3,23.9,29.2,57,2.51,23.20,0.00
2019-09-13,34.9,24.5,29.5,58,2.41,22.91,0.00
2019-09-14,33.3,25.1,28.8,66,2.00,18.44,0.10
2019-09-15,35.0,24.5,29.3,59,2.11,22.76,0.10
2019-09-16,35.6,23.9,29.5,56,2.49,22.54,0.20
2019-09-17,34.1,24.4,29.0,61,2.69,20.35,0.70
2019-09-18,35.3,24.7,29.4,59,2.60,22.10,0.00
2019-09-19,36.5,24.9,30.3,56,2.84,22.47,0.00
2019-09-20,36.8,25.0,30.4,52,2.50,23.24,0.00
2019-09-21,37.0,25.6,30.6,52,2.44,23.17,0.00
2019-09-22,34.1,25.3,29.4,55,2.21,20.27,0.10
2019-09-23,33.2,25.2,28.9,63,1.82,18.71,1.20
2019-09-24,34.4,24.8,29.1,61,2.88,20.43,0.50
2019-09-25,32.9,24.5,28.8,64,2.32,18.83,0.40
2019-09-26,34.1,24.6,29.2,60,1.99,21.89,0.00
2019-09-27,35.7,24.4,29.8,57,2.01,21.46,0.00
2019-09-28,35.5,25.6,30.2,56,2.96,22.55,0.00
2019-09-29,34.8,25.7,29.7,57,2.29,21.55,0.00
2019-09-30,34.3,23.8,28.9,63,1.90,21.67,0.00
2019-10-01,34.4,24.9,28.3,69,1.96,18.59,1.50
2019-10-02,31.9,23.8,27.0,75,1.78,14.52,6.50
2019-10-03,32.8,23.5,27.9,72,1.68,20.63,0.50
2019-10-04,31.8,24.6,27.9,69,1.81,16.65,0.20
2019-10-05,32.6,24.6,27.8,69,2.31,19.01,0.90
2019-10-06,31.5,23.8,27.9,69,1.15,19.13,1.00
2019-10-07,32.5,24.5,28.4,67,2.18,19.57,0.90
2019-10-08,33.0,24.2,28.6,64,2.62,20.39,1.00
2019-10-09,32.9,24.7,28.7,62,2.46,21.28,0.60
2019-10-10,35.6,24.6,29.5,55,2.26,21.09,0.00
2019-10-11,35.0,25.0,29.4,56,2.41,22.31,0.20
2019-10-12,35.6,25.1,30.0,56,2.51,22.46,0.20
2019-10-13,35.1,25.2,29.7,57,1.80,20.07,1.40
2019-10-14,33.4,24.8,28.6,69,1.71,18.69,1.00
2019-10-15,32.4,24.7,28.3,70,1.87,18.49,0.10
2019-10-16,30.3,24.6,26.9,77,1.43,15.02,1.20
2019-10-17,32.4,24.6,28.0,72,1.49,19.57,0.30
2019-10-18,32.1,24.3,28.1,70,1.35,19.16,0.90
2019-10-19,34.0,24.4,28.7,66,1.85,22.04,0.50
2019-10-20,32.5,24.4,28.1,70,2.25,16.89,0.40
2019-10-21,33.6,24.4,28.5,68,1.72,19.71,1.20
2019-10-22,27.9,23.6,25.5,84,0.78,9.82,17.50
2019-10-23,33.2,23.5,27.9,74,1.83,21.10,0.50
2019-10-24,33.7,23.9,28.7,70,1.33,21.85,0.10
2019-10-25,32.6,24.4,27.9,75,1.52,18.65,7.20
2019-10-26,32.8,24.4,28.5,71,2.06,19.13,0.60
2019-10-27,34.8,24.6,29.2,65,2.31,19.13,0.00
2019-10-28,35.3,23.9,29.5,59,1.86,21.49,0.00
2019-10-29,32.7,25.5,29.0,63,1.57,16.39,0.00
2019-10-30,33.0,25.1,28.6,67,1.71,18.47,0.80
2019-10-31,33.5,25.4,29.2,60,1.90,18.00,0.40
2019-11-01,35.0,24.6,29.4,58,1.65,22.32,0.00
2019-11-02,34.8,24.5,29.8,57,1.54,22.15,0.00
2019-11-03,32.8,25.9,29.1,64,1.42,18.62,1.20
2019-11-04,33.7,24.8,28.7,68,2.21,17.86,0.60
2019-11-05,34.5,24.7,29.3,64,2.22,21.37,0.20
2019-11-06,32.8,25.8,28.5,69,1.23,15.72,0.80
2019-11-07,32.4,24.7,28.3,74,1.26,17.60,0.40
2019-11-08,30.3,25.3,27.3,79,1.41,14.94,5.00
2019-11-09,31.1,24.2,26.9,79,1.38,14.61,1.00
2019-11-10,31.9,23.9,27.9,70,1.59,16.88,0.80
2019-11-11,33.3,24.4,28.6,71,1.32,19.52,0.60
2019-11-12,32.5,24.9,28.2,73,1.45,18.37,0.50
2019-11-13,32.5,24.6,28.5,70,1.80,18.77,0.90
2019-11-14,34.2,24.6,28.9,70,1.82,20.89,0.10
2019-11-15,33.0,25.0,28.8,67,1.57,20.17,0.50
2019-11-16,33.2,24.7,28.7,70,1.43,18.63,0.60
2019-11-17,33.1,25.3,28.7,65,1.79,17.95,1.90
2019-11-18,32.1,24.2,27.1,77,0.96,17.04,11.70
2019-11-19,30.7,23.3,26.2,84,1.17,15.24,10.40
2019-11-20,32.1,24.0,27.5,78,1.73,19.12,6.60
2019-11-21,27.4,24.0,25.5,89,1.69,10.30,15.50
2019-11-22,31.0,23.4,26.8,78,1.38,17.17,1.90
2019-11-23,30.3,23.8,26.5,81,1.45,17.43,3.00
2019-11-24,31.6,23.4,27.4,79,0.98,18.05,0.10
2019-11-25,32.2,24.5,28.0,77,1.59,18.44,1.30
2019-11-26,31.1,24.0,27.3,77,2.11,13.66,4.80
2019-11-27,32.2,24.3,27.5,74,2.10,20.12,0.70
2019-11-28,32.2,24.4,28.1,74,1.61,18.66,1.50
2019-11-29,33.0,24.0,27.9,76,1.06,19.66,1.50
2019-11-30,32.7,24.5,28.3,75,1.28,19.05,0.90
2019-12-01,32.9,24.9,28.3,69,1.96,17.45,0.10
2019-12-02,32.8,23.1,28.0,69,1.43,17.24,0.00
2019-12-03,32.6,24.2,28.3,70,1.30,19.44,0.40
2019-12-04,32.5,24.2,28.0,72,1.77,18.76,2.20
2019-12-05,31.4,23.2,26.6,83,1.57,19.06,1.90
2019-12-06,31.9,24.0,27.6,74,1.47,18.44,3.80
2019-12-07,33.2,24.7,28.7,70,0.83,22.74,0.00
2019-12-08,32.0,25.0,28.2,72,1.47,19.14,0.60
2019-12-09,31.6,23.8,26.7,77,2.02,15.14,11.90
2019-12-10,32.3,22.9,27.4,72,2.12,20.42,0.90
2019-12-11,30.7,23.4,26.8,77,1.30,18.45,3.50
2019-12-12,32.0,23.9,27.3,76,1.36,18.72,2.70
2019-12-13,31.2,23.2,26.5,82,1.43,15.88,15.80
2019-12-14,30.8,23.2,26.8,83,1.22,18.12,18.30
2019-12-15,31.4,23.9,27.6,79,1.14,16.98,0.50
2019-12-16,32.6,24.1,28.0,73,2.26,19.79,0.10
2019-12-17,31.9,24.6,27.5,76,2.02,17.33,2.00
2019-12-18,32.3,23.3,27.0,81,1.59,18.56,2.50
2019-12-19,31.9,24.4,28.0,75,1.87,17.49,0.50
2019-12-20,31.8,24.2,27.8,77,1.42,17.10,1.30
2019-12-21,33.0,24.5,28.7,72,1.46,19.99,1.10
2019-12-22,33.5,24.9,28.9,69,1.92,18.33,0.60
2019-12-23,33.3,24.8,28.9,71,1.46,21.18,0.10
2019-12-24,34.1,24.9,29.0,69,1.65,21.11,0.80
2019-12-25,32.0,25.4,28.5,75,1.38,17.00,0.60
2019-12-26,30.6,25.5,27.1,83,1.93,15.48,8.30
2019-12-27,31.9,23.8,27.8,79,1.46,19.08,0.70
2019-12-28,32.7,24.5,28.4,71,2.12,18.67,0.60
2019-12-29,29.6,24.3,26.4,85,1.42,12.94,16.70
2019-12-30,29.4,23.9,25.6,88,1.53,11.68,37.30
2019-12-31,27.3,22.9,24.7,89,1.36,8.15,30.20
2020-01-01,29.8,23.3,26.0,82,1.42,14.57,0.20
2020-01-02,28.6,23.2,25.5,85,1.45,12.47,10.70
2020-01-03,29.3,23.6,25.8,86,1.38,15.47,10.60
2020-01-04,25.6,23.4,24.2,92,1.13,5.21,46.00
2020-01-05,30.3,22.8,26.1,84,1.31,18.20,2.30
2020-01-06,26.2,23.3,24.6,91,1.33,6.41,38.50
2020-01-07,28.6,23.4,25.5,87,1.11,13.72,3.70
2020-01-08,29.8,23.5,26.3,84,1.29,18.33,8.10
2020-01-09,29.7,23.0,26.0,85,1.39,16.39,1.50
2020-01-10,30.4,23.1,26.4,84,1.20,21.19,2.40
2020-01-11,28.6,23.5,25.8,86,1.64,14.01,18.50
2020-01-12,29.0,23.0,25.1,88,1.30,14.55,9.70
2020-01-13,29.7,22.9,25.4,87,1.06,15.20,5.90
2020-01-14,28.0,23.0,25.4,87,1.09,14.03,2.40
2020-01-15,30.2,23.4,26.2,85,1.60,17.77,11.40
2020-01-16,30.2,23.2,26.8,83,1.47,18.10,0.60
2020-01-17,31.1,23.6,27.2,83,1.51,20.90,2.50
2020-01-18,29.5,23.9,26.7,86,1.50,17.25,2.60
2020-01-19,30.1,23.7,26.3,84,1.98,17.47,17.30
2020-01-20,29.8,23.3,26.4,82,1.34,14.65,0.50
2020-01-21,29.0,23.8,26.1,84,1.98,14.22,2.20
2020-01-22,29.5,23.9,26.4,83,1.56,14.81,4.90
2020-01-23,29.1,23.9,25.7,88,1.46,13.78,13.10
2020-01-24,31.1,23.8,26.7,83,1.81,17.53,4.50
2020-01-25,32.2,24.2,27.8,80,1.85,20.19,3.10
2020-01-26,31.6,24.3,27.3,84,1.84,21.68,3.60
2020-01-27,28.0,23.8,25.5,89,1.31,11.28,15.60
2020-01-28,29.5,23.9,26.2,85,1.56,15.76,5.40
2020-01-29,31.0,23.7,26.3,86,1.26,19.58,14.00
2020-01-30,30.6,23.6,27.0,84,1.27,19.66,4.00
2020-01-31,31.1,23.8,27.0,80,1.90,19.84,3.90
2020-02-01,31.4,23.3,26.9,81,1.73,19.20,1.50
2020-02-02,30.4,23.7,26.7,83,1.41,21.45,2.60
2020-02-03,30.3,23.5,26.2,83,1.74,17.49,6.80
2020-02-04,29.1,23.2,25.7,86,1.42,15.26,8.00
2020-02-05,28.0,23.3,25.2,88,1.33,12.68,13.90
2020-02-06,29.8,22.9,25.9,81,1.89,17.51,29.60
2020-02-07,29.5,23.9,26.0,84,1.34,17.61,18.40
2020-02-08,28.0,23.2,25.1,88,1.43,9.92,19.90
2020-02-09,29.0,23.2,25.9,85,0.86,14.08,5.70
2020-02-10,30.3,23.2,26.5,84,1.22,18.78,3.70
2020-02-11,30.5,23.9,26.3,86,1.58,17.33,6.80
2020-02-12,30.6,23.7,26.5,85,1.32,20.66,10.80
2020-02-13,30.6,23.9,26.7,84,1.32,20.69,3.10
2020-02-14,31.0,23.7,27.1,82,1.63,20.54,2.10
2020-02-15,29.2,23.5,25.8,83,1.39,13.83,9.80
2020-02-16,30.5,24.0,26.6,82,1.48,21.40,2.30
2020-02-17,30.7,23.3,26.9,85,1.29,21.20,5.00
2020-02-18,31.4,23.6,27.4,80,1.90,22.03,0.60
2020-02-19,29.1,24.3,25.7,89,1.34,10.79,28.10
2020-02-20,29.1,23.9,25.9,88,1.43,14.21,8.00
2020-02-21,29.8,23.7,25.8,88,1.12,18.05,8.10
2020-02-22,30.0,23.3,26.0,85,1.15,18.17,4.00
2020-02-23,31.8,23.2,27.1,79,2.27,22.63,3.20
2020-02-24,31.1,23.9,27.2,79,1.80,21.15,1.20
2020-02-25,30.1,24.0,26.3,87,1.35,17.48,19.90
2020-02-26,29.8,23.8,26.5,85,0.95,17.50,2.80
2020-02-27,29.4,23.6,26.4,86,1.63,16.77,7.40
2020-02-28,31.4,23.9,27.0,81,1.83,21.61,2.80
2020-02-29,30.6,23.6,26.5,83,1.52,19.96,9.10
2020-03-01,29.9,23.7,26.1,86,1.23,17.33,34.30
2020-03-02,29.5,23.7,26.1,86,1.42,16.70,14.50
2020-03-03,27.7,23.4,25.2,89,1.33,11.65,20.90
2020-03-04,29.7,24.3,26.3,84,1.03,16.68,3.90
2020-03-05,28.7,23.8,25.7,88,1.42,13.52,4.80
2020-03-06,28.9,23.4,25.7,88,1.35,15.39,19.20
2020-03-07,30.6,23.7,26.2,86,1.07,18.19,8.10
2020-03-08,29.4,23.6,26.2,87,1.37,14.72,43.40
2020-03-09,29.4,23.6,25.9,88,1.36,14.67,24.00
2020-03-10,29.6,23.7,25.7,87,1.67,16.09,14.60
2020-03-11,30.6,23.2,26.3,85,1.48,22.10,4.40
2020-03-12,29.2,23.8,26.4,85,1.11,17.14,4.10
2020-03-13,30.4,23.9,26.4,85,1.50,18.41,13.80
2020-03-14,30.0,23.5,26.3,85,1.25,19.31,17.90
2020-03-15,27.1,23.7,24.7,92,1.66,7.70,25.90
2020-03-16,28.9,23.0,25.1,87,1.59,11.73,13.00
2020-03-17,31.7,22.3,26.7,80,1.49,23.79,0.00
2020-03-18,31.7,23.5,27.4,79,1.38,24.52,11.00
2020-03-19,28.2,24.1,25.6,90,1.25,13.42,13.00
2020-03-20,27.3,23.2,24.9,89,2.18,13.13,15.80
2020-03-21,28.1,23.5,25.3,88,0.84,12.04,11.90
2020-03-22,30.4,23.0,26.1,85,1.07,20.85,5.70
2020-03-23,31.3,23.0,26.9,83,1.03,24.01,2.10
2020-03-24,30.6,23.8,26.3,86,1.56,16.68,13.10
2020-03-25,28.2,23.3,25.5,88,1.26,11.43,4.80
2020-03-26,30.9,22.9,26.8,81,1.61,22.58,0.20
2020-03-27,30.9,23.6,26.4,84,1.70,20.19,6.00
2020-03-28,31.7,23.1,26.9,81,2.51,21.91,0.60
2020-03-29,32.8,23.3,27.6,77,2.53,24.80,2.20
2020-03-30,31.8,23.6,27.2,80,1.84,22.64,3.80
2020-03-31,31.4,23.6,26.5,87,1.34,19.29,21.70
2020-04-01,31.4,24.0,26.7,85,2.11,19.28,5.80
2020-04-02,31.9,24.0,27.3,82,2.13,19.09,1.10
2020-04-03,31.1,24.2,26.8,85,1.50,19.96,13.10
2020-04-04,30.7,23.5,26.9,84,1.00,18.29,0.20
2020-04-05,31.4,24.4,27.6,82,1.99,19.77,1.30
2020-04-06,31.1,24.2,27.3,83,2.11,19.63,0.00
2020-04-07,32.1,24.0,27.7,80,2.04,22.55,0.40
2020-04-08,31.6,24.5,27.4,84,1.36,20.28,3.10
2020-04-09,30.7,23.7,26.5,86,1.14,15.74,6.20
2020-04-10,30.8,23.8,26.9,84,1.27,19.94,1.10
2020-04-11,30.9,24.1,27.1,82,1.41,18.45,3.80
2020-04-12,28.4,24.3,25.9,87,1.12,10.70,3.90
2020-04-13,28.9,23.7,25.6,89,1.25,15.44,23.00
2020-04-14,24.4,23.4,23.8,94,1.43,3.45,116.00
2020-04-15,28.5,22.9,25.1,86,1.20,14.08,6.70
2020-04-16,31.0,22.4,26.5,82,1.16,22.60,4.10
2020-04-17,28.9,23.1,25.3,88,0.98,13.99,10.80
2020-04-18,29.3,22.9,26.0,84,1.06,17.78,0.80
2020-04-19,30.9,23.3,26.7,79,1.53,20.17,1.00
2020-04-20,28.5,23.4,25.7,87,1.11,13.86,22.60
2020-04-21,27.0,23.7,25.1,89,1.01,10.40,11.40
2020-04-22,28.1,22.3,25.4,87,0.93,12.11,0.50
2020-04-23,29.5,22.9,25.6,87,1.09,18.16,2.70
2020-04-24,28.9,23.2,25.7,88,1.23,13.52,5.50
2020-04-25,29.0,23.2,25.5,87,1.90,15.34,3.20
2020-04-26,30.3,22.7,26.4,80,2.54,20.51,0.30
2020-04-27,31.2,21.8,26.2,80,2.09,20.23,2.80
2020-04-28,30.5,23.2,26.6,80,2.54,20.26,1.00
2020-04-29,30.5,22.9,26.6,76,2.82,19.44,0.00
2020-04-30,31.6,22.6,26.8,73,2.08,21.38,0.00
2020-05-01,29.7,24.5,26.3,84,1.80,11.87,2.90
2020-05-02,31.1,24.1,27.3,79,1.82,18.35,0.20
2020-05-03,31.8,23.3,27.3,78,1.92,20.77,0.40
2020-05-04,31.9,23.3,27.4,79,1.68,21.10,0.30
2020-05-05,31.9,24.2,27.7,74,2.67,20.37,0.00
2020-05-06,32.2,23.6,27.7,73,2.66,20.67,0.00
2020-05-07,32.3,23.5,27.8,72,2.17,21.52,0.20
2020-05-08,31.2,23.4,27.3,77,1.17,18.87,0.00
2020-05-09,32.2,23.6,27.6,79,1.78,20.25,1.20
2020-05-10,30.5,24.1,27.0,74,2.85,17.89,0.00
2020-05-11,31.9,22.8,26.9,69,2.45,21.60,0.00
2020-05-12,32.5,22.5,27.2,67,2.63,22.84,0.00
2020-05-13,32.6,22.6,27.4,69,2.31,20.43,0.00
2020-05-14,33.1,22.6,27.7,72,1.73,20.77,0.20
2020-05-15,32.5,24.5,28.0,74,1.85,18.81,1.90
2020-05-16,30.9,24.3,27.2,79,1.44,17.29,0.70
2020-05-17,32.1,23.5,27.5,76,2.00,20.03,0.20
2020-05-18,31.7,24.0,27.4,77,1.90,18.45,0.20
2020-05-19,31.2,23.8,26.8,82,1.82,17.79,3.90
2020-05-20,32.0,23.4,27.4,75,2.25,18.35,0.20
2020-05-21,31.4,23.7,27.1,71,2.74,15.81,0.60
2020-05-22,32.2,24.9,27.9,72,2.45,20.12,1.40
2020-05-23,32.2,24.3,27.9,72,2.02,19.86,0.20
2020-05-24,31.6,23.1,27.3,73,1.74,16.51,0.00
2020-05-25,30.9,23.7,26.9,79,1.41,17.22,2.10
2020-05-26,29.0,23.7,25.7,86,1.14,11.83,3.10
2020-05-27,30.5,22.9,26.6,82,1.04,18.81,0.50
2020-05-28,31.0,23.8,27.0,80,1.49,18.37,0.60
2020-05-29,30.9,23.5,26.6,82,2.01,18.34,3.30
2020-05-30,31.4,23.5,26.5,77,1.93,15.50,0.00
2020-05-31,32.1,23.0,26.7,71,2.16,18.13,0.00
2020-06-01,30.6,23.7,26.7,77,1.85,18.26,1.60
2020-06-02,30.4,23.3,26.3,83,1.38,16.25,3.70
2020-06-03,31.3,22.7,26.8,79,2.26,19.53,0.20
2020-06-04,30.9,22.8,26.7,80,2.00,18.27,0.40
2020-06-05,31.1,24.1,27.0,78,1.89,18.61,0.30
2020-06-06,32.4,22.1,26.9,71,2.47,21.32,0.00
2020-06-07,32.0,21.3,26.5,68,2.27,20.19,0.00
2020-06-08,33.0,21.7,26.9,68,1.79,21.86,0.00
2020-06-09,32.2,23.7,27.4,68,2.05,19.40,0.20
2020-06-10,31.6,23.0,26.9,76,1.98,19.03,0.30
2020-06-11,32.3,22.5,27.1,72,2.43,20.09,0.30
2020-06-12,32.8,22.5,27.2,68,2.45,19.84,0.00
2020-06-13,33.3,22.1,27.2,65,2.36,19.37,0.00
2020-06-14,33.4,21.2,27.2,63,2.41,21.13,0.00
2020-06-15,32.5,23.3,27.5,61,2.95,18.48,0.00
2020-06-16,32.6,22.2,27.1,63,2.85,19.23,0.00
2020-06-17,32.5,23.0,27.1,61,3.06,19.87,0.00
2020-06-18,32.4,22.5,26.6,59,2.79,21.70,0.00
2020-06-19,31.0,20.0,25.2,63,2.70,16.60,0.00
2020-06-20,32.5,21.6,26.6,67,2.53,18.00,0.00
2020-06-21,32.6,22.1,26.6,59,2.81,21.96,0.00
2020-06-22,32.3,20.7,26.0,58,2.84,20.14,0.00
2020-06-23,32.4,19.7,25.5,63,2.19,22.03,0.00
2020-06-24,30.9,21.5,26.3,66,2.60,16.25,0.00
2020-06-25,33.2,22.2,27.2,63,2.20,21.76,0.00
2020-06-26,32.3,21.8,26.7,66,2.11,17.84,0.20
2020-06-27,33.3,22.1,27.4,62,2.12,20.51,0.00
2020-06-28,33.7,22.2,27.4,61,2.24,17.15,0.10
2020-06-29,33.4,22.1,27.1,59,2.86,20.03,0.00
2020-06-30,31.8,21.5,26.2,62,2.23,16.73,0.00
2020-07-01,33.5,21.4,26.9,64,1.23,21.75,0.00
2020-07-02,33.7,21.9,27.4,62,1.51,20.61,0.00
2020-07-03,32.6,21.9,27.1,66,1.77,20.60,0.40
2020-07-04,34.0,21.6,27.6,60,2.73,22.00,0.00
2020-07-05,33.2,21.5,27.0,57,2.91,22.23,0.00
2020-07-06,33.7,20.9,27.1,58,2.63,19.65,0.00
2020-07-07,31.8,22.7,27.0,64,2.08,17.28,0.10
2020-07-08,33.5,21.4,27.0,60,1.53,22.13,0.00
2020-07-09,34.9,20.9,27.4,51,2.24,22.57,0.00
2020-07-10,33.8,21.3,27.5,57,2.88,21.01,0.00
2020-07-11,31.5,22.8,27.2,68,2.38,17.94,0.60
2020-07-12,33.9,22.6,27.8,60,2.22,21.33,0.00
2020-07-13,33.2,21.8,27.3,61,1.84,20.40,0.20
2020-07-14,33.2,22.4,27.3,59,1.57,19.22,0.10
2020-07-15,33.9,21.4,27.3,59,2.30,20.37,0.00
2020-07-16,33.7,22.2,27.5,58,2.76,21.22,0.00
2020-07-17,34.2,21.2,27.3,54,2.87,22.62,0.00
2020-07-18,34.2,21.3,27.4,50,2.94,22.83,0.00
2020-07-19,33.7,21.5,27.3,53,2.91,20.49,0.00
2020-07-20,34.4,21.4,27.6,51,2.69,21.18,0.00
2020-07-21,33.7,21.8,27.6,53,2.60,18.57,0.00
2020-07-22,34.4,21.7,27.9,50,2.76,19.90,0.00
2020-07-23,34.3,22.1,28.0,49,2.97,22.10,0.00
2020-07-24,34.0,22.0,27.6,51,2.78,23.00,0.00
2020-07-25,34.7,20.5,27.2,49,2.44,23.32,0.00
2020-07-26,34.6,20.9,27.4,44,2.43,23.39,0.00
2020-07-27,34.3,19.8,26.9,44,2.64,23.77,0.00
2020-07-28,34.1,19.4,26.9,50,2.71,23.62,0.00
2020-07-29,34.6,21.0,27.7,50,2.08,21.30,0.00
2020-07-30,35.0,22.4,28.8,46,2.14,18.00,0.00
2020-07-31,34.9,23.2,28.8,40,2.84,23.35,0.00
2020-08-01,34.7,20.6,27.5,43,2.62,23.04,0.00
2020-08-02,34.8,21.9,27.9,51,2.62,20.47,0.00
2020-08-03,35.2,21.9,28.5,50,2.43,21.64,0.00
2020-08-04,35.1,22.9,28.9,39,2.95,23.65,0.00
2020-08-05,34.5,22.7,28.3,39,2.95,23.57,0.00
2020-08-06,34.5,22.0,28.0,39,3.08,23.85,0.00
2020-08-07,34.5,21.1,27.7,43,2.75,23.97,0.00
2020-08-08,34.8,20.9,27.7,43,2.35,24.04,0.00
2020-08-09,35.4,20.1,28.1,45,1.98,24.12,0.00
2020-08-10,35.4,22.3,28.7,48,2.08,20.07,0.00
2020-08-11,35.7,23.1,29.1,47,2.64,23.68,0.00
2020-08-12,36.0,22.8,29.2,45,2.81,23.86,0.00
2020-08-13,36.1,21.5,28.6,45,2.51,23.41,0.00
2020-08-14,35.5,21.9,28.4,47,2.94,24.16,0.00
2020-08-15,35.6,22.3,28.9,47,3.05,24.20,0.00
2020-08-16,36.3,22.5,29.3,48,2.62,24.15,0.00
2020-08-17,37.1,22.0,29.6,45,2.60,24.44,0.00
2020-08-18,36.4,23.6,29.4,48,2.52,21.43,0.10
2020-08-19,36.1,25.3,29.9,45,2.42,23.40,0.00
2020-08-20,37.0,22.3,29.8,46,1.93,24.33,0.00
2020-08-21,36.6,23.3,29.9,49,2.03,21.05,0.00
2020-08-22,33.7,24.1,29.4,55,1.90,20.88,0.00
2020-08-23,34.3,24.9,29.4,57,1.71,19.91,0.30
2020-08-24,34.1,24.8,29.3,56,2.15,20.45,0.00
2020-08-25,33.3,24.0,28.5,60,1.64,20.96,0.20
2020-08-26,34.9,23.9,29.4,55,1.85,22.84,0.20
2020-08-27,33.2,25.1,29.2,62,1.55,19.86,0.80
2020-08-28,34.0,25.5,29.5,59,1.91,20.74,0.00
2020-08-29,33.7,23.5,28.3,59,2.32,21.73,0.00
2020-08-30,36.0,22.3,29.2,49,2.95,23.72,0.00
2020-08-31,35.7,24.9,29.6,47,2.85,21.67,0.10
2020-09-01,36.3,22.0,29.0,42,2.53,24.53,0.00
2020-09-02,36.3,22.6,29.3,41,2.95,25.23,0.00
2020-09-03,35.6,22.8,29.2,38,3.28,25.36,0.00
2020-09-04,35.9,21.2,28.8,41,2.31,24.08,0.00
2020-09-05,36.7,22.7,29.8,44,2.70,24.20,0.00
2020-09-06,36.2,24.4,30.0,42,2.51,24.76,0.00
2020-09-07,37.2,23.2,29.9,38,2.42,22.98,0.00
2020-09-08,36.9,23.7,29.9,43,2.86,23.62,0.00
2020-09-09,36.6,23.9,30.0,45,3.17,22.85,0.00
2020-09-10,37.1,23.9,30.1,47,2.59,23.69,0.00
2020-09-11,36.5,23.5,30.0,50,2.30,21.66,0.00
2020-09-12,36.6,24.1,30.0,48,2.16,22.80,0.00
2020-09-13,35.3,23.1,29.0,46,2.83,21.48,0.10
2020-09-14,37.1,24.1,30.3,38,3.09,23.90,0.00
2020-09-15,37.1,24.1,30.6,33,3.43,21.91,0.00
2020-09-16,36.9,23.3,30.1,39,3.10,23.74,0.00
2020-09-17,36.7,24.1,30.3,47,2.75,23.37,0.00
2020-09-18,34.9,24.5,30.0,54,2.66,22.07,0.10
2020-09-19,35.7,25.1,30.5,55,2.57,22.40,0.00
2020-09-20,35.3,25.9,30.4,54,2.80,20.84,0.10
2020-09-21,35.2,25.8,30.3,57,2.77,20.65,0.10
2020-09-22,34.9,25.5,30.2,58,2.56,20.76,0.10
2020-09-23,35.1,25.4,30.4,58,1.43,21.26,0.50
2020-09-24,37.1,25.8,31.0,53,2.25,22.31,0.60
2020-09-25,32.7,26.2,29.3,58,2.38,18.60,0.90
2020-09-26,33.3,25.5,29.1,59,1.92,18.23,0.70
2020-09-27,35.1,25.1,29.9,55,1.77,20.73,0.10
2020-09-28,36.2,24.5,30.4,51,2.05,22.55,0.00
2020-09-29,36.2,25.2,30.5,51,2.78,21.68,0.00
2020-09-30,35.2,25.2,30.2,55,2.51,20.24,0.10
2020-10-01,35.6,24.5,29.9,50,2.03,22.72,0.00
2020-10-02,36.5,25.2,30.6,48,1.98,22.94,0.10
2020-10-03,36.0,25.4,30.7,50,1.95,22.41,0.00
2020-10-04,35.7,25.8,30.7,51,2.19,21.52,0.00
2020-10-05,34.6,25.9,30.4,54,2.68,21.41,0.10
2020-10-06,36.4,25.4,30.6,54,2.79,19.76,0.10
2020-10-07,37.1,25.2,30.9,46,2.83,23.02,0.00
2020-10-08,37.2,25.6,31.0,44,2.39,23.17,0.00
2020-10-09,36.2,25.6,30.9,48,2.97,23.14,0.00
2020-10-10,36.1,26.3,31.0,50,1.77,23.49,0.10
2020-10-11,31.3,25.6,28.2,64,1.72,16.84,0.70
2020-10-12,32.4,24.1,27.7,74,1.27,21.25,0.20
2020-10-13,32.5,24.4,28.3,67,1.68,19.36,0.30
2020-10-14,33.4,24.4,28.5,63,2.37,20.17,0.20
2020-10-15,34.8,23.7,29.2,60,2.30,22.20,0.00
2020-10-16,33.7,24.3,29.0,62,1.94,19.27,0.00
2020-10-17,34.9,25.2,29.6,60,2.27,19.67,0.00
2020-10-18,34.8,24.8,29.4,58,2.71,21.24,0.10
2020-10-19,35.0,24.9,29.5,61,2.66,21.31,0.00
2020-10-20,34.9,25.3,29.8,59,1.94,20.30,0.10
2020-10-21,36.2,25.8,30.6,55,2.00,23.15,0.10
2020-10-22,34.9,26.3,30.6,53,2.42,22.02,0.50
2020-10-23,32.6,26.0,28.7,68,1.91,15.31,2.90
2020-10-24,33.4,24.5,28.2,70,1.85,20.90,3.70
2020-10-25,32.0,23.8,27.8,75,0.71,19.32,0.70
2020-10-26,33.9,24.9,28.5,72,1.43,22.04,3.60
2020-10-27,30.3,24.1,26.7,80,1.93,12.94,2.80
2020-10-28,33.1,23.5,28.3,72,1.55,22.59,0.10
2020-10-29,33.9,25.1,29.2,69,1.51,22.26,0.60
2020-10-30,30.7,24.9,27.1,79,1.40,10.83,2.20
2020-10-31,35.1,24.4,29.0,68,1.78,22.94,0.50
2020-11-01,33.7,25.3,29.3,66,1.48,20.81,0.10
2020-11-02,28.0,24.7,26.0,82,1.59,9.13,13.80
2020-11-03,25.6,23.5,24.2,91,1.28,4.99,88.00
2020-11-04,32.0,23.1,27.0,77,1.74,19.55,0.80
2020-11-05,30.3,24.5,26.8,80,1.77,16.16,28.40
2020-11-06,27.3,23.0,24.8,90,1.02,7.66,26.60
2020-11-07,31.3,22.3,26.6,79,2.13,20.88,0.40
2020-11-08,32.3,24.0,27.8,74,2.52,20.39,0.70
2020-11-09,30.6,24.1,27.1,78,1.44,18.11,1.30
2020-11-10,30.9,24.0,27.3,77,1.50,19.05,3.20
2020-11-11,30.4,24.4,26.7,81,1.98,18.45,3.60
2020-11-12,30.8,23.7,26.9,77,1.80,18.40,0.30
2020-11-13,31.8,24.4,27.3,78,1.68,18.99,0.20
2020-11-14,33.4,24.3,28.3,74,1.55,21.91,0.10
2020-11-15,31.8,25.0,28.3,73,2.12,19.44,0.90
2020-11-16,31.1,24.8,26.9,81,1.33,15.22,9.80
2020-11-17,31.5,23.8,26.9,82,1.09,19.89,2.40
2020-11-18,30.8,24.3,27.1,81,1.24,18.86,5.80
2020-11-19,24.9,23.1,23.8,94,1.67,4.18,81.80
2020-11-20,29.8,21.6,25.9,80,1.47,17.42,0.50
2020-11-21,31.8,23.4,27.4,75,1.26,21.92,0.70
2020-11-22,27.9,24.5,25.9,84,0.78,10.74,4.30
2020-11-23,30.3,23.7,25.9,84,1.25,18.58,10.90
2020-11-24,31.8,23.2,26.8,79,2.22,18.67,1.50
2020-11-25,31.8,24.1,27.5,71,2.53,21.00,0.20
2020-11-26,30.7,23.2,26.5,79,1.43,16.35,1.50
2020-11-27,29.6,24.4,26.8,80,1.16,13.04,0.10
2020-11-28,31.2,24.1,27.0,77,1.55,16.74,0.60
2020-11-29,31.8,23.3,27.2,70,2.31,20.39,0.00
2020-11-30,30.4,23.7,26.7,78,1.33,16.75,0.30
2020-12-01,32.8,23.4,27.7,75,1.65,22.75,0.20
2020-12-02,31.2,23.9,27.2,77,2.21,18.40,0.40
2020-12-03,30.8,24.1,27.1,78,2.22,17.46,0.30
2020-12-04,32.3,23.2,27.6,76,1.79,20.86,0.40
2020-12-05,32.0,24.6,27.6,78,1.23,19.37,0.60
2020-12-06,30.8,24.3,27.4,78,1.75,18.92,0.70
2020-12-07,31.0,24.0,27.4,77,1.38,18.90,12.30
2020-12-08,28.6,23.3,25.7,86,0.93,14.97,7.10
2020-12-09,29.7,23.4,25.9,84,1.43,18.09,11.40
2020-12-10,29.1,23.7,25.9,84,1.26,14.63,3.70
2020-12-11,31.0,23.4,27.0,80,1.52,20.27,0.50
2020-12-12,30.4,23.8,26.8,82,1.25,18.12,4.20
2020-12-13,30.6,23.9,27.1,81,1.35,19.08,0.80
2020-12-14,27.6,24.2,25.2,89,1.49,11.52,18.80
2020-12-15,29.7,23.3,26.1,84,1.63,16.99,4.00
2020-12-16,30.2,24.0,26.1,84,1.31,15.66,9.00
2020-12-17,31.1,23.4,26.4,83,1.32,18.13,2.40
2020-12-18,29.9,23.4,26.2,82,1.51,17.59,1.40
2020-12-19,30.0,23.2,26.7,81,1.34,18.37,1.30
2020-12-20,28.4,23.7,25.5,88,1.29,13.49,10.80
2020-12-21,29.6,23.2,25.8,86,1.18,15.96,4.20
2020-12-22,30.9,23.6,26.9,81,0.95,21.16,0.70
2020-12-23,29.9,23.4,26.4,83,1.20,16.73,0.70
2020-12-24,29.1,23.4,25.6,86,1.06,16.14,11.50
2020-12-25,29.2,23.0,25.6,86,1.57,16.11,11.60
2020-12-26,29.6,23.7,25.6,84,1.54,16.53,4.70
2020-12-27,31.1,23.3,26.2,84,1.00,20.87,2.10
2020-12-28,30.9,23.1,26.8,80,1.64,21.40,1.10
2020-12-29,30.8,22.8,26.7,79,1.36,21.51,0.60
2020-12-30,31.2,23.7,26.8,81,1.43,18.50,0.20
2020-12-31,30.7,23.9,26.2,84,1.25,19.25,5.50
